company,symbol,exchange,publishedAt,type,headline,summary,url
Suprajit Engineering Limited,SUPRAJIT,NSE,2026-11-07T00:00:00,upcoming event,Financial Results,,
Bosch Limited,BOSCHLTD,NSE,2026-11-06T00:00:00,upcoming event,Financial Results/Other business matters,,
Cholamandalam Financial Holdings Limited,CHOLAHLDNG,NSE,2026-11-06T00:00:00,upcoming event,Financial Results,,
Coffee Day Enterprises Limited,COFFEEDAY,NSE,2026-11-06T00:00:00,upcoming event,Financial Results,,
Foseco India Limited,FOSECOIND,NSE,2026-11-06T00:00:00,upcoming event,Financial Results,,
Hindalco Industries Limited,HINDALCO,NSE,2026-11-06T00:00:00,upcoming event,Financial Results,,
KCP Limited,KCP,NSE,2026-11-06T00:00:00,upcoming event,Financial Results,,
Rain Industries Limited,RAIN,NSE,2026-11-06T00:00:00,upcoming event,Financial Results,,
TTK Prestige Limited,TTKPRESTIG,NSE,2026-11-06T00:00:00,upcoming event,Financial Results,,
Berger Paints (I) Limited,BERGEPAINT,NSE,2026-11-05T00:00:00,upcoming event,Financial Results,,
GUJARAT ENERGY LIMITED,GUJENERGY,NSE,2026-11-05T00:00:00,upcoming event,Financial Results,,
Insecticides (India) Limited,INSECTICID,NSE,2026-11-05T00:00:00,upcoming event,Financial Results/Other business matters,,
Mahindra & Mahindra Limited,M&M,NSE,2026-11-05T00:00:00,upcoming event,Financial Results/Other business matters,,
MphasiS Limited,MPHASIS,NSE,2026-11-05T00:00:00,upcoming event,Financial Results,,
Muthoot Capital Services Limited,MUTHOOTCAP,NSE,2026-11-05T00:00:00,upcoming event,Financial Results,,
Orient Paper & Industries Limited,ORIENTPPR,NSE,2026-11-05T00:00:00,upcoming event,Financial Results/Other business matters,,
Sai Life Sciences Limited,SAILIFE,NSE,2026-11-05T00:00:00,upcoming event,Financial Results,,
Praxis Home Retail Limited,PRAXIS,NSE,2026-11-05T00:00:00,upcoming event,Financial Results,,
BASF India Limited,BASF,NSE,2026-11-04T00:00:00,upcoming event,Financial Results,,
Cummins India Limited,CUMMINSIND,NSE,2026-11-04T00:00:00,upcoming event,Financial Results,,
Dabur India Limited,DABUR,NSE,2026-11-04T00:00:00,upcoming event,Financial Results/Dividend,,
Esab India Limited,ESABINDIA,NSE,2026-11-04T00:00:00,upcoming event,Financial Results/Dividend,,
Exide Industries Limited,EXIDEIND,NSE,2026-11-04T00:00:00,upcoming event,Financial Results,,
Kansai Nerolac Paints Limited,KANSAINER,NSE,2026-11-04T00:00:00,upcoming event,Financial Results,,
Dr. Lal Path Labs Ltd.,LALPATHLAB,NSE,2026-11-04T00:00:00,upcoming event,Financial Results/Other business matters,,
Mindteck (India) Limited,MINDTECK,NSE,2026-11-04T00:00:00,upcoming event,Financial Results/Other business matters,,
JM Financial Limited,JMFINANCIL,NSE,2026-11-04T00:00:00,upcoming event,Financial Results,,
RITES Limited,RITES,NSE,2026-11-04T00:00:00,upcoming event,Financial Results/Dividend,,
Endurance Technologies Limited,ENDURANCE,NSE,2026-11-03T00:00:00,upcoming event,Financial Results,,
Fractal Analytics Limited,FRACTAL,NSE,2026-11-03T00:00:00,upcoming event,Financial Results,,
Rane (Madras) Limited,RML,NSE,2026-11-03T00:00:00,upcoming event,Financial Results,,
Bajaj Finserv Limited,BAJAJFINSV,NSE,2026-11-03T00:00:00,upcoming event,Financial Results,,
Bajaj Holdings & Investment Limited,BAJAJHLDNG,NSE,2026-11-03T00:00:00,upcoming event,Financial Results,,
GSPL Transmission Limited,GSPLTRANS,NSE,2026-11-03T00:00:00,upcoming event,Financial Results,,
Arvee Laboratories (India) Limited,ARVEE,NSE,2026-11-03T00:00:00,upcoming event,Financial Results/Other business matters,,
Amara Raja Energy & Mobility Limited,ARE&M,NSE,2026-11-02T00:00:00,upcoming event,Financial Results/Dividend,,
Procter & Gamble Health Limited,PGHL,NSE,2026-11-02T00:00:00,upcoming event,Financial Results,,
TV Today Network Limited,TVTODAY,NSE,2026-11-02T00:00:00,upcoming event,Financial Results,,
Gujarat Narmada Valley Fertilizers and Chemicals Limited,GNFC,NSE,2026-11-02T00:00:00,upcoming event,Financial Results,,
Balmer Lawrie & Company Limited,BALMLAWRIE,NSE,2026-11-02T00:00:00,upcoming event,Financial Results/Other business matters,,
Marico Limited,MARICO,NSE,2026-11-02T00:00:00,upcoming event,Financial Results,,
Latent View Analytics Limited,LATENTVIEW,NSE,2026-10-31T00:00:00,upcoming event,Financial Results,,
PAKKA LIMITED,PAKKA,NSE,2026-10-31T00:00:00,upcoming event,Financial Results/Other business matters,,
D-Link (India) Limited,DLINKINDIA,NSE,2026-10-31T00:00:00,upcoming event,Financial Results/Other business matters,,
Aurionpro Solutions Limited,AURIONPRO,NSE,2026-10-31T00:00:00,upcoming event,Financial Results,,
Navin Fluorine International Limited,NAVINFLUOR,NSE,2026-10-30T00:00:00,upcoming event,Financial Results/Dividend,,
Smartworks Coworking Spaces Limited,SMARTWORKS,NSE,2026-10-30T00:00:00,upcoming event,Financial Results,,
Bharat Gears Limited,BHARATGEAR,NSE,2026-10-30T00:00:00,upcoming event,Financial Results,,
Globus Spirits Limited,GLOBUSSPR,NSE,2026-10-30T00:00:00,upcoming event,Financial Results,,
Shree Renuka Sugars Limited,RENUKA,NSE,2026-10-30T00:00:00,upcoming event,Financial Results,,
Blue Star Limited,BLUESTARCO,NSE,2026-10-29T00:00:00,upcoming event,Financial Results,,
Computer Age Management Services Limited,CAMS,NSE,2026-10-29T00:00:00,upcoming event,Financial Results/Dividend,,
Indegene Limited,INDGN,NSE,2026-10-29T00:00:00,upcoming event,Financial Results/Other business matters,,
NOCIL Limited,NOCIL,NSE,2026-10-29T00:00:00,upcoming event,Financial Results,,
Apar Industries Limited,APARINDS,NSE,2026-10-29T00:00:00,upcoming event,Financial Results,,
Asian Paints Limited,ASIANPAINT,NSE,2026-10-29T00:00:00,upcoming event,Financial Results/Dividend,,
Godrej Consumer Products Limited,GODREJCP,NSE,2026-10-29T00:00:00,upcoming event,Financial Results/Dividend,,
Trent Limited,TRENT,NSE,2026-10-29T00:00:00,upcoming event,Financial Results,,
Suryoday Small Finance Bank Limited,SURYODAY,NSE,2026-10-29T00:00:00,upcoming event,Financial Results,,
Ambuja Cements Limited,AMBUJACEM,NSE,2026-10-29T00:00:00,upcoming event,Financial Results,,
Timken India Limited,TIMKEN,NSE,2026-10-29T00:00:00,upcoming event,Financial Results,,
DPSC Limited,DPSCLTD,NSE,2026-10-29T00:00:00,upcoming event,Financial Results/Other business matters,,
ICRA Limited,ICRA,NSE,2026-10-29T00:00:00,upcoming event,Financial Results,,
Anant Raj Limited,ANANTRAJ,NSE,2026-10-28T00:00:00,upcoming event,Financial Results,,
Adani Ports and Special Economic Zone Limited,ADANIPORTS,NSE,2026-10-28T00:00:00,upcoming event,Financial Results,,
R. S. Software (India) Limited,RSSOFTWARE,NSE,2026-10-28T00:00:00,upcoming event,Financial Results/Other business matters,,
Bajaj Electricals Limited,BAJAJELEC,NSE,2026-10-28T00:00:00,upcoming event,Financial Results,,
Hindustan Unilever Limited,HINDUNILVR,NSE,2026-10-28T00:00:00,upcoming event,Financial Results/Dividend,,
Zensar Technologies Limited,ZENSARTECH,NSE,2026-10-28T00:00:00,upcoming event,Financial Results,,
Smartlink Holdings Limited,SMARTLINK,NSE,2026-10-28T00:00:00,upcoming event,Financial Results,,
Cholamandalam Investment and Finance Company Limited,CHOLAFIN,NSE,2026-10-28T00:00:00,upcoming event,Financial Results,,
Aarti Pharmalabs Limited,AARTIPHARM,NSE,2026-10-28T00:00:00,upcoming event,Financial Results,,
City Union Bank Limited,CUB,NSE,2026-10-28T00:00:00,upcoming event,Financial Results,,
Pidilite Industries Limited,PIDILITIND,NSE,2026-10-28T00:00:00,upcoming event,Financial Results,,
Bharat Bijlee Limited,BBL,NSE,2026-10-27T00:00:00,upcoming event,Financial Results,,
Max Financial Services Limited,MFSL,NSE,2026-10-27T00:00:00,upcoming event,Financial Results,,
Star Health and Allied Insurance Company Limited,STARHEALTH,NSE,2026-10-27T00:00:00,upcoming event,Financial Results,,
Cipla Limited,CIPLA,NSE,2026-10-27T00:00:00,upcoming event,Financial Results,,
Medplus Health Services Limited,MEDPLUS,NSE,2026-10-27T00:00:00,upcoming event,Financial Results,,
Honeywell Automation India Limited,HONAUT,NSE,2026-10-27T00:00:00,upcoming event,Financial Results,,
Indus Towers Limited,INDUSTOWER,NSE,2026-10-27T00:00:00,upcoming event,Financial Results,,
United Breweries Limited,UBL,NSE,2026-10-27T00:00:00,upcoming event,Financial Results,,
Manba Finance Limited,MANBA,NSE,2026-10-27T00:00:00,upcoming event,Financial Results/Dividend,,
Bajaj Auto Limited,BAJAJ-AUTO,NSE,2026-10-27T00:00:00,upcoming event,Financial Results,,
Radico Khaitan Limited,RADICO,NSE,2026-10-27T00:00:00,upcoming event,Financial Results,,
Maruti Suzuki India Limited,MARUTI,NSE,2026-10-27T00:00:00,upcoming event,Financial Results,,
Syngene International Limited,SYNGENE,NSE,2026-10-27T00:00:00,upcoming event,Financial Results,,
ACC Limited,ACC,NSE,2026-10-27T00:00:00,upcoming event,Financial Results,,
Kfin Technologies Limited,KFINTECH,NSE,2026-10-26T00:00:00,upcoming event,Financial Results,,
WeWork India Management Limited,WEWORK,NSE,2026-10-26T00:00:00,upcoming event,Financial Results/Other business matters,,
Sumitomo Chemical India Limited,SUMICHEM,NSE,2026-10-26T00:00:00,upcoming event,Financial Results,,
Avantel Limited,AVANTEL,NSE,2026-10-26T00:00:00,upcoming event,Financial Results,,
New Delhi Television Limited,NDTV,NSE,2026-10-26T00:00:00,upcoming event,Financial Results,,
Mankind Pharma Limited,MANKIND,NSE,2026-10-26T00:00:00,upcoming event,Financial Results,,
Sona BLW Precision Forgings Limited,SONACOMS,NSE,2026-10-26T00:00:00,upcoming event,Financial Results,,
Tamilnad Mercantile Bank Limited,TMB,NSE,2026-10-26T00:00:00,upcoming event,Financial Results,,
SBFC Finance Limited,SBFC,NSE,2026-10-24T00:00:00,upcoming event,Financial Results,,
IDFC First Bank Limited,IDFCFIRSTB,NSE,2026-10-24T00:00:00,upcoming event,Financial Results,,
Castrol India Limited,CASTROLIND,NSE,2026-10-24T00:00:00,upcoming event,Financial Results,,
JK Cement Limited,JKCEMENT,NSE,2026-10-24T00:00:00,upcoming event,Financial Results/Other business matters,,
Kotak Mahindra Bank Limited,KOTAKBANK,NSE,2026-10-24T00:00:00,upcoming event,Financial Results,,
Seshasayee Paper and Boards Limited,SESHAPAPER,NSE,2026-10-24T00:00:00,upcoming event,Financial Results,,
Coforge Limited,COFORGE,NSE,2026-10-23T00:00:00,upcoming event,Financial Results,,
Dr. Reddy's Laboratories Limited,DRREDDY,NSE,2026-10-23T00:00:00,upcoming event,Financial Results,,
Infosys Limited,INFY,NSE,2026-10-23T00:00:00,upcoming event,Financial Results/Dividend,,
SHREE CEMENT LIMITED,SHREECEM,NSE,2026-10-23T00:00:00,upcoming event,Financial Results,,
Tata Motors Limited,TMCV,NSE,2026-10-23T00:00:00,upcoming event,Financial Results,,
UTI Asset Management Company Limited,UTIAMC,NSE,2026-10-23T00:00:00,upcoming event,Financial Results/Other business matters,,
Atul Limited,ATUL,NSE,2026-10-23T00:00:00,upcoming event,Financial Results,,
Adani Power Limited,ADANIPOWER,NSE,2026-10-23T00:00:00,upcoming event,Financial Results,,
JSW Steel Limited,JSWSTEEL,NSE,2026-10-23T00:00:00,upcoming event,Financial Results,,
Mahindra Logistics Limited,MAHLOG,NSE,2026-10-23T00:00:00,upcoming event,Financial Results/Other business matters,,
IndusInd Bank Limited,INDUSINDBK,NSE,2026-10-23T00:00:00,upcoming event,Financial Results,,
Crisil Limited,CRISIL,NSE,2026-10-23T00:00:00,upcoming event,Financial Results/Dividend,,
CSB Bank Limited,CSBBANK,NSE,2026-10-23T00:00:00,upcoming event,Financial Results,,
Godrej Properties Limited,GODREJPROP,NSE,2026-10-23T00:00:00,upcoming event,Financial Results,,
Steel Strips Wheels Limited,SSWL,NSE,2026-10-23T00:00:00,upcoming event,Financial Results/Dividend,,
WESTLIFE FOODWORLD LIMITED,WESTLIFE,NSE,2026-10-23T00:00:00,upcoming event,Financial Results,,
Sterlite Technologies Limited,STLTECH,NSE,2026-10-23T00:00:00,upcoming event,Financial Results,,
Torrent Pharmaceuticals Limited,TORNTPHARM,NSE,2026-10-23T00:00:00,upcoming event,Other business matters,,
Torrent Pharmaceuticals Limited,TORNTPHARM,NSE,2026-10-23T00:00:00,upcoming event,Financial Results,,
JINDAL STEEL LIMITED,JINDALSTEL,NSE,2026-10-23T00:00:00,upcoming event,Financial Results,,
Mastek Limited,MASTEK,NSE,2026-10-23T00:00:00,upcoming event,Financial Results,,
Ponni Sugars (Erode) Limited,PONNIERODE,NSE,2026-10-23T00:00:00,upcoming event,Financial Results,,
Shree Digvijay Cement Co.Ltd,SHREDIGCEM,NSE,2026-10-23T00:00:00,upcoming event,Financial Results,,
Jupiter Life Line Hospitals Limited,JLHL,NSE,2026-10-23T00:00:00,upcoming event,Financial Results,,
Nesco Limited,NESCO,NSE,2026-10-23T00:00:00,upcoming event,Financial Results,,
Tree House Education & Accessories Limited,TREEHOUSE,NSE,2026-10-23T00:00:00,upcoming event,Financial Results,,
CIE Automotive India Limited,CIEINDIA,NSE,2026-10-22T00:00:00,upcoming event,Financial Results,,
Mahindra Lifespace Developers Limited,MAHLIFE,NSE,2026-10-22T00:00:00,upcoming event,Financial Results/Other business matters,,
Nuvoco Vistas Corporation Limited,NUVOCO,NSE,2026-10-22T00:00:00,upcoming event,Financial Results,,
Adani Total Gas Limited,ATGL,NSE,2026-10-22T00:00:00,upcoming event,Financial Results,,
Adani Energy Solutions Limited,ADANIENSOL,NSE,2026-10-22T00:00:00,upcoming event,Financial Results,,
Maharashtra Scooters Limited,MAHSCOOTER,NSE,2026-10-22T00:00:00,upcoming event,Financial Results,,
Cyient Limited,CYIENT,NSE,2026-10-22T00:00:00,upcoming event,Financial Results/Dividend,,
Swiggy Limited,SWIGGY,NSE,2026-10-22T00:00:00,upcoming event,Financial Results,,
Havells India Limited,HAVELLS,NSE,2026-10-22T00:00:00,upcoming event,Financial Results,,
Pitti Engineering Limited,PITTIENG,NSE,2026-10-22T00:00:00,upcoming event,Financial Results/Dividend,,
Orient Cement Limited,ORIENTCEM,NSE,2026-10-22T00:00:00,upcoming event,Financial Results,,
Rallis India Limited,RALLIS,NSE,2026-10-22T00:00:00,upcoming event,Financial Results,,
Mahindra & Mahindra Financial Services Limited,M&MFIN,NSE,2026-10-21T00:00:00,upcoming event,Financial Results,,
Mahindra Holidays & Resorts India Limited,MHRIL,NSE,2026-10-21T00:00:00,upcoming event,Financial Results,,
LMW Limited,LMW,NSE,2026-10-21T00:00:00,upcoming event,Financial Results,,
UltraTech Cement Limited,ULTRACEMCO,NSE,2026-10-19T00:00:00,upcoming event,Financial Results,,
L&T Technology Services Limited,LTTS,NSE,2026-10-19T00:00:00,upcoming event,Financial Results/Dividend,,
SML Mahindra Limited,SMLMAH,NSE,2026-10-19T00:00:00,upcoming event,Financial Results,,
Elevate Campuses Limited,ELEVATE,NSE,2026-10-19T00:00:00,upcoming event,Financial Results,,
Bajaj Finance Limited,BAJFINANCE,NSE,2026-10-19T00:00:00,upcoming event,Financial Results,,
Jaiprakash Power Ventures Limited,JPPOWER,NSE,2026-10-19T00:00:00,upcoming event,Financial Results,,
AksharChem India Limited,AKSHARCHEM,NSE,2026-10-19T00:00:00,upcoming event,Financial Results,,
The India Cements Limited,INDIACEM,NSE,2026-10-17T00:00:00,upcoming event,Financial Results,,
Axis Bank Limited,AXISBANK,NSE,2026-10-17T00:00:00,upcoming event,Financial Results,,
HDFC Bank Limited,HDFCBANK,NSE,2026-10-17T00:00:00,upcoming event,Financial Results,,
ICICI Bank Limited,ICICIBANK,NSE,2026-10-17T00:00:00,upcoming event,Financial Results,,
Yes Bank Limited,YESBANK,NSE,2026-10-17T00:00:00,upcoming event,Financial Results,,
Bajaj Healthcare Limited,BAJAJHCARE,NSE,2026-10-17T00:00:00,upcoming event,Financial Results,,
Rossari Biotech Limited,ROSSARI,NSE,2026-10-17T00:00:00,upcoming event,Financial Results,,
TGB Banquets And Hotels Limited,TGBHOTELS,NSE,2026-10-17T00:00:00,upcoming event,Financial Results/Other business matters,,
Bajaj Housing Finance Limited,BAJAJHFL,NSE,2026-10-16T00:00:00,upcoming event,Financial Results,,
Crompton Greaves Consumer Electricals Limited,CROMPTON,NSE,2026-10-16T00:00:00,upcoming event,Financial Results,,
The Federal Bank  Limited,FEDERALBNK,NSE,2026-10-16T00:00:00,upcoming event,Financial Results,,
Ujjivan Small Finance Bank Limited,UJJIVANSFB,NSE,2026-10-16T00:00:00,upcoming event,Financial Results,,
Jayaswal Neco Industries Limited,JAYNECOIND,NSE,2026-10-16T00:00:00,upcoming event,Financial Results/Other business matters,,
LTM Limited,LTM,NSE,2026-10-16T00:00:00,upcoming event,Financial Results/Dividend,,
Paushak Limited,PAUSHAKLTD,NSE,2026-10-16T00:00:00,upcoming event,Financial Results/Other business matters,,
SG Finserve Limited,SGFIN,NSE,2026-10-16T00:00:00,upcoming event,Financial Results,,
Shoppers Stop Limited,SHOPERSTOP,NSE,2026-10-16T00:00:00,upcoming event,Financial Results/Other business matters,,
Himadri Speciality Chemical Limited,HSCL,NSE,2026-10-16T00:00:00,upcoming event,Financial Results,,
Jindal Saw Limited,JINDALSAW,NSE,2026-10-16T00:00:00,upcoming event,Financial Results,,
Raghav Productivity Enhancers Limited,RPEL,NSE,2026-10-16T00:00:00,upcoming event,Financial Results,,
Aurum PropTech Limited,AURUM,NSE,2026-10-16T00:00:00,upcoming event,Financial Results,,
Indo Rama Synthetics (India) Limited,INDORAMA,NSE,2026-10-16T00:00:00,upcoming event,Financial Results,,
MODISON LIMITED,MODISONLTD,NSE,2026-10-16T00:00:00,upcoming event,Financial Results,,
Oberoi Realty Limited,OBEROIRLTY,NSE,2026-10-16T00:00:00,upcoming event,Financial Results/Dividend,,
Onward Technologies Limited,ONWARDTEC,NSE,2026-10-16T00:00:00,upcoming event,Financial Results,,
Solara Active Pharma Sciences Limited,SOLARA,NSE,2026-10-16T00:00:00,upcoming event,Financial Results,,
Tiger Logistics (India) Limited,TIGERLOGS,NSE,2026-10-16T00:00:00,upcoming event,Financial Results/Other business matters,,
Urban Company Limited,URBANCO,NSE,2026-10-16T00:00:00,upcoming event,Financial Results,,
Angel One Limited,ANGELONE,NSE,2026-10-15T00:00:00,upcoming event,Financial Results,,
HDFC Asset Management Company Limited,HDFCAMC,NSE,2026-10-15T00:00:00,upcoming event,Financial Results,,
Karur Vysya Bank Limited,KARURVYSYA,NSE,2026-10-15T00:00:00,upcoming event,Financial Results,,
Nestle India Limited,NESTLEIND,NSE,2026-10-15T00:00:00,upcoming event,Financial Results,,
HDFC Life Insurance Company Limited,HDFCLIFE,NSE,2026-10-15T00:00:00,upcoming event,Financial Results/Fund Raising,,
Tech Mahindra Limited,TECHM,NSE,2026-10-15T00:00:00,upcoming event,Financial Results/Dividend/Bonus/Other business matters,,
L&T Finance Limited,LTF,NSE,2026-10-15T00:00:00,upcoming event,Financial Results,,
The South Indian Bank Limited,SOUTHBANK,NSE,2026-10-15T00:00:00,upcoming event,Financial Results,,
Cyient DLM Limited,CYIENTDLM,NSE,2026-10-15T00:00:00,upcoming event,Financial Results,,
Wipro Limited,WIPRO,NSE,2026-10-15T00:00:00,upcoming event,Financial Results,,
Angel One Limited,ANGELONE,NSE,2026-10-15T00:00:00,upcoming event,Dividend,,
Butterfly Gandhimathi Appliances Limited,BUTTERFLY,NSE,2026-10-15T00:00:00,upcoming event,Financial Results,,
Polycab India Limited,POLYCAB,NSE,2026-10-15T00:00:00,upcoming event,Financial Results,,
Heritage Foods Limited,HERITGFOOD,NSE,2026-10-15T00:00:00,upcoming event,Financial Results,,
Orient Electric Limited,ORIENTELEC,NSE,2026-10-15T00:00:00,upcoming event,Financial Results,,
360 ONE WAM LIMITED,360ONE,NSE,2026-10-15T00:00:00,upcoming event,Financial Results/Dividend,,
IIFL Finance Limited,IIFL,NSE,2026-10-15T00:00:00,upcoming event,Financial Results,,
Indian Railway Finance Corporation Limited,IRFC,NSE,2026-10-15T00:00:00,upcoming event,Financial Results/Dividend,,
Kabra Extrusion Technik Limited,KABRAEXTRU,NSE,2026-10-15T00:00:00,upcoming event,Financial Results/Other business matters,,
Mahindra EPC Irrigation Limited,MAHEPC,NSE,2026-10-15T00:00:00,upcoming event,Financial Results,,
Persistent Systems Limited,PERSISTENT,NSE,2026-10-15T00:00:00,upcoming event,Financial Results/Other business matters,,
Alok Industries Limited,ALOKINDS,NSE,2026-10-15T00:00:00,upcoming event,Financial Results,,
CCL Products (India) Limited,CCL,NSE,2026-10-15T00:00:00,upcoming event,Financial Results,,
D.B.Corp Limited,DBCORP,NSE,2026-10-15T00:00:00,upcoming event,Financial Results,,
Jio Financial Services Limited,JIOFIN,NSE,2026-10-15T00:00:00,upcoming event,Financial Results,,
Oriental Hotels Limited,ORIENTHOT,NSE,2026-10-15T00:00:00,upcoming event,Financial Results/Other business matters,,
Sterling and Wilson Renewable Energy Limited,SWSOLAR,NSE,2026-10-15T00:00:00,upcoming event,Financial Results,,
Tata Communications Limited,TATACOMM,NSE,2026-10-15T00:00:00,upcoming event,Financial Results,,
Metro Brands Limited,METROBRAND,NSE,2026-10-15T00:00:00,upcoming event,Financial Results/Other business matters,,
Tips Music Limited,TIPSMUSIC,NSE,2026-10-15T00:00:00,upcoming event,Financial Results/Dividend,,
5Paisa Capital Limited,5PAISA,NSE,2026-10-15T00:00:00,upcoming event,Financial Results/Other business matters,,
Fedbank Financial Services Limited,FEDFINA,NSE,2026-10-15T00:00:00,upcoming event,Financial Results,,
Tata Technologies Limited,TATATECH,NSE,2026-10-14T00:00:00,upcoming event,Financial Results,,
CEAT Limited,CEATLTD,NSE,2026-10-14T00:00:00,upcoming event,Financial Results/Other business matters,,
HDB Financial Services Limited,HDBFS,NSE,2026-10-14T00:00:00,upcoming event,Financial Results,,
ICICI Lombard General Insurance Company Limited,ICICIGI,NSE,2026-10-14T00:00:00,upcoming event,Financial Results/Dividend,,
Bharat Heavy Electricals Limited,BHEL,NSE,2026-10-14T00:00:00,upcoming event,Financial Results,,
Elecon Engineering Company Limited,ELECON,NSE,2026-10-14T00:00:00,upcoming event,Financial Results/Dividend/Other business matters,,
Debock Industries Limited,DIL,NSE,2026-10-14T00:00:00,upcoming event,Financial Results/Other business matters,,
Aditya Birla Money Limited,BIRLAMONEY,NSE,2026-10-14T00:00:00,upcoming event,Financial Results,,
Mangalore Refinery and Petrochemicals Limited,MRPL,NSE,2026-10-14T00:00:00,upcoming event,Financial Results,,
Viji Finance Limited,VIJIFIN,NSE,2026-10-14T00:00:00,upcoming event,Financial Results/Other business matters,,
Bajaj Consumer Care Limited,BAJAJCON,NSE,2026-10-14T00:00:00,upcoming event,Financial Results,,
Emmvee Photovoltaic Power Limited,EMMVEE,NSE,2026-10-14T00:00:00,upcoming event,Financial Results,,
Billionbrains Garage Ventures Limited,GROWW,NSE,2026-10-14T00:00:00,upcoming event,Financial Results,,
Hathway Cable & Datacom Limited,HATHWAY,NSE,2026-10-14T00:00:00,upcoming event,Financial Results,,
HDB Financial Services Limited,HDBFS,NSE,2026-10-14T00:00:00,upcoming event,Dividend,,
Reliance Industrial Infrastructure Limited,RIIL,NSE,2026-10-14T00:00:00,upcoming event,Financial Results,,
Mangalore Refinery and Petrochemicals Limited,MRPL,NSE,2026-10-14T00:00:00,upcoming event,Financial Results/Dividend,,
Leela Palaces Hotels & Resorts Limited,THELEELA,NSE,2026-10-14T00:00:00,upcoming event,Financial Results,,
Canara Bank,CANBK,NSE,2026-10-14T00:00:00,upcoming event,Financial Results,,
Cubex Tubings Limited,CUBEXTUB,NSE,2026-10-14T00:00:00,upcoming event,Fund Raising/Other business matters,,
Highway Infrastructure Limited,HILINFRA,NSE,2026-10-14T00:00:00,upcoming event,Fund Raising/Other business matters,,
Lloyds Metals And Energy Limited,LLOYDSME,NSE,2026-10-14T00:00:00,upcoming event,Fund Raising,,
SMC Global Securities Limited,SMCGLOBAL,NSE,2026-10-14T00:00:00,upcoming event,Fund Raising,,
Sonaselection India Limited,SONA,NSE,2026-10-14T00:00:00,upcoming event,Financial Results,,
The State Trading Corporation of India Limited,STCINDIA,NSE,2026-10-13T00:00:00,upcoming event,Financial Results/Other business matters,,
ICICI Prudential Life Insurance Company Limited,ICICIPRULI,NSE,2026-10-13T00:00:00,upcoming event,Financial Results,,
Anlon Healthcare Limited,AHCL,NSE,2026-10-13T00:00:00,upcoming event,Fund Raising/Other business matters,,
Eimco Elecon (India) Limited,EIMCOELECO,NSE,2026-10-13T00:00:00,upcoming event,Financial Results/Other business matters,,
Den Networks Limited,DEN,NSE,2026-10-13T00:00:00,upcoming event,Financial Results,,
GTPL Hathway Limited,GTPL,NSE,2026-10-13T00:00:00,upcoming event,Financial Results,,
SS Retail Limited,SSRETAIL,NSE,2026-10-13T00:00:00,upcoming event,Financial Results,,
Transformers And Rectifiers (India) Limited,TARIL,NSE,2026-10-13T00:00:00,upcoming event,Financial Results/Other business matters,,
Tata Elxsi Limited,TATAELXSI,NSE,2026-10-13T00:00:00,upcoming event,Financial Results,,
PNB Gilts Limited,PNBGILTS,NSE,2026-10-13T00:00:00,upcoming event,Financial Results,,
Hero Motors Limited,HEROMOTORS,NSE,2026-10-13T00:00:00,upcoming event,Financial Results,,
Shalibhadra Finance Limited,SAHLIBHFI,NSE,2026-10-13T00:00:00,upcoming event,Fund Raising,,
Texmo Pipes and Products Limited,TEXMOPIPES,NSE,2026-10-13T00:00:00,upcoming event,Other business matters,,
TRF Limited,TRF,NSE,2026-10-13T00:00:00,upcoming event,Financial Results/Other business matters,,
Anand Rathi Share and Stock Brokers Limited,ARSSBL,NSE,2026-10-13T00:00:00,upcoming event,Financial Results/Other business matters,,
Sejal Glass Limited,SEJALLTD,NSE,2026-10-13T00:00:00,upcoming event,Financial Results,,
Talwalkars Better Value Fitness Limited,TALWALKARS,NSE,2026-10-13T00:00:00,upcoming event,Financial Results/Other business matters,,
HCL Technologies Limited,HCLTECH,NSE,2026-10-12T00:00:00,upcoming event,Financial Results/Dividend,,
ICICI Prudential Asset Management Company Limited,ICICIAMC,NSE,2026-10-12T00:00:00,upcoming event,Financial Results/Dividend,,
Plastiblends India Limited,PLASTIBLEN,NSE,2026-10-12T00:00:00,upcoming event,Financial Results,,
Hindustan Composites Limited,HINDCOMPOS,NSE,2026-10-12T00:00:00,upcoming event,Dividend,,
Swaraj Engines Limited,SWARAJENG,NSE,2026-10-12T00:00:00,upcoming event,Financial Results,,
Gujarat State Fertilizers & Chemicals Limited,GSFC,NSE,2026-10-12T00:00:00,upcoming event,Financial Results,,
Adroit Industries (India) Limited,ADROITIND,NSE,2026-10-12T00:00:00,upcoming event,Financial Results,,
Agri-Tech (India) Limited,AGRITECH,NSE,2026-10-12T00:00:00,upcoming event,Financial Results,,
Alkali Metals Limited,ALKALI,NSE,2026-10-12T00:00:00,upcoming event,Financial Results/Other business matters,,
Gradiente Infotainment Limited,GRADIENTE,NSE,2026-10-12T00:00:00,upcoming event,Financial Results/Fund Raising,,
Nexus Select Trust,NXST,NSE,2026-10-12T00:00:00,upcoming event,Fund Raising,,
RBL Bank Limited,RBLBANK,NSE,2026-10-12T00:00:00,upcoming event,Financial Results,,
Gujarat State Fertilizers & Chemicals Limited,GSFC,NSE,2026-10-12T00:00:00,upcoming event,Board meeting Rescheduled,,
Dhruv Consultancy Services Limited,DHRUV,NSE,2026-10-12T00:00:00,upcoming event,Other business matters,,
Swan Defence and Heavy Industries Limited,SWANDEF,NSE,2026-10-12T00:00:00,upcoming event,Financial Results,,
UMIYA BUILDCON LIMITED,UMIYA-MRO,NSE,2026-10-12T00:00:00,upcoming event,Financial Results,,
Jubilant Pharmova Limited,JUBLPHARMA,NSE,2026-10-12T00:00:00,upcoming event,Fund Raising,,
Pace Digitek Limited,PACEDIGITK,NSE,2026-10-12T00:00:00,upcoming event,Fund Raising,,
Sun Pharmaceutical Industries Limited,SUNPHARMA,NSE,2026-10-12T00:00:00,upcoming event,Other business matters,,
Kotyark Industries Limited,KOTYARK,NSE,2026-10-12T00:00:00,upcoming event,Fund Raising/Other business matters,,
Avenue Supermarts Limited,DMART,NSE,2026-10-10T00:00:00,upcoming event,Financial Results,,
Premier Polyfilm Limited,PREMIERPOL,NSE,2026-10-10T00:00:00,upcoming event,Financial Results,,
Viviana Power Tech Limited,VIVIANA,NSE,2026-10-10T00:00:00,upcoming event,Fund Raising/Other business matters,,
Akme Fintrade (India) Limited,AFIL,NSE,2026-10-10T00:00:00,upcoming event,Fund Raising,,
Tech Mahindra Limited,TECHM,NSE,2026-10-09T22:29:55,announcement,Sale or disposal,,https://nsearchives.nseindia.com/corporate/Apekshakhemka_09102026222936_LiquidationIntimation-LCC_poland_S.pdf
Bhartiya International Limited,BIL,NSE,2026-10-09T22:28:42,announcement,Change in Management,,https://nsearchives.nseindia.com/corporate/BIL_09102026222828_Intimation.pdf
Max Healthcare Institute Limited,MAXHEALTH,NSE,2026-10-09T22:24:39,announcement,Credit Rating,,https://nsearchives.nseindia.com/corporate/MAXHEALTH_09102026222417_SE_Intimation.pdf
Fedbank Financial Services Limited,FEDFINA,NSE,2026-10-09T22:22:50,announcement,Analysts/Institutional Investor Meet/Con. Call Updates,,https://nsearchives.nseindia.com/corporate/FEDFINA_09102026222235_Intimation_Earningcall_09102026.pdf
Fedbank Financial Services Limited,FEDFINA,NSE,2026-10-09T22:18:04,announcement,Resignation of Director/KMP/SMP,,https://nsearchives.nseindia.com/corporate/FEDFINA_ROID_100140_KMP_Doc.zip
Bank of Baroda,BANKBARODA,NSE,2026-10-09T22:15:42,announcement,General Updates,,https://nsearchives.nseindia.com/corporate/BANKBARODA_09102026221531_SEMCLR09102026.pdf
Tata Motors Limited,TMCV,NSE,2026-10-09T22:15:27,announcement,Press Release,,https://nsearchives.nseindia.com/corporate/TMLCOMMERCIAL_09102026220615_IVECOPROCT.pdf
Fedbank Financial Services Limited,FEDFINA,NSE,2026-10-09T22:14:11,announcement,Resignation,,https://nsearchives.nseindia.com/corporate/FEDFINA_09102026221354_SMP_Cessation_Intimation_-_09102026_Signed.pdf
Mayur Uniquoters Ltd,MAYURUNIQ,NSE,2026-10-09T22:10:47,announcement,Resignation,,https://nsearchives.nseindia.com/corporate/MAYURUNIQ_09102026220958_DSMPRSD.pdf
Ganesh Benzoplast Limited,GANESHBE,NSE,2026-10-09T22:00:00,announcement,"Certificate under SEBI (Depositories and Participants) Regulations, 2018",,https://nsearchives.nseindia.com/corporate/GANESHBE_09102026215946_Regulation74compliancecertifcate30092026.pdf
Seamec Limited,SEAMECLTD,NSE,2026-10-09T21:53:40,announcement,General Updates,,https://nsearchives.nseindia.com/corporate/SEAMECLTD_09102026215308_BSENSEDeploymentSEAMECPRINCESS09102026.pdf
Godrej Industries Limited,GODREJIND,NSE,2026-10-09T21:40:00,announcement,Credit Rating,,https://nsearchives.nseindia.com/corporate/Anupama_09102026213425_BSENSECRISILRATINGOCTOBER92026.pdf
Fractal Analytics Limited,FRACTAL,NSE,2026-10-09T21:37:59,announcement,General Updates,,https://nsearchives.nseindia.com/corporate/FRACTAL_09102026213524_NSEBSE.pdf
Aptech Limited,APTECHT,NSE,2026-10-09T21:32:53,announcement,Bagging/Receiving of orders/contracts,,https://nsearchives.nseindia.com/corporate/APTECHT_09102026213210_Disc-Reg30LODR-_Work_order_-09102026.pdf
NTPC Green Energy Limited,NTPCGREEN,NSE,2026-10-09T21:29:37,announcement,General Updates,,https://nsearchives.nseindia.com/corporate/gauravrai02_09102026212923_Disclosure09102026.pdf
Punjab National Bank,PNB,NSE,2026-10-09T21:26:44,announcement,Change in Director(s),,https://nsearchives.nseindia.com/corporate/pnb2_09102026212434_Intimation_Appointment_part_time_non_official_director_09102026.pdf
Hexaware Technologies Limited,HEXT,NSE,2026-10-09T21:21:22,announcement,Updates,,https://nsearchives.nseindia.com/corporate/HEXAWARETECH_09102026212105_Intimation_of_restated_trust_deed.pdf
Quality Power Electrical Equipments Limited,QPOWER,NSE,2026-10-09T21:19:35,announcement,Corrigendum,,https://nsearchives.nseindia.com/corporate/QPOWER1234_09102026211920_IntimationCorrigendumToEGMNotice091026Sign.pdf
Syrma SGS Technology Limited,SYRMA,NSE,2026-10-09T21:14:19,announcement,"Certificate under SEBI (Depositories and Participants) Regulations, 2018",,https://nsearchives.nseindia.com/corporate/SYRMASGS_09102026211402_Regulation76JSep2026SyrmaSGSSigned.pdf
Embassy Developments Limited,EMBDL,NSE,2026-10-09T21:03:02,announcement,Credit Rating- Revision,,https://nsearchives.nseindia.com/corporate/EMBDL_09102026205936_EDL_Credit_Rating_Intimation_09_10_2026.pdf
Bajel Projects Limited,BAJEL,NSE,2026-10-09T20:59:39,announcement,Press Release,,https://nsearchives.nseindia.com/corporate/BAJEL_09102026205922_Pressreleasefinalmergedsigned.pdf
DPSC Limited,DPSCLTD,NSE,2026-10-09T20:52:18,announcement,Corporate Insolvency Resolution Process,,https://nsearchives.nseindia.com/corporate/DPSCLTD_09102026205202_IntimationofManagement_BoardMeeting29102026.pdf
EPL Limited,EPL,NSE,2026-10-09T20:50:25,announcement,Resignation of Director/KMP/SMP,,https://nsearchives.nseindia.com/corporate/EPL_ROID_100133_KMP_Doc.zip
Waterways Leisure Tourism Limited,CORDELIA,NSE,2026-10-09T20:49:40,announcement,Analysts/Institutional Investor Meet/Con. Call Updates,,https://nsearchives.nseindia.com/corporate/CORDELIA_09102026204919_Initimation_Audio_Recording.pdf
Hexaware Technologies Limited,HEXT,NSE,2026-10-09T20:48:31,announcement,Shareholders meeting,,https://nsearchives.nseindia.com/corporate/HEXAWARETECH_09102026204816_Intimation_of_result.pdf
Invicta Diagnostic Limited,INVICTA,NSE,2026-10-09T20:45:19,announcement,"Certificate under SEBI (Depositories and Participants) Regulations, 2018",,https://nsearchives.nseindia.com/corporate/INVICTA_09102026204437_Invicta_745_30092026.pdf
LCC Projects Limited,LCCPROJECT,NSE,2026-10-09T20:39:28,announcement,Updates,,https://nsearchives.nseindia.com/corporate/LCCPROJECTS_09102026203821_Reg_30_LOC_09102026_SIGNED.pdf
Indbank Merchant Banking Services Limited,INDBANK,NSE,2026-10-09T20:37:28,announcement,Outcome of Board Meeting,,https://nsearchives.nseindia.com/corporate/INDBANK_09102026203656_OutcomeofBoardMeeting.pdf
Persistent Systems Limited,PERSISTENT,NSE,2026-10-09T20:31:50,announcement,Credit Rating- New,,https://nsearchives.nseindia.com/corporate/PERSISTENTUSER1_09102026203133_PSLIntimationofCreditRatingNCDsd.pdf
AVP Infracon Limited,AVPINFRA,NSE,2026-10-09T20:28:13,announcement,Outcome of Board Meeting,,https://nsearchives.nseindia.com/corporate/AVPIPO_09102026202800_AIL_Outcome_of_BM.pdf
AVP Infracon Limited,AVPINFRA,NSE,2026-10-09T20:25:09,announcement,Outcome of Board Meeting,,https://nsearchives.nseindia.com/corporate/AVPIPO_09102026202456_AIL_Outcome_of_BM.pdf
ITC Hotels Limited,ITCHOTELS,NSE,2026-10-09T20:23:06,announcement,"Certificate under SEBI (Depositories and Participants) Regulations, 2018",,https://nsearchives.nseindia.com/corporate/ITCHOTELS12_09102026202253_Disclosure_74_5__ITCHL.pdf
Cohance Lifesciences Limited,COHANCE,NSE,2026-10-09T20:21:16,announcement,Appointment,,https://nsearchives.nseindia.com/corporate/SUVENPHARMROHIT_09102026201959_Cohance_Outcome_BM_09102026.pdf
Poonawalla Fincorp Limited,POONAWALLA,NSE,2026-10-09T20:20:20,announcement,Analysts/Institutional Investor Meet/Con. Call Updates,,https://nsearchives.nseindia.com/corporate/POONAWALLA_09102026202010_PFL_AUDIORECORDINGINTIMATION09102026.pdf
Poonawalla Fincorp Limited,POONAWALLA,NSE,2026-10-09T20:18:47,announcement,Related Party Transactions,,https://nsearchives.nseindia.com/corporate/POONAWALLA_09102026201834_PFL_Relatedparty_09102026.pdf
Shreedhar Spinners Limited,SHREEDHAR,NSE,2026-10-09T20:17:27,announcement,Shareholders meeting,,https://nsearchives.nseindia.com/corporate/SHREEDHAR_09102026201714_09102026.pdf
Can Fin Homes Limited,CANFINHOME,NSE,2026-10-09T20:16:54,announcement,Press Release,,https://nsearchives.nseindia.com/corporate/CANFINHOME_09102026201644_SE_Intimation_press_release_Q2FY27.pdf
Rubicon Research Limited,RUBICON,NSE,2026-10-09T20:16:34,announcement,General Updates,,https://nsearchives.nseindia.com/corporate/9823522970_09102026201501_RRLSEintimationSatarasiteUSFDAinspectionupdate09Oct26docx.pdf
Aurum PropTech Limited,AURUM,NSE,2026-10-09T20:12:01,announcement,Analysts/Institutional Investor Meet/Con. Call Updates,,https://nsearchives.nseindia.com/corporate/AURUM_09102026201005_InvestorCallInviteQ2FY27.pdf
EPL Limited,EPL,NSE,2026-10-09T20:11:25,announcement,Change in Director(s),,https://nsearchives.nseindia.com/corporate/EPL_09102026200934_ResignationOfDirectorsSd.pdf
Lodha Developers Limited,LODHA,NSE,2026-10-09T20:10:16,announcement,Shareholders meeting,,https://nsearchives.nseindia.com/corporate/LODHA_09102026200938_LDL_-_Outcome_of_NCLT_Convened_Meeting.pdf
Kalpataru Projects International Limited,KPIL,NSE,2026-10-09T20:08:58,announcement,Action(s) taken or orders passed,,https://nsearchives.nseindia.com/corporate/KALPATPOWR_09102026200850_SEintimation09102026.pdf
Lodha Developers Limited,LODHA,NSE,2026-10-09T20:06:22,announcement,Shareholders meeting,,https://nsearchives.nseindia.com/corporate/LODHA_09102026200604_LDL_-_Outcome_of_NCLT_Convened_Meeting.pdf
PNB Gilts Limited,PNBGILTS,NSE,2026-10-09T20:01:52,announcement,Appointment,,https://nsearchives.nseindia.com/corporate/PNBGILTS_09102026200136_STXAKS.pdf
Laurus Labs Limited,LAURUSLABS,NSE,2026-10-09T19:58:29,announcement,"Certificate under SEBI (Depositories and Participants) Regulations, 2018",,https://nsearchives.nseindia.com/corporate/LAURUSLABS_09102026195734_Reg74530092026.pdf
Persistent Systems Limited,PERSISTENT,NSE,2026-10-09T19:57:29,announcement,Resignation of Director/KMP/SMP,,https://nsearchives.nseindia.com/corporate/PERSISTENT_ROID_100125_KMP_Doc.zip
Emami Limited,EMAMILTD,NSE,2026-10-09T19:56:47,announcement,Closure of Buy Back,,https://nsearchives.nseindia.com/corporate/EMAMILTD2_09102026195638_SE_Intimation_Closure_of_Buyback.pdf
Waterways Leisure Tourism Limited,CORDELIA,NSE,2026-10-09T19:52:51,announcement,Press Release,,https://nsearchives.nseindia.com/corporate/CORDELIA_09102026195216_Intimation_of_Press_Release.pdf
Blue Dart Express Limited,BLUEDART,NSE,2026-10-09T19:51:42,announcement,Resignation of Director/KMP/SMP,,https://nsearchives.nseindia.com/corporate/BLUEDART_ROID_100124_KMP_Doc.zip
Blue Dart Express Limited,BLUEDART,NSE,2026-10-09T19:49:54,announcement,Resignation of Director/KMP/SMP,,https://nsearchives.nseindia.com/corporate/BLUEDART_ROID_100122_KMP_Doc.zip
Polycab India Limited,POLYCAB,NSE,2026-10-09T19:45:26,announcement,Corporate Insolvency Resolution Process,,https://nsearchives.nseindia.com/corporate/POLYCAB_09102026194506_StockexchangeCIRP09102026.pdf
Canara Robeco Asset Management Company Limited,CRAMC,NSE,2026-10-09T19:42:00,announcement,Updates,,https://nsearchives.nseindia.com/corporate/CRAMC_09102026194149_OutcomeofBMOctober92026finalsigned.pdf
Spandana Sphoorty Financial Limited,SPANDANA,NSE,2026-10-09T19:41:11,announcement,General Updates,,https://nsearchives.nseindia.com/corporate/SPANDANA_09102026193326_SE_Intimation.pdf
CSM Technologies Limited,CSM,NSE,2026-10-09T19:40:06,announcement,Press Release,,https://nsearchives.nseindia.com/corporate/CSMTECH_09102026193936_CSM_Press_Release_Mosambique.pdf
Balrampur Chini Mills Limited,BALRAMCHIN,NSE,2026-10-09T19:39:50,announcement,"Certificate under SEBI (Depositories and Participants) Regulations, 2018",,https://nsearchives.nseindia.com/corporate/SUNILBCML_09102026193938_BCML_Reg_74_Sep_26.pdf
Brooks Laboratories Limited,BROOKS,NSE,2026-10-09T19:38:25,announcement,"Certificate under SEBI (Depositories and Participants) Regulations, 2018",,https://nsearchives.nseindia.com/corporate/BROOKS_09102026193813_Cover_Letter_alongwith_certificate.pdf
Samhi Hotels Limited,SAMHI,NSE,2026-10-09T19:37:52,announcement,Credit Rating,,https://nsearchives.nseindia.com/corporate/Samhi_09102026193746_Intimation.pdf
Canara Robeco Asset Management Company Limited,CRAMC,NSE,2026-10-09T19:35:58,announcement,Record Date,,https://nsearchives.nseindia.com/corporate/CRAMC_09102026193546_OutcomeofBMOctober92026finalsigned.pdf
Ashoka Buildcon Limited,ASHOKA,NSE,2026-10-09T19:35:01,announcement,General Updates,,https://nsearchives.nseindia.com/corporate/ASHOKA_09102026193347_508_ABL_BSE_NSE_PCOD_I_Bettadahalli.pdf
Canara Robeco Asset Management Company Limited,CRAMC,NSE,2026-10-09T19:33:39,announcement,Dividend,,https://nsearchives.nseindia.com/corporate/CRAMC_09102026193256_OutcomeofBMOctober92026finalsigned.pdf
Oil & Natural Gas Corporation Limited,ONGC,NSE,2026-10-09T19:33:11,announcement,Credit Rating,,https://nsearchives.nseindia.com/corporate/ONGC_09102026193255_creditrating09102026.pdf
HBL Engineering Limited,HBLENGINE,NSE,2026-10-09T19:31:46,announcement,Credit Rating- Revision,,https://nsearchives.nseindia.com/corporate/HBLPOWER_09102026193130_updateoncreditrating0910.pdf
Canara Robeco Asset Management Company Limited,CRAMC,NSE,2026-10-09T19:30:11,announcement,Outcome of Board Meeting,,https://nsearchives.nseindia.com/corporate/CRAMC_09102026192704_OutcomeofBMOctober92026finalsigned.pdf
Balrampur Chini Mills Limited,BALRAMCHIN,NSE,2026-10-09T19:30:08,announcement,Shareholders meeting,,https://nsearchives.nseindia.com/corporate/SUNILBCML_09102026192952_BCML_SE_50thAGMMinutes.pdf
InfoBeans Technologies Limited,INFOBEAN,NSE,2026-10-09T19:27:52,announcement,Spurt in Volume,,https://nsearchives.nseindia.com/corporate/INFOBEAN_09102026192716_Reply_for_spurt_in_Volume_2026_-_Oct.pdf
Viji Finance Limited,VIJIFIN,NSE,2026-10-09T19:24:57,announcement,General Updates,,https://nsearchives.nseindia.com/corporate/VIJIFIN_09102026192412_Continuous_disclosure_listing_approval.pdf
Persistent Systems Limited,PERSISTENT,NSE,2026-10-09T19:24:04,announcement,General Updates,,https://nsearchives.nseindia.com/corporate/PERSISTENTUSER1_09102026192354_PSLSMPResignationIntimation9102026sd.pdf
Krsnaa Diagnostics Limited,KRSNAA,NSE,2026-10-09T19:22:02,announcement,General Updates,,https://nsearchives.nseindia.com/corporate/KRSNAA_09102026192151_543328_-_BSE.pdf
Premier Energies Limited,PREMIERENE,NSE,2026-10-09T19:20:01,announcement,Press Release,,https://nsearchives.nseindia.com/corporate/PEL2024_09102026191736_SE_Intimation_-_Press_Release_Signed.pdf
Asian Hotels (North) Limited,ASIANHOTNR,NSE,2026-10-09T19:19:10,announcement,"Certificate under SEBI (Depositories and Participants) Regulations, 2018",,https://nsearchives.nseindia.com/corporate/ASIANHOTNR_09102026191837_ConfirmationunderDPRegulations30092026.pdf
JSW Energy Limited,JSWENERGY,NSE,2026-10-09T19:16:48,announcement,General Updates,,https://nsearchives.nseindia.com/corporate/KRUTIKAJSWEL_09102026191640_LettertoBSENSE_JSWREL_09102026.pdf
Bombay Dyeing & Mfg Company Limited,BOMDYEING,NSE,2026-10-09T19:16:13,announcement,Shareholders meeting,,https://nsearchives.nseindia.com/corporate/Savita_09102026191529_SE_letter_signed.pdf
General Insurance Corporation of India,GICRE,NSE,2026-10-09T19:14:58,announcement,General Updates,,https://nsearchives.nseindia.com/corporate/GICRE_09102026191448_intimationforrelocationandCRO.pdf
Ideaforge Technology Limited,IDEAFORGE,NSE,2026-10-09T19:14:49,announcement,Agreements,,https://nsearchives.nseindia.com/corporate/IDEAFORGE_09102026191434_Intimation_Reg_30_Loan_agreement_with_TDB_final.pdf
General Insurance Corporation of India,GICRE,NSE,2026-10-09T19:13:03,announcement,Change in Management,,https://nsearchives.nseindia.com/corporate/GICRE_09102026191252_intimationforrelocationandCRO.pdf
Urban Company Limited,URBANCO,NSE,2026-10-09T19:12:17,announcement,Analysts/Institutional Investor Meet/Con. Call Updates,,https://nsearchives.nseindia.com/corporate/URBANCO_09102026191203_BM_Earnings_Call_Intimation_Q2FY27.pdf
Prudent Corporate Advisory Services Limited,PRUDENT,NSE,2026-10-09T19:12:17,announcement,Options to purchase securities,,https://nsearchives.nseindia.com/corporate/PRUDENT9992_09102026191208_Intimation_of_Second_Grant.pdf
Fedbank Financial Services Limited,FEDFINA,NSE,2026-10-09T19:11:59,announcement,"Certificate under SEBI (Depositories and Participants) Regulations, 2018",,https://nsearchives.nseindia.com/corporate/FEDFINA_09102026191149_ConfirmationCertificateunderRegulation74__5_-Signed.pdf
General Insurance Corporation of India,GICRE,NSE,2026-10-09T19:11:55,announcement,Outcome of Board Meeting,,https://nsearchives.nseindia.com/corporate/GICRE_09102026190915_intimationforrelocationandCRO.pdf
Allied Digital Services Limited,ADSL,NSE,2026-10-09T19:10:51,announcement,"Certificate under SEBI (Depositories and Participants) Regulations, 2018",,https://nsearchives.nseindia.com/corporate/ADSL_09102026190957_Reg74Final.pdf
Gujarat Lease Financing Limited,GLFL,NSE,2026-10-09T19:09:23,announcement,"Certificate under SEBI (Depositories and Participants) Regulations, 2018",,https://nsearchives.nseindia.com/corporate/GLFL_09102026190909_74_5_Letter.pdf
Can Fin Homes Limited,CANFINHOME,NSE,2026-10-09T19:08:20,announcement,Outcome of Board Meeting,,https://nsearchives.nseindia.com/corporate/CANFINHOME_09102026190342_SE_Intimation_Outcome_of_Q2_H1_FY27.pdf
Akiko Global Services Limited,AKIKO,NSE,2026-10-09T19:07:40,announcement,Resignation of Director/KMP/SMP,,https://nsearchives.nseindia.com/corporate/AKIKO_ROID_100116_KMP_Doc.zip
Swiggy Limited,SWIGGY,NSE,2026-10-09T19:06:57,announcement,"Certificate under SEBI (Depositories and Participants) Regulations, 2018",,https://nsearchives.nseindia.com/corporate/SWIGGY_09102026190644_SE_Intimation_Reg_74_5__Signed.pdf
Akiko Global Services Limited,AKIKO,NSE,2026-10-09T19:06:17,announcement,Resignation of Director/KMP/SMP,,https://nsearchives.nseindia.com/corporate/AKIKO_ROID_100115_KMP_Doc.zip
Federal-Mogul Goetze (India) Limited.,FMGOETZE,NSE,2026-10-09T19:05:38,announcement,Capacity addition,,https://nsearchives.nseindia.com/corporate/Federal_09102026190524_BM_outcome_capex.pdf
Federal-Mogul Goetze (India) Limited.,FMGOETZE,NSE,2026-10-09T19:03:38,announcement,Resignation,,https://nsearchives.nseindia.com/corporate/Federal_09102026190303_Intimation-Change_in_Management.pdf
Somi Conveyor Beltings Limited,SOMICONVEY,NSE,2026-10-09T19:03:17,announcement,"Certificate under SEBI (Depositories and Participants) Regulations, 2018",,https://nsearchives.nseindia.com/corporate/SOMICONVEY_09102026190252_SOMI_CCunderReg74_5_Q2_Sep2026_s.pdf
Yes Bank Limited,YESBANK,NSE,2026-10-09T19:02:35,announcement,ESOP/ESOS/ESPS,,https://nsearchives.nseindia.com/corporate/YESBANK_09102026190223_YBL_Stock_Exchange_Intimation_ESOP_Allotment_Oct_2026_signed_intimation.pdf
Federal-Mogul Goetze (India) Limited.,FMGOETZE,NSE,2026-10-09T19:00:58,announcement,Change in Company Secretary/Compliance Officer,,https://nsearchives.nseindia.com/corporate/Federal_09102026190049_Intimation-Change_in_Management.pdf
Persistent Systems Limited,PERSISTENT,NSE,2026-10-09T19:00:33,announcement,Press Release,,https://nsearchives.nseindia.com/corporate/PERSISTENTUSER1_09102026190022_PSLPressReleaseOctober92026sd.pdf
Railtel Corporation Of India Limited,RAILTEL,NSE,2026-10-09T19:00:23,announcement,Bagging/Receiving of orders/contracts,,https://nsearchives.nseindia.com/corporate/RAILTEL_09102026185931_Railtel_Order_Book_Company_Rep_0910261.pdf
FlySBS Aviation Limited,FLYSBS,NSE,2026-10-09T19:00:11,announcement,"Certificate under SEBI (Depositories and Participants) Regulations, 2018",,https://nsearchives.nseindia.com/corporate/FLYSBS_09102026185951_Reg74.pdf
Innovision Limited,INNOVISION,NSE,2026-10-09T18:59:27,announcement,Resignation,,https://nsearchives.nseindia.com/corporate/INNOVISION2007_09102026185915_reg30resignation.pdf
JSW Holdings Limited,JSWHL,NSE,2026-10-09T18:58:38,announcement,Spurt in Volume,,https://nsearchives.nseindia.com/corporate/JSWHL_09102026185754_JSWHLClarification.pdf
Federal-Mogul Goetze (India) Limited.,FMGOETZE,NSE,2026-10-09T18:58:31,announcement,Appointment,,https://nsearchives.nseindia.com/corporate/Federal_09102026185821_Intimation-Change_in_Management.pdf
Jubilant Agri and Consumer Products Limited,JUBLCPL,NSE,2026-10-09T18:58:01,announcement,Demerger,,https://nsearchives.nseindia.com/corporate/JACPL_09102026185743_Intimation_2nd_MotionSigned.pdf
Clean Max Enviro Energy Solutions Limited,CLEANMAX,NSE,2026-10-09T18:57:47,announcement,Acquisition,,https://nsearchives.nseindia.com/corporate/CLEANMAX_09102026185623_Reg_30_Massmunch.pdf
AVT Natural Products Limited,AVTNPL,NSE,2026-10-09T18:57:14,announcement,"Certificate under SEBI (Depositories and Participants) Regulations, 2018",,https://nsearchives.nseindia.com/corporate/AVTNPL_09102026185702_AVTNPLReg74_5_of_SEBI_DP_regulations_2018_signed.pdf
SecUR Credentials Limited,SECURCRED,NSE,2026-10-09T18:57:12,announcement,Delisting,,-
Innovision Limited,INNOVISION,NSE,2026-10-09T18:56:31,announcement,Change in Director(s),,https://nsearchives.nseindia.com/corporate/INNOVISION2007_09102026185613_reg30resignation.pdf
TCC Concept Limited,TCC,NSE,2026-10-09T18:55:58,announcement,Shareholders meeting,,https://nsearchives.nseindia.com/corporate/TCCLTD_09102026185442_Reg_30_Postal_Ballot_Intimation.pdf
Suumaya Industries Limited,SUULD,NSE,2026-10-09T18:54:52,announcement,Delisting,,-
Innovision Limited,INNOVISION,NSE,2026-10-09T18:53:52,announcement,Change in Management,,https://nsearchives.nseindia.com/corporate/INNOVISION2007_09102026185330_reg30resignation.pdf
Emkay Global Financial Services Limited,EMKAY,NSE,2026-10-09T18:51:15,announcement,Action(s) taken or orders passed,,https://nsearchives.nseindia.com/corporate/jpshah_09102026184704_Intimationexchangerelatedtopenalties07102026.pdf
Euro Panel Products Limited,EUROBOND,NSE,2026-10-09T18:51:15,announcement,"Certificate under SEBI (Depositories and Participants) Regulations, 2018",,https://nsearchives.nseindia.com/corporate/EUROPANEL_09102026185038_Regulation74_5_-F.pdf
Poddar Housing and Development Limited,PODDARHOUS,NSE,2026-10-09T18:51:06,announcement,Delisting,,-
GenXAI Analytics Limited,GENXAI,NSE,2026-10-09T18:51:06,announcement,Integrated Filing- Governance,,https://nsearchives.nseindia.com/corporate/GENXAI_09102026185057_Certificate_Investor_Grievance.pdf
EID Parry India Limited,EIDPARRY,NSE,2026-10-09T18:49:35,announcement,Resignation of Director/KMP/SMP,,https://nsearchives.nseindia.com/corporate/EIDPARRY_ROID_100110_KMP_Doc.zip
Federal-Mogul Goetze (India) Limited.,FMGOETZE,NSE,2026-10-09T18:49:07,announcement,Resignation of Director/KMP/SMP,,https://nsearchives.nseindia.com/corporate/FMGOETZE_ROID_100107_KMP_Doc.zip
Aaradhya Disposal Industries Limited,AARADHYA,NSE,2026-10-09T18:49:03,announcement,Corrigendum,,https://nsearchives.nseindia.com/corporate/ADIL_09102026184825_CORRIGENDUM_EGM_With_Covering.pdf
The Indian Hotels Company Limited,INDHOTEL,NSE,2026-10-09T18:48:51,announcement,Credit Rating- Revision,,https://nsearchives.nseindia.com/corporate/bakhtawar_irani_tajhotels_com_09102026184815_Credit_Rating_upload.pdf
Bhagyanagar India Limited,BHAGYANGR,NSE,2026-10-09T18:48:16,announcement,Updates,,https://nsearchives.nseindia.com/corporate/BHAGYANGR_09102026184624_Intimation_to_Se.pdf
Himatsingka Seide Limited,HIMATSEIDE,NSE,2026-10-09T18:45:10,announcement,"Certificate under SEBI (Depositories and Participants) Regulations, 2018",,https://nsearchives.nseindia.com/corporate/HIMATSEIDE_09102026184441_Reg_74_5__QuarterlyCompliance.pdf
Xchanging Solutions Limited,XCHANGING,NSE,2026-10-09T18:44:57,announcement,"Certificate under SEBI (Depositories and Participants) Regulations, 2018",,https://nsearchives.nseindia.com/corporate/XCHANGING_09102026184434_Regulation_74_5__Merged.pdf
Tata Consultancy Services Limited,TCS,NSE,2026-10-09T18:43:52,announcement,Copy of Newspaper Publication,,https://nsearchives.nseindia.com/corporate/TCS_CORPCS_09102026184305_SEInt09102026_Signed.pdf
Akiko Global Services Limited,AKIKO,NSE,2026-10-09T18:41:58,announcement,Change in Management,,https://nsearchives.nseindia.com/corporate/AKIKOGLOBAL_09102026184145_Intimation_of_Resignation-_Tarun_Gahlot.pdf
Container Corporation of India Limited,CONCOR,NSE,2026-10-09T18:41:19,announcement,General Updates,,https://nsearchives.nseindia.com/corporate/CONCOR_09102026184055_CONCOR_SE_09102026S.pdf
Avenue Supermarts Limited,DMART,NSE,2026-10-09T18:41:12,announcement,Credit Rating,,https://nsearchives.nseindia.com/corporate/DMART_09102026183437_ASLICRACreditRatingIntimation09102026.pdf
Emami Realty Limited,EMAMIREAL,NSE,2026-10-09T18:40:50,announcement,General Updates,,https://nsearchives.nseindia.com/corporate/EMAMIREAL_09102026183745_ERLIntimationLetter.pdf
Lemon Tree Hotels Limited,LEMONTREE,NSE,2026-10-09T18:40:13,announcement,General Updates,,https://nsearchives.nseindia.com/corporate/LEMONTREE_09102026183934_Intimation_Trust.pdf
Akiko Global Services Limited,AKIKO,NSE,2026-10-09T18:40:05,announcement,Resignation,,https://nsearchives.nseindia.com/corporate/AKIKOGLOBAL_09102026183941_Intimation_of_Resignation-_Tarun_Gahlot.pdf
Uniparts India Limited,UNIPARTS,NSE,2026-10-09T18:39:55,announcement,"Certificate under SEBI (Depositories and Participants) Regulations, 2018",,https://nsearchives.nseindia.com/corporate/Earth_2018_09102026183942_Q2CertificateRegulation74_5_.pdf
SecUR Credentials Limited,SECURCRED,NSE,2026-10-09T18:38:57,announcement,Change in Management,,https://nsearchives.nseindia.com/corporate/SECURCRED_09102026183843_Secur_Outcome.pdf
SecUR Credentials Limited,SECURCRED,NSE,2026-10-09T18:38:43,announcement,Resignation of Statutory Auditor,,https://nsearchives.nseindia.com/corporate/SECURCRED_ROSA_100104_KMP_Doc.zip
Waterways Leisure Tourism Limited,CORDELIA,NSE,2026-10-09T18:38:07,announcement,Investor Presentation,,https://nsearchives.nseindia.com/corporate/CORDELIA_09102026183620_Intimation_of_Earnings_Call_presentation_Q2H1.pdf
Anand Rathi Wealth Limited,ANANDRATHI,NSE,2026-10-09T18:37:56,announcement,Investor Presentation,,https://nsearchives.nseindia.com/corporate/ANANDRATHI_09102026183742_InvestorpresentationSD.pdf
Sammaan Capital Limited,SAMMAANCAP,NSE,2026-10-09T18:36:58,announcement,"Certificate under SEBI (Depositories and Participants) Regulations, 2018",,https://nsearchives.nseindia.com/corporate/IHFL_09102026183639_SCL_Certificate_Reg_74_5_of_SEBI_DP_Reg_09102026.pdf
GeeCee Ventures Limited,GEECEE,NSE,2026-10-09T18:36:46,announcement,Pendency of Litigation(s)/dispute(s) or the outcome impacting the Company,,https://nsearchives.nseindia.com/corporate/GEECEEVC12345_09102026183613_COV_Part_B_signed.pdf
Rulka Electricals Limited,RULKA,NSE,2026-10-09T18:36:46,announcement,"Certificate under SEBI (Depositories and Participants) Regulations, 2018",,https://nsearchives.nseindia.com/corporate/RULKA_09102026183633_LT-37_Rulka_Letter_for_74_Sep_2026.pdf
SecUR Credentials Limited,SECURCRED,NSE,2026-10-09T18:36:36,announcement,Outcome of Board Meeting,,https://nsearchives.nseindia.com/corporate/SECURCRED_09102026183536_Secur_Outcome.pdf
Akiko Global Services Limited,AKIKO,NSE,2026-10-09T18:35:54,announcement,"Certificate under SEBI (Depositories and Participants) Regulations, 2018",,https://nsearchives.nseindia.com/corporate/AKIKOGLOBAL_09102026183533_Reg_74_5_-_Akiko.pdf
Speb Adhesives Limited,SPEB,NSE,2026-10-09T18:35:47,announcement,Analysts/Institutional Investor Meet/Con. Call Updates,,https://nsearchives.nseindia.com/corporate/SPEB_09102026183506_Outcome_s.pdf
Lumino Industries Limited,LUMINO,NSE,2026-10-09T18:35:40,announcement,"Certificate under SEBI (Depositories and Participants) Regulations, 2018",,https://nsearchives.nseindia.com/corporate/LUMINO123_09102026183523_Certificate_under_Reg_74_5__of_SEBI_DP_Regulations.pdf
Diamond Power Infrastructure Limited,DIACABS,NSE,2026-10-09T18:35:28,announcement,"Certificate under SEBI (Depositories and Participants) Regulations, 2018",,https://nsearchives.nseindia.com/corporate/DIACABS_09102026183518_75_5__-_Signed.pdf
PCBL Chemical Limited,PCBL,NSE,2026-10-09T18:35:12,announcement,Resignation of Director/KMP/SMP,,https://nsearchives.nseindia.com/corporate/PCBL_ROID_100100_KMP_Doc.zip
Somany Ceramics Limited,SOMANYCERA,NSE,2026-10-09T18:35:11,announcement,General Updates,,https://nsearchives.nseindia.com/corporate/SOMANYCERAMICS_09102026183500_Intimation_Siravit_sd.pdf
EID Parry India Limited,EIDPARRY,NSE,2026-10-09T18:35:11,announcement,Resignation,,https://nsearchives.nseindia.com/corporate/EIDPARRY1_09102026183130_SEIntimation_ResignationSd.pdf
Skytech Infinite Platform Limited,SKYTECH,NSE,2026-10-09T18:33:37,announcement,"Certificate under SEBI (Depositories and Participants) Regulations, 2018",,https://nsearchives.nseindia.com/corporate/SKYTECH_09102026183215_Skytech_Reconciliation_of_Share_Capital_Audit_Report_30-09-2026_Signed.pdf
MOIL Limited,MOIL,NSE,2026-10-09T18:33:16,announcement,Change in Management,,https://nsearchives.nseindia.com/corporate/MOIL_09102026183203_Appointment_of_Shri_Atul_Sharma.pdf
IIFL Capital Services Limited,IIFLCAPS,NSE,2026-10-09T18:31:23,announcement,"Certificate under SEBI (Depositories and Participants) Regulations, 2018",,https://nsearchives.nseindia.com/corporate/IIFLSEC_09102026183109_SEIntimation.pdf
Blue Pebble Limited,BLUEPEBBLE,NSE,2026-10-09T18:30:55,announcement,Structural Digital Database,,https://nsearchives.nseindia.com/corporate/BLUEPEBBLE_09102026183048_Untitled.pdf
Embassy Developments Limited,EMBDL,NSE,2026-10-09T18:30:16,announcement,Change in Management,,https://nsearchives.nseindia.com/corporate/EMBDL_09102026182830_EDL_BM_Outcome_09102026_Final.pdf
Carborundum Universal Limited,CARBORUNIV,NSE,2026-10-09T18:29:19,announcement,"Certificate under SEBI (Depositories and Participants) Regulations, 2018",,https://nsearchives.nseindia.com/corporate/CARBORUNIV_09102026182601_intimation_sd.pdf
Innovision Limited,INNOVISION,NSE,2026-10-09T18:29:16,announcement,Resignation of Director/KMP/SMP,,https://nsearchives.nseindia.com/corporate/INNOVISION_ROID_100098_KMP_Doc.zip
IIFL Capital Services Limited,IIFLCAPS,NSE,2026-10-09T18:29:14,announcement,Action(s) taken or orders passed,,https://nsearchives.nseindia.com/corporate/IIFLSEC_09102026182856_SEIntimation.pdf
Balaji Phosphates Limited,BALAJIPHOS,NSE,2026-10-09T18:27:54,announcement,Structural Digital Database,,https://nsearchives.nseindia.com/corporate/BALAJIPHOSPHATES_09102026182528_BALAJI_SDD_30_09_2026.pdf
Chemplast Sanmar Limited,CHEMPLASTS,NSE,2026-10-09T18:26:56,announcement,Appointment,,https://nsearchives.nseindia.com/corporate/CHEMPLASTS_09102026182648_OutcomeOfBoardMeeting09102026StockExchangesSD.pdf
Rupa & Company Limited,RUPA,NSE,2026-10-09T18:26:46,announcement,"Certificate under SEBI (Depositories and Participants) Regulations, 2018",,https://nsearchives.nseindia.com/corporate/RUPA_09102026182620_SE_74_5_.pdf
Shri Hare-Krishna Sponge Iron Limited,SHKSIL,NSE,2026-10-09T18:26:32,announcement,"Certificate under SEBI (Depositories and Participants) Regulations, 2018",,https://nsearchives.nseindia.com/corporate/SHRIHARE_09102026182539_certificate.pdf
Vidhi Specialty Food Ingredients Limited,VIDHIING,NSE,2026-10-09T18:25:47,announcement,"Certificate under SEBI (Depositories and Participants) Regulations, 2018",,https://nsearchives.nseindia.com/corporate/VIDHIING_09102026182453_Regulation_745_signed.pdf
PCBL Chemical Limited,PCBL,NSE,2026-10-09T18:24:35,announcement,Resignation,,https://nsearchives.nseindia.com/corporate/PCBL_09102026182426_FinalIntimationrelatingtoresignationofSMPoftheCompany.pdf
Supreme Infrastructure India Limited,SUPREMEINF,NSE,2026-10-09T18:24:32,announcement,General Updates,,https://nsearchives.nseindia.com/corporate/SUPREMEINF_09102026182420_reg30intimation.pdf
Shiv Aum Steels Limited,SHIVAUM,NSE,2026-10-09T18:24:09,announcement,General Updates,,https://nsearchives.nseindia.com/corporate/AAFCS9987G_09102026181352_Intimation.pdf
BLS International Services Limited,BLS,NSE,2026-10-09T18:23:53,announcement,"Certificate under SEBI (Depositories and Participants) Regulations, 2018",,https://nsearchives.nseindia.com/corporate/BLS_09102026182327_CertificateunderReg74signed.pdf
Dixon Technologies (India) Limited,DIXON,NSE,2026-10-09T18:23:50,announcement,"Certificate under SEBI (Depositories and Participants) Regulations, 2018",,https://nsearchives.nseindia.com/corporate/DIXON_09102026182235_Reg74_5_Disclosure09102026.pdf
Sheela Foam Limited,SFL,NSE,2026-10-09T18:23:48,announcement,Credit Rating,,https://nsearchives.nseindia.com/corporate/SFL_09102026182336_Credit_Rating_Upload.pdf
Silver Touch Technologies Limited,SILVERTUC,NSE,2026-10-09T18:22:45,announcement,"Certificate under SEBI (Depositories and Participants) Regulations, 2018",,https://nsearchives.nseindia.com/corporate/SILVERTUC_09102026182237_Regulation74_5__Final.pdf
Wendt (India) Limited,WENDT,NSE,2026-10-09T18:22:33,announcement,"Certificate under SEBI (Depositories and Participants) Regulations, 2018",,https://nsearchives.nseindia.com/corporate/WENDT_09102026182204_intimation_sd.pdf
Chemplast Sanmar Limited,CHEMPLASTS,NSE,2026-10-09T18:22:27,announcement,Outcome of Board Meeting,,https://nsearchives.nseindia.com/corporate/CHEMPLASTS_09102026182159_OutcomeOfBoardMeeting09102026StockExchangesSD.pdf
Tarsons Products Limited,TARSONS,NSE,2026-10-09T18:21:33,announcement,"Certificate under SEBI (Depositories and Participants) Regulations, 2018",,https://nsearchives.nseindia.com/corporate/TARSONS_09102026182114_SE_REG_74_5_Q2FY27.pdf
Naman Industries Proxima Limited,NAMAN,NSE,2026-10-09T18:20:24,announcement,"Certificate under SEBI (Depositories and Participants) Regulations, 2018",,https://nsearchives.nseindia.com/corporate/NAMAN_09102026181933_Regulation__74_Report_Signed.pdf
One 97 Communications Limited,PAYTM,NSE,2026-10-09T18:19:18,announcement,"Certificate under SEBI (Depositories and Participants) Regulations, 2018",,https://nsearchives.nseindia.com/corporate/PAYTM_09102026181858_SEDisclosureReg74sd.pdf
Clean Max Enviro Energy Solutions Limited,CLEANMAX,NSE,2026-10-09T18:19:15,announcement,"Certificate under SEBI (Depositories and Participants) Regulations, 2018",,https://nsearchives.nseindia.com/corporate/CLEANMAX_09102026181901_Final74.pdf
IDFC First Bank Limited,IDFCFIRSTB,NSE,2026-10-09T18:17:45,announcement,ESOP/ESOS/ESPS,,https://nsearchives.nseindia.com/corporate/IDFCFIRSTB_09102026181719_ESOP_Allotment_October_09_2026.pdf
CSB Bank Limited,CSBBANK,NSE,2026-10-09T18:17:37,announcement,"Certificate under SEBI (Depositories and Participants) Regulations, 2018",,https://nsearchives.nseindia.com/corporate/CSBBANK_09102026181636_BSENSEREG7430092026f.pdf
Poonawalla Fincorp Limited,POONAWALLA,NSE,2026-10-09T18:16:20,announcement,Outcome of Board Meeting,,https://nsearchives.nseindia.com/corporate/POONAWALLA_09102026181606_PFLoutcomeofBM09102026s.pdf
Senco Gold Limited,SENCO,NSE,2026-10-09T18:15:38,announcement,"Certificate under SEBI (Depositories and Participants) Regulations, 2018",,https://nsearchives.nseindia.com/corporate/Sencogold_09102026181510_SE_Intimation_Reg_74_5__of_SEBI_Depositories_Regulations.pdf
Akums Drugs and Pharmaceuticals Limited,AKUMS,NSE,2026-10-09T18:14:46,announcement,"Certificate under SEBI (Depositories and Participants) Regulations, 2018",,https://nsearchives.nseindia.com/corporate/NSEAKUMS10_09102026181435_AKUMSRTACERTIFICATE.pdf
The Bombay Burmah Trading Corporation Limited,BBTC,NSE,2026-10-09T18:14:40,announcement,"Certificate under SEBI (Depositories and Participants) Regulations, 2018",,https://nsearchives.nseindia.com/corporate/Shelly_09102026181430_BBTCL_Cert_under_Reg_74_Sep_26.pdf
Jainik Power Cables Limited,JAINIK,NSE,2026-10-09T18:14:25,announcement,Quarterly Compliance Report on Corporate governance - within 21 days from the end of the quarter,,https://nsearchives.nseindia.com/corporate/JAINIK_09102026181405_Covering_letter_Jainik_Non-applicability_of_CG_and_PCS_certificate.pdf
Newjaisa Technologies Limited,NEWJAISA,NSE,2026-10-09T18:14:03,announcement,Quarterly Compliance Report on Corporate governance - within 21 days from the end of the quarter,,https://nsearchives.nseindia.com/corporate/NEWJAISA2020_09102026181351_NonapplicabilityofReg27_2__Sep2026-1.pdf
Meghmani Organics Limited,MOL,NSE,2026-10-09T18:12:58,announcement,Amalgamation/Merger,,https://nsearchives.nseindia.com/corporate/MOL_09102026181245_CERTIFIEDORDER.pdf
Innovision Limited,INNOVISION,NSE,2026-10-09T18:12:20,announcement,Resignation of Director/KMP/SMP,,https://nsearchives.nseindia.com/corporate/INNOVISION_ROID_100096_KMP_Doc.zip
ION Exchange (India) Limited,IONEXCHANG,NSE,2026-10-09T18:12:15,announcement,Updates,,https://nsearchives.nseindia.com/corporate/IONEXCHANGE_09102026180333_Trust_Deed_merged.pdf
Arabian Petroleum Limited,ARABIAN,NSE,2026-10-09T18:11:38,announcement,Quarterly Compliance Report on Corporate governance - within 21 days from the end of the quarter,,https://nsearchives.nseindia.com/corporate/ARABIAN_09102026181122_Non-applicability_of_CGR.pdf
Indo-National Limited,NIPPOBATRY,NSE,2026-10-09T18:11:12,announcement,"Certificate under SEBI (Depositories and Participants) Regulations, 2018",,https://nsearchives.nseindia.com/corporate/NIPPOBATRY_09102026181013_74_5_sd.pdf
Newjaisa Technologies Limited,NEWJAISA,NSE,2026-10-09T18:11:07,announcement,"Certificate under SEBI (Depositories and Participants) Regulations, 2018",,https://nsearchives.nseindia.com/corporate/NEWJAISA2020_09102026181056_Reg74_5__RTA_disclosures.pdf
Spunweb Nonwoven Limited,SPUNWEB,NSE,2026-10-09T18:07:47,announcement,Price movement,,https://nsearchives.nseindia.com/corporate/-
Eldeco Housing And Industries Limited,ELDEHSG,NSE,2026-10-09T18:07:04,announcement,"Certificate under SEBI (Depositories and Participants) Regulations, 2018",,https://nsearchives.nseindia.com/corporate/ELDECO_09102026180655_IntimationtoSE.pdf
Universus Photo Imagings Limited,UNIVPHOTO,NSE,2026-10-09T18:06:27,announcement,"Certificate under SEBI (Depositories and Participants) Regulations, 2018",,https://nsearchives.nseindia.com/corporate/UNIVPHOTO_09102026175916_UPIL_Reg74_5__Q2__F.pdf
Lokesh Machines Limited,LOKESHMACH,NSE,2026-10-09T18:06:13,announcement,Action(s) taken or orders passed,,https://nsearchives.nseindia.com/corporate/LOKESHMACH_09102026180206_sdfinal.pdf
Prasol Chemicals Limited,PRASOLCHEM,NSE,2026-10-09T18:05:21,announcement,"Certificate under SEBI (Depositories and Participants) Regulations, 2018",,https://nsearchives.nseindia.com/corporate/8591996826_09102026180419_CertificateunderReg.pdf
Anand Rathi Wealth Limited,ANANDRATHI,NSE,2026-10-09T18:04:41,announcement,Dividend,,https://nsearchives.nseindia.com/corporate/ANANDRATHI_09102026180426_OutcomeofBMSD.pdf
Ascom Leasing & Investments Limited,ASCOM,NSE,2026-10-09T18:04:16,announcement,"Certificate under SEBI (Depositories and Participants) Regulations, 2018",,https://nsearchives.nseindia.com/corporate/Ascom2019_09102026180359_Reg_76_Ascom.pdf
Hindustan Unilever Limited,HINDUNILVR,NSE,2026-10-09T18:03:58,announcement,Copy of Newspaper Publication,,https://nsearchives.nseindia.com/corporate/HINDUNILVR_09102026180134_SEIntimationNewspaperAD09102026signed.pdf
Teamo Productions HQ Limited,TPHQ,NSE,2026-10-09T18:03:51,announcement,"Certificate under SEBI (Depositories and Participants) Regulations, 2018",,https://nsearchives.nseindia.com/corporate/GISOLUTION_09102026180334_Reg74_5_signed.pdf
Bhagyanagar India Limited,BHAGYANGR,NSE,2026-10-09T18:03:41,announcement,"Certificate under SEBI (Depositories and Participants) Regulations, 2018",,https://nsearchives.nseindia.com/corporate/BHAGYANGR_09102026180225_be429a25-d5b4-40ce-bf18-791190f6d303.pdf
Electronics Mart India Limited,EMIL,NSE,2026-10-09T18:03:40,announcement,"Certificate under SEBI (Depositories and Participants) Regulations, 2018",,https://nsearchives.nseindia.com/corporate/EMILTD_09102026175912_Intimation.pdf
Sical Logistics Limited,SICALLOG,NSE,2026-10-09T18:03:06,announcement,"Certificate under SEBI (Depositories and Participants) Regulations, 2018",,https://nsearchives.nseindia.com/corporate/SICALLOG_09102026180250_SUBMISSION.pdf
Mangalam Alloys Limited,MAL,NSE,2026-10-09T18:02:42,announcement,Change in Company Secretary/Compliance Officer,,https://nsearchives.nseindia.com/corporate/MANGALAMALLOYS_09102026180233_Change_in_Compliance_Officer_Signed.pdf
AvenuesAI Limited,CCAVENUE,NSE,2026-10-09T18:02:12,announcement,Suspension of Trading,,-
TruCap Finance Limited,TRU,NSE,2026-10-09T18:01:57,announcement,Updates,,https://nsearchives.nseindia.com/corporate/team_sandeshc_09102026120350_openoffer.pdf
Allied Digital Services Limited,ADSL,NSE,2026-10-09T18:00:47,announcement,Spurt in Volume,,-
AVT Natural Products Limited,AVTNPL,NSE,2026-10-09T18:00:38,announcement,Spurt in Volume,,-
InfoBeans Technologies Limited,INFOBEAN,NSE,2026-10-09T18:00:28,announcement,Spurt in Volume,,-
JSW Holdings Limited,JSWHL,NSE,2026-10-09T18:00:19,announcement,Spurt in Volume,,-
Mangalam Alloys Limited,MAL,NSE,2026-10-09T18:00:11,announcement,Outcome of Board Meeting,,https://nsearchives.nseindia.com/corporate/MANGALAMALLOYS_09102026175959_BM_Outcome_Signed.pdf
Mangal Electrical Industries Limited,MEIL,NSE,2026-10-09T18:00:06,announcement,Spurt in Volume,,-
PDS Limited,PDSL,NSE,2026-10-09T17:58:02,announcement,Diversification/Disinvestment,,https://nsearchives.nseindia.com/corporate/PDSL_09102026175734_Ltr_NorthernBrands_Divest_09102026.pdf
Dollar Industries Limited,DOLLAR,NSE,2026-10-09T17:57:48,announcement,"Certificate under SEBI (Depositories and Participants) Regulations, 2018",,https://nsearchives.nseindia.com/corporate/DOLLAR_09102026175706_Compliance_Certificate_74.pdf
Jindal Poly Films Limited,JINDALPOLY,NSE,2026-10-09T17:56:51,announcement,"Certificate under SEBI (Depositories and Participants) Regulations, 2018",,https://nsearchives.nseindia.com/corporate/JINDALPOLY_09102026175608_JPFL_SE_Compliance_Certificate_30092026_Signed.pdf
Blue Dart Express Limited,BLUEDART,NSE,2026-10-09T17:56:36,announcement,Press Release,,https://nsearchives.nseindia.com/corporate/BLUEDART_09102026175608_BSE_NSE-Press_Release_.pdf
Anand Rathi Wealth Limited,ANANDRATHI,NSE,2026-10-09T17:55:08,announcement,Press Release,,https://nsearchives.nseindia.com/corporate/ANANDRATHI_09102026175453_PressreleaseSD.pdf
Sunrest Lifescience Limited,SUNREST,NSE,2026-10-09T17:51:41,announcement,Structural Digital Database,,https://nsearchives.nseindia.com/corporate/SUNRESTLIFESCIENCE_09102026175127_SDD_Compliance_Certificate_SD.pdf
Accent Microcell Limited,ACCENTMIC,NSE,2026-10-09T17:50:29,announcement,Quarterly Compliance Report on Corporate governance - within 21 days from the end of the quarter,,https://nsearchives.nseindia.com/corporate/ACCENT_09102026175015_NA_27_2__a_.pdf
Keystone Realtors Limited,RUSTOMJEE,NSE,2026-10-09T17:49:59,announcement,"Certificate under SEBI (Depositories and Participants) Regulations, 2018",,https://nsearchives.nseindia.com/corporate/RUSTOMJEE_09102026174949_FY27_Q2_74_5_.pdf
Anand Rathi Wealth Limited,ANANDRATHI,NSE,2026-10-09T17:49:57,announcement,Outcome of Board Meeting,,https://nsearchives.nseindia.com/corporate/ANANDRATHI_09102026174840_OutcomeofBMSD.pdf
Ashoka Buildcon Limited,ASHOKA,NSE,2026-10-09T17:49:48,announcement,Bagging/Receiving of orders/contracts,,https://nsearchives.nseindia.com/corporate/ASHOKA_09102026174804_507_ABL_BSE_NSE_NER_LoA_091026.pdf
Canara Bank,CANBK,NSE,2026-10-09T17:49:31,announcement,Analysts/Institutional Investor Meet/Con. Call Updates,,https://nsearchives.nseindia.com/corporate/CANBK_09102026174524_LettertoSE09102026AM.pdf
Snowman Logistics Limited,SNOWMAN,NSE,2026-10-09T17:49:13,announcement,"Certificate under SEBI (Depositories and Participants) Regulations, 2018",,https://nsearchives.nseindia.com/corporate/SNOWMAN8_09102026174837_74_5__Q2_Certificate.pdf
Himadri Speciality Chemical Limited,HSCL,NSE,2026-10-09T17:49:09,announcement,Updates,,https://nsearchives.nseindia.com/corporate/HSCL_09102026174630_AllotmentofCP09102026.pdf
Sunrest Lifescience Limited,SUNREST,NSE,2026-10-09T17:48:56,announcement,"Certificate under SEBI (Depositories and Participants) Regulations, 2018",,https://nsearchives.nseindia.com/corporate/SUNRESTLIFESCIENCE_09102026174823_Reg_74_5__SD.pdf
Happy Square Outsourcing Services Limited,WHITEFORCE,NSE,2026-10-09T17:48:44,announcement,Bagging/Receiving of orders/contracts,,https://nsearchives.nseindia.com/corporate/HAPPYSQUARE_09102026174829_HappySquare_Work_Order_Update.pdf
Blue Pebble Limited,BLUEPEBBLE,NSE,2026-10-09T17:48:07,announcement,"Certificate under SEBI (Depositories and Participants) Regulations, 2018",,https://nsearchives.nseindia.com/corporate/BLUEPEBBLE_09102026174801_Untitled.pdf
Deepak Builders & Engineers India Limited,DBEIL,NSE,2026-10-09T17:48:00,announcement,General Updates,,https://nsearchives.nseindia.com/corporate/DEEPAKBUILDERS_09102026174737_Scan_0002.pdf
Sadhav Shipping Limited,SADHAV,NSE,2026-10-09T17:47:11,announcement,Structural Digital Database,,https://nsearchives.nseindia.com/corporate/SADHAV_09102026174704_SDD_Compliance_Certificate_Sept_2026.pdf
Onward Technologies Limited,ONWARDTEC,NSE,2026-10-09T17:46:46,announcement,Analysts/Institutional Investor Meet/Con. Call Updates,,https://nsearchives.nseindia.com/corporate/MD11015_09102026174622_Earnings_Call_Invitation_Cover_Letterr.pdf
Grand Foundry Limited,GFSTEELS,NSE,2026-10-09T17:46:30,announcement,Name and Symbol Change,,https://nsearchives.nseindia.com/corporate/nsalvi_09102026174312_CML76829.pdf
Anondita Medicare Limited,ANONDITA,NSE,2026-10-09T17:46:14,announcement,Quarterly Compliance Report on Corporate governance - within 21 days from the end of the quarter,,https://nsearchives.nseindia.com/corporate/ANONDITA_09102026174518_Non-Applicability_of_Corporate_Governance_Certificate_signed.pdf
Supreme Petrochem Limited,SPLPETRO,NSE,2026-10-09T17:46:01,announcement,Copy of Newspaper Publication,,https://nsearchives.nseindia.com/corporate/JEAN_09102026174541_2878_001.pdf
Ballarpur Industries Limited,BALLARPUR,NSE,2026-10-09T17:45:53,announcement,Outcome of Board Meeting,,https://nsearchives.nseindia.com/corporate/BALLARPUR_09102026174308_Outcome_of_Board_Meeting_09102026.pdf
BGR Energy Systems Limited,BGRENERGY,NSE,2026-10-09T17:45:23,announcement,"Certificate under SEBI (Depositories and Participants) Regulations, 2018",,https://nsearchives.nseindia.com/corporate/BGRENERGY_09102026174423_BGRRegulation74_5_signed.pdf
Coromandel International Limited,COROMANDEL,NSE,2026-10-09T17:44:47,announcement,"Certificate under SEBI (Depositories and Participants) Regulations, 2018",,https://nsearchives.nseindia.com/corporate/COROMANDELINT_09102026174418_CIL_74_5__ComplianceCertificate_SE_30092026_SD.pdf
GNG Electronics Limited,EBGNG,NSE,2026-10-09T17:42:55,announcement,"Certificate under SEBI (Depositories and Participants) Regulations, 2018",,https://nsearchives.nseindia.com/corporate/GNGNSE_09102026174224_Q2_Confirmation_Certificate_Regulation_74_5__of_the_SEBI__DP__2018.pdf
Anondita Medicare Limited,ANONDITA,NSE,2026-10-09T17:42:38,announcement,"Certificate under SEBI (Depositories and Participants) Regulations, 2018",,https://nsearchives.nseindia.com/corporate/ANONDITA_09102026174228_Signed_Compliance_Certificate_under_Regulation_74_5__of_SEBI_DP.pdf
Arabian Petroleum Limited,ARABIAN,NSE,2026-10-09T17:42:13,announcement,"Certificate under SEBI (Depositories and Participants) Regulations, 2018",,https://nsearchives.nseindia.com/corporate/ARABIAN_09102026174208_Certificate.pdf
Trigyn Technologies Limited,TRIGYN,NSE,2026-10-09T17:42:11,announcement,"Certificate under SEBI (Depositories and Participants) Regulations, 2018",,https://nsearchives.nseindia.com/corporate/TRIGYN_09102026174204_TTL_Reg_74_5__Certificate_-_Quarter_ended_Sep_30_2026sd.pdf
Trident Techlabs Limited,TECHLABS,NSE,2026-10-09T17:42:05,announcement,Quarterly Compliance Report on Corporate governance - within 21 days from the end of the quarter,,https://nsearchives.nseindia.com/corporate/TRIDENTTECHLABS_09102026174151_TRIDENTREG27_2_.pdf
Keystone Realtors Limited,RUSTOMJEE,NSE,2026-10-09T17:42:00,announcement,Trading Plan under PIT,,https://nsearchives.nseindia.com/corporate/RUSTOMJEE_09102026174145_Trading_Plan_Manish_Savant.pdf
Puravankara Limited,PURVA,NSE,2026-10-09T17:41:46,announcement,Allotment of Securities,,https://nsearchives.nseindia.com/corporate/PURVA_09102026174102_SEintimation.pdf
Blue Pebble Limited,BLUEPEBBLE,NSE,2026-10-09T17:40:52,announcement,"Certificate under SEBI (Depositories and Participants) Regulations, 2018",,https://nsearchives.nseindia.com/corporate/BLUEPEBBLE_09102026174032_Untitled.pdf
Hexagon Nutrition Limited,HEXAGON,NSE,2026-10-09T17:40:47,announcement,"Certificate under SEBI (Depositories and Participants) Regulations, 2018",,https://nsearchives.nseindia.com/corporate/HEXAGONNUTRITION_09102026174027_Certificate_under_Reg_74_5__3009.pdf
Gala Precision Engineering Limited,GALAPREC,NSE,2026-10-09T17:40:39,announcement,"Certificate under SEBI (Depositories and Participants) Regulations, 2018",,https://nsearchives.nseindia.com/corporate/GALAPRE_09102026174015_Gala_covering_letter_74_5_.pdf
Rana Sugars Limited,RANASUG,NSE,2026-10-09T17:40:17,announcement,"Certificate under SEBI (Depositories and Participants) Regulations, 2018",,https://nsearchives.nseindia.com/corporate/RANASUG_09102026174005_Reconciliation_of_ShareCapitalAudit30092026.pdf
Arabian Petroleum Limited,ARABIAN,NSE,2026-10-09T17:39:58,announcement,Appointment,,https://nsearchives.nseindia.com/corporate/ARABIAN_09102026173950_Intimation_for_Appointment_of_Director.pdf
KEC International Limited,KEC,NSE,2026-10-09T17:39:14,announcement,Copy of Newspaper Publication,,https://nsearchives.nseindia.com/corporate/KEC_09102026173901_SEupload.pdf
Karamtara Engineering Limited,KARAMTARA,NSE,2026-10-09T17:38:47,announcement,Analysts/Institutional Investor Meet/Con. Call Updates,,https://nsearchives.nseindia.com/corporate/9833315135_09102026173828_Intimation_Earning_call_transcript.pdf
PVP Ventures Limited,PVP,NSE,2026-10-09T17:38:33,announcement,"Certificate under SEBI (Depositories and Participants) Regulations, 2018",,https://nsearchives.nseindia.com/corporate/Pvpchennai_09102026173821_Intimation_to_stock_exchange_-_74_5__Evervie.pdf
Gradiente Infotainment Limited,GRADIENTE,NSE,2026-10-09T17:38:12,announcement,"Certificate under SEBI (Depositories and Participants) Regulations, 2018",,https://nsearchives.nseindia.com/corporate/GRADIENTE_09102026173753_Reg_74_5___Depository_and_Participant__Regulations.pdf
Persistent Systems Limited,PERSISTENT,NSE,2026-10-09T17:37:49,announcement,Updates,,https://nsearchives.nseindia.com/corporate/PERSISTENTUSER1_09102026173743_PSLUpdateonVoluntaryPublicTakeoverOfferofNagarroSigned.pdf
Avalon Technologies Limited,AVALON,NSE,2026-10-09T17:37:35,announcement,"Certificate under SEBI (Depositories and Participants) Regulations, 2018",,https://nsearchives.nseindia.com/corporate/AVALON2022_09102026173722_ATL_Reg74Disclosure.pdf
CP Capital Limited,CPCAP,NSE,2026-10-09T17:36:04,announcement,Preferential issue,,https://nsearchives.nseindia.com/corporate/CAREERP_09102026173513_CPCAPBMOutcome09102026.pdf
Swan Defence and Heavy Industries Limited,SWANDEF,NSE,2026-10-09T17:35:45,announcement,"Certificate under SEBI (Depositories and Participants) Regulations, 2018",,https://nsearchives.nseindia.com/corporate/SWANRNEL_09102026173509_SDHIL_Reg_74_5.pdf
Himadri Speciality Chemical Limited,HSCL,NSE,2026-10-09T17:35:03,announcement,"Certificate under SEBI (Depositories and Participants) Regulations, 2018",,https://nsearchives.nseindia.com/corporate/HSCL_09102026173425_CertificateReg74_5_30092026.pdf
Go Fashion (India) Limited,GOCOLORS,NSE,2026-10-09T17:33:58,announcement,"Certificate under SEBI (Depositories and Participants) Regulations, 2018",,https://nsearchives.nseindia.com/corporate/GOCOLORS_09102026173341_Cert74_5_upload.pdf
Nazara Technologies Limited,NAZARA,NSE,2026-10-09T17:33:03,announcement,"Certificate under SEBI (Depositories and Participants) Regulations, 2018",,https://nsearchives.nseindia.com/corporate/NAZARA_09102026173226_Reg74_5_withCL.pdf
Chambal Fertilizers & Chemicals Limited,CHAMBLFERT,NSE,2026-10-09T17:32:37,announcement,Copy of Newspaper Publication,,https://nsearchives.nseindia.com/corporate/YASHIKAN_09102026173204_Special_Window_for_relodgement_SIGNED.pdf
Panacea Biotec Limited,PANACEABIO,NSE,2026-10-09T17:30:51,announcement,Copy of Newspaper Publication,,https://nsearchives.nseindia.com/corporate/PANACEABIO_09102026173038_SEIntimation09102026.pdf
Shreedhar Spinners Limited,SHREEDHAR,NSE,2026-10-09T17:30:22,announcement,Shareholders meeting,,https://nsearchives.nseindia.com/corporate/SHREEDHAR_09102026173007_Proceedings.pdf
Sangam (India) Limited,SANGAMIND,NSE,2026-10-09T17:30:19,announcement,"Certificate under SEBI (Depositories and Participants) Regulations, 2018",,https://nsearchives.nseindia.com/corporate/SANGAMIND_09102026172924_74_5__Disclosure_Sept_2026_Sign.pdf
Lakshmi Finance & Industrial Corporation Limited,LFIC,NSE,2026-10-09T17:29:34,announcement,Shareholders meeting,,https://nsearchives.nseindia.com/corporate/LFIC_09102026172859_AGMMINTS.pdf
Ashoka Buildcon Limited,ASHOKA,NSE,2026-10-09T17:29:13,announcement,Issue of Securities,,https://nsearchives.nseindia.com/corporate/ASHOKA_09102026172503_506_ABL_BSE_NSE_CPs_issue_091026.pdf
S H Kelkar and Company Limited,SHK,NSE,2026-10-09T17:29:08,announcement,General Updates,,https://nsearchives.nseindia.com/corporate/9152077850_09102026172858_SHKBusinessUpdatesQ2FY202627.pdf
Bajel Projects Limited,BAJEL,NSE,2026-10-09T17:28:01,announcement,Bagging/Receiving of orders/contracts,,https://nsearchives.nseindia.com/corporate/BAJEL_09102026172751_intimationbaggingofordersigned.pdf
Vadilal Industries Limited,VADILALIND,NSE,2026-10-09T17:27:21,announcement,"Certificate under SEBI (Depositories and Participants) Regulations, 2018",,https://nsearchives.nseindia.com/corporate/VADILALIND_09102026172711_VIL30092026_74_5_Signed.pdf
Emmbi Industries Limited,EMMBI,NSE,2026-10-09T17:26:47,announcement,"Certificate under SEBI (Depositories and Participants) Regulations, 2018",,https://nsearchives.nseindia.com/corporate/EMMBI_09102026172616_Regulation74_5_SE.pdf
J.Kumar Infraprojects Limited,JKIL,NSE,2026-10-09T17:26:25,announcement,General Updates,,https://nsearchives.nseindia.com/corporate/JKInfra_09102026172614_JKIL_SE_intimation.pdf
Hindustan Oil Exploration Company Limited,HINDOILEXP,NSE,2026-10-09T17:26:07,announcement,"Certificate under SEBI (Depositories and Participants) Regulations, 2018",,https://nsearchives.nseindia.com/corporate/HINDOILEXPCS_09102026172259_Reg74_5_sd.pdf
Dynamic Services & Security Limited,DYNAMIC,NSE,2026-10-09T17:24:52,announcement,Awarding of order(s)/contract(s),,https://nsearchives.nseindia.com/corporate/DYNAMIC_09102026172441_Intimation.pdf
Greenply Industries Limited,GREENPLY,NSE,2026-10-09T17:24:23,announcement,Updates,,https://nsearchives.nseindia.com/corporate/GREEN_09102026172347_SustainabilityReport_FY26.pdf
CP Capital Limited,CPCAP,NSE,2026-10-09T17:24:22,announcement,Amendment to AOA/MOA,,https://nsearchives.nseindia.com/corporate/CAREERP_09102026172342_CPCAPBMOutcome09102026.pdf
Nimbus Projects Limited,NIMBSPROJ,NSE,2026-10-09T17:21:36,announcement,Acquisition,,https://nsearchives.nseindia.com/corporate/NIMBUS_09102026172119_Incorporation_of_Subsidiary_co_HP.pdf
Atam Valves Limited,ATAM,NSE,2026-10-09T17:21:28,announcement,"Certificate under SEBI (Depositories and Participants) Regulations, 2018",,https://nsearchives.nseindia.com/corporate/ATAM_09102026171822_INTIMATIONTOEXCHANGEOCRATAMSIGNED.pdf
Jainik Power Cables Limited,JAINIK,NSE,2026-10-09T17:20:51,announcement,Credit Rating- New,,https://nsearchives.nseindia.com/corporate/JAINIK_09102026171910_Covering_Rating_Sheet.pdf
UCO Bank,UCOBANK,NSE,2026-10-09T17:20:33,announcement,Credit Rating,,https://nsearchives.nseindia.com/corporate/UCOBANK_09102026171732_NSEBSEINDIARATING09102026.pdf
Kalpataru Limited,KALPATARU,NSE,2026-10-09T17:20:15,announcement,General Updates,,https://nsearchives.nseindia.com/corporate/ravi_sah_09102026171937_Intimation_on_Operational_Update_H1_FY27.pdf
Thermax Limited,THERMAX,NSE,2026-10-09T17:19:06,announcement,Updates,,https://nsearchives.nseindia.com/corporate/THERMAXNSE_09102026171828_SEIntimationclarificationFEPL.pdf
CP Capital Limited,CPCAP,NSE,2026-10-09T17:18:12,announcement,Outcome of Board Meeting,,https://nsearchives.nseindia.com/corporate/CAREERP_09102026171757_CPCAPBMOutcome09102026.pdf
AYM Syntex Limited,AYMSYNTEX,NSE,2026-10-09T17:17:44,announcement,"Certificate under SEBI (Depositories and Participants) Regulations, 2018",,https://nsearchives.nseindia.com/corporate/AYMSYNTEX_09102026171725_AYMSL_Regulation74_5_CERT09102026.pdf
Jainik Power Cables Limited,JAINIK,NSE,2026-10-09T17:16:26,announcement,Integrated Filing- Governance,,https://nsearchives.nseindia.com/corporate/JAINIK_09102026171538_Covering_letter_and_report.pdf
Priti International Limited,PRITI,NSE,2026-10-09T17:15:39,announcement,Shareholders meeting,,https://nsearchives.nseindia.com/corporate/PRITI_09102026171521_AGM_MINUTES_Signed.pdf
Pranik Logistics Limited,PRANIK,NSE,2026-10-09T17:15:37,announcement,"Certificate under SEBI (Depositories and Participants) Regulations, 2018",,https://nsearchives.nseindia.com/corporate/PRANIK_09102026171447_Reg745Sep2026.pdf
Dynamic Services & Security Limited,DYNAMIC,NSE,2026-10-09T17:14:56,announcement,Awarding of order(s)/contract(s),,https://nsearchives.nseindia.com/corporate/DYNAMIC_09102026171441_Intimation.pdf
Wealth First Portfolio Managers Limited,WEALTH,NSE,2026-10-09T17:14:41,announcement,Analysts/Institutional Investor Meet/Con. Call Updates,,https://nsearchives.nseindia.com/corporate/WEALTH_09102026170744_IntimationofInvestorMeet.pdf
Vardhman Polytex Limited,VARDMNPOLY,NSE,2026-10-09T17:14:28,announcement,"Certificate under SEBI (Depositories and Participants) Regulations, 2018",,https://nsearchives.nseindia.com/corporate/VARDMNPOLY_09102026171418_Reg74_SEP2026.pdf
Mayasheel Ventures Limited,MAYASHEEL,NSE,2026-10-09T17:13:51,announcement,"Certificate under SEBI (Depositories and Participants) Regulations, 2018",,https://nsearchives.nseindia.com/corporate/MAYASHEEL_09102026171341_Regulation_76_Reconcilation_of_share_capital.pdf
Canara HSBC Life Insurance Company Limited,CANHLIFE,NSE,2026-10-09T17:13:42,announcement,Press Release,,https://nsearchives.nseindia.com/corporate/CANARAHSBCLIFE_09102026171211_PressReleaseOctober2026.pdf
Rossell Techsys Limited,ROSSTECH,NSE,2026-10-09T17:11:39,announcement,Shareholders meeting,,https://nsearchives.nseindia.com/corporate/9886945009_09102026171126_Corrigendum_to_EGM_Notice_SE_Intimation.pdf
Sandur Manganese & Iron Ores Limited,SANDUMA,NSE,2026-10-09T17:11:25,announcement,Copy of Newspaper Publication,,https://nsearchives.nseindia.com/corporate/SANDUR_09102026171032_Ltr2SEsSW.pdf
TECIL Chemicals and Hydro Power Limited,TECILCHEM,NSE,2026-10-09T17:09:50,announcement,"Certificate under SEBI (Depositories and Participants) Regulations, 2018",,https://nsearchives.nseindia.com/corporate/TECILCHEM_09102026170851_regulation74_5_forthequarterended30092026.pdf
Mankind Pharma Limited,MANKIND,NSE,2026-10-09T17:09:49,announcement,"Certificate under SEBI (Depositories and Participants) Regulations, 2018",,https://nsearchives.nseindia.com/corporate/MANKIND1_09102026170941_Covering745.pdf
Solara Active Pharma Sciences Limited,SOLARA,NSE,2026-10-09T17:09:43,announcement,Updates,,https://nsearchives.nseindia.com/corporate/SOLARA_09102026170813_SE_Intimation___approval_Signed.pdf
Hitachi Energy India Limited,POWERINDIA,NSE,2026-10-09T17:07:22,announcement,"Certificate under SEBI (Depositories and Participants) Regulations, 2018",,https://nsearchives.nseindia.com/corporate/HitachiEnergy_09102026170638_Binder1.pdf
Sadhav Shipping Limited,SADHAV,NSE,2026-10-09T17:07:15,announcement,"Certificate under SEBI (Depositories and Participants) Regulations, 2018",,https://nsearchives.nseindia.com/corporate/SADHAV_09102026170700_Certificate_Reg_76_Sept_2026.pdf
Elgi Rubber Company Limited,ELGIRUBCO,NSE,2026-10-09T17:06:00,announcement,Copy of Newspaper Publication,,https://nsearchives.nseindia.com/corporate/ELGIRUBCO_09102026170321_ERCL_Special_Window_NP_advertisement.pdf
Canara HSBC Life Insurance Company Limited,CANHLIFE,NSE,2026-10-09T17:03:37,announcement,Analysts/Institutional Investor Meet/Con. Call Updates,,https://nsearchives.nseindia.com/corporate/CANARAHSBCLIFE_09102026170058_InvestorPPT.pdf
Wanbury Limited,WANBURY,NSE,2026-10-09T17:02:50,announcement,"Certificate under SEBI (Depositories and Participants) Regulations, 2018",,https://nsearchives.nseindia.com/corporate/WANBURY_09102026170228_74_5_.pdf
Mayasheel Ventures Limited,MAYASHEEL,NSE,2026-10-09T17:02:35,announcement,"Certificate under SEBI (Depositories and Participants) Regulations, 2018",,https://nsearchives.nseindia.com/corporate/MAYASHEEL_09102026170226_Regulation_74_5__Dematerilaisation_30092026.pdf
Kamdhenu Limited,KAMDHENU,NSE,2026-10-09T17:02:28,announcement,"Certificate under SEBI (Depositories and Participants) Regulations, 2018",,https://nsearchives.nseindia.com/corporate/KAMDHENU_09102026170215_Reg_74_5__30092026.pdf
Influx Healthtech Limited,INFLUX,NSE,2026-10-09T17:02:27,announcement,"Certificate under SEBI (Depositories and Participants) Regulations, 2018",,https://nsearchives.nseindia.com/corporate/INFLUX_09102026170215_091026_IHL_74_5__Announcement_Signed.pdf
Cheviot Company Limited,CHEVIOT,NSE,2026-10-09T17:02:09,announcement,"Certificate under SEBI (Depositories and Participants) Regulations, 2018",,https://nsearchives.nseindia.com/corporate/CHEVIOT_09102026170152_74_5_.pdf
CCL Products (India) Limited,CCL,NSE,2026-10-09T17:01:25,announcement,"Certificate under SEBI (Depositories and Participants) Regulations, 2018",,https://nsearchives.nseindia.com/corporate/CCL_09102026170104_74_5___1_.pdf
Hindustan Copper Limited,HINDCOPPER,NSE,2026-10-09T17:00:16,announcement,Change in Management,,https://nsearchives.nseindia.com/corporate/HINDCOPPERMKD_09102026165903_SMP09102026TNN.pdf
L&T Technology Services Limited,LTTS,NSE,2026-10-09T16:59:40,announcement,"Certificate under SEBI (Depositories and Participants) Regulations, 2018",,https://nsearchives.nseindia.com/corporate/LTTS_09102026165832_LTTS_Certificate_74_5_sd.pdf
Gretex Corporate Services Limited,GCSL,NSE,2026-10-09T16:59:12,announcement,"Certificate under SEBI (Depositories and Participants) Regulations, 2018",,https://nsearchives.nseindia.com/corporate/bdesai_09102026165851_Regulation_74_5_.pdf
Surana Telecom and Power Limited,SURANAT&P,NSE,2026-10-09T16:59:03,announcement,"Certificate under SEBI (Depositories and Participants) Regulations, 2018",,https://nsearchives.nseindia.com/corporate/SURANAT_P_09102026165855_Certificate_under_Reg_74_5_.pdf
Religare Enterprises Limited,RELIGARE,NSE,2026-10-09T16:58:10,announcement,"Certificate under SEBI (Depositories and Participants) Regulations, 2018",,https://nsearchives.nseindia.com/corporate/RELIGARE_09102026165656_RELIGARE74_5_CERTIFICATE30092026.pdf
Pfizer Limited,PFIZER,NSE,2026-10-09T16:57:41,announcement,"Certificate under SEBI (Depositories and Participants) Regulations, 2018",,https://nsearchives.nseindia.com/corporate/PFIZER_09102026165731_SEintimation.pdf
Poonawalla Fincorp Limited,POONAWALLA,NSE,2026-10-09T16:57:10,announcement,Statement of deviation(s) or variation(s) under Reg. 32,,https://nsearchives.nseindia.com/corporate/POONAWALLA_09102026165657_PFLoutcomeofBM09102026s.pdf
LCC Projects Limited,LCCPROJECT,NSE,2026-10-09T16:56:47,announcement,"Certificate under SEBI (Depositories and Participants) Regulations, 2018",,https://nsearchives.nseindia.com/corporate/LCCPROJECTS_09102026165635_Regulation_74_4__LCC_PROJECTS_LIMITED_SIGNED__2_.pdf
Gretex Industries Limited,GRETEX,NSE,2026-10-09T16:56:25,announcement,"Certificate under SEBI (Depositories and Participants) Regulations, 2018",,https://nsearchives.nseindia.com/corporate/GRETEX_09102026165610_Reg74_5_30092026.pdf
Bank of India,BANKINDIA,NSE,2026-10-09T16:56:22,announcement,"Certificate under SEBI (Depositories and Participants) Regulations, 2018",,https://nsearchives.nseindia.com/corporate/BANKINDIA2_09102026165603_RTA_74_5.pdf
The Indian Hotels Company Limited,INDHOTEL,NSE,2026-10-09T16:55:56,announcement,"Certificate under SEBI (Depositories and Participants) Regulations, 2018",,https://nsearchives.nseindia.com/corporate/harshmalik_09102026165545_IHCL_74_5_30092026.pdf
Lovable Lingerie Limited,LOVABLE,NSE,2026-10-09T16:55:55,announcement,"Certificate under SEBI (Depositories and Participants) Regulations, 2018",,https://nsearchives.nseindia.com/corporate/LOVABLE_09102026165256_74_5_covering_merged_FINAL.pdf
Pearl Global Industries Limited,PGIL,NSE,2026-10-09T16:55:48,announcement,Copy of Newspaper Publication,,https://nsearchives.nseindia.com/corporate/PGIL_09102026165532_Intimation_Newspaper_Publication.pdf
SPR Auto Technologies Limited,SHRIPISTON,NSE,2026-10-09T16:55:16,announcement,Copy of Newspaper Publication,,https://nsearchives.nseindia.com/corporate/SHRIPISTON_09102026165438_RELODGMENTSHARESOCT.pdf
Fujiyama Power Systems Limited,UTLSOLAR,NSE,2026-10-09T16:55:11,announcement,"Certificate under SEBI (Depositories and Participants) Regulations, 2018",,https://nsearchives.nseindia.com/corporate/UTLSOLAR2024_09102026165432_Reg_74_sep_26.pdf
Mayasheel Ventures Limited,MAYASHEEL,NSE,2026-10-09T16:54:55,announcement,Quarterly Compliance Report on Corporate governance - within 21 days from the end of the quarter,,https://nsearchives.nseindia.com/corporate/MAYASHEEL_09102026165429_Intimation_non-applicability_reg_27_2__30092026.pdf
Poonawalla Fincorp Limited,POONAWALLA,NSE,2026-10-09T16:54:31,announcement,Change in Director(s),,https://nsearchives.nseindia.com/corporate/POONAWALLA_09102026165331_PFLoutcomeofBM09102026s.pdf
Ajmera Realty & Infra India Limited,AJMERA,NSE,2026-10-09T16:54:26,announcement,Press Release,,https://nsearchives.nseindia.com/corporate/AJMERA_09102026165157_Intimation-sd.pdf
Shreedhar Spinners Limited,SHREEDHAR,NSE,2026-10-09T16:54:23,announcement,"Certificate under SEBI (Depositories and Participants) Regulations, 2018",,https://nsearchives.nseindia.com/corporate/SHREEDHAR_09102026165414_09102026.pdf
Waterways Leisure Tourism Limited,CORDELIA,NSE,2026-10-09T16:54:20,announcement,Outcome of Board Meeting,,https://nsearchives.nseindia.com/corporate/CORDELIA_09102026165305_Outcome_of_BM_09102026.pdf
Autoline Industries Limited,AUTOIND,NSE,2026-10-09T16:53:57,announcement,"Certificate under SEBI (Depositories and Participants) Regulations, 2018",,https://nsearchives.nseindia.com/corporate/AUTOIND_09102026165340_AIL_-_Regulation_74__5_.pdf
Hubtown Limited,HUBTOWN,NSE,2026-10-09T16:53:54,announcement,Acquisition,,https://nsearchives.nseindia.com/corporate/HUBTOWN_09102026165338_SE_Intimation_for_Right_Issue_of_RTPL12.pdf
Ramky Infrastructure Limited,RAMKY,NSE,2026-10-09T16:53:28,announcement,"Certificate under SEBI (Depositories and Participants) Regulations, 2018",,https://nsearchives.nseindia.com/corporate/RAMKY_09102026165317_Intimation.pdf
TSC India Limited,TSC,NSE,2026-10-09T16:51:44,announcement,"Certificate under SEBI (Depositories and Participants) Regulations, 2018",,https://nsearchives.nseindia.com/corporate/TSCINDIA_09102026165100_INTIMATIONTOEXCHANGETSCOCRSIGNED.pdf
Mayasheel Ventures Limited,MAYASHEEL,NSE,2026-10-09T16:48:48,announcement,Integrated Filing- Governance,,https://nsearchives.nseindia.com/corporate/MAYASHEEL_09102026164839_IntergratedGovernance_30092026.pdf
GFL Limited,GFLLIMITED,NSE,2026-10-09T16:47:03,announcement,"Certificate under SEBI (Depositories and Participants) Regulations, 2018",,https://nsearchives.nseindia.com/corporate/GFLLIMITED_09102026164645_Upload.pdf
Mahanagar Telephone Nigam Limited,MTNL,NSE,2026-10-09T16:46:49,announcement,General Updates,,https://nsearchives.nseindia.com/corporate/MTNL_09102026164539_SE_SD_QRT_09102026.pdf
Bharat Petroleum Corporation Limited,BPCL,NSE,2026-10-09T16:46:46,announcement,Copy of Newspaper Publication,,https://nsearchives.nseindia.com/corporate/BPCL26_09102026164630_CoverNote1signed.pdf
NBCC (India) Limited,NBCC,NSE,2026-10-09T16:45:08,announcement,General Updates,,https://nsearchives.nseindia.com/corporate/NBCC_09102026164358_Intimation_of_merger.pdf
S D Retail Limited,SDREAMS,NSE,2026-10-09T16:44:51,announcement,"Certificate under SEBI (Depositories and Participants) Regulations, 2018",,https://nsearchives.nseindia.com/corporate/SDRETAIL_09102026164442_Regulation_74_5_.pdf
Niva Bupa Health Insurance Company Limited,NIVABUPA,NSE,2026-10-09T16:44:48,announcement,Committee Meeting Updates,,https://nsearchives.nseindia.com/corporate/MAXBUPA_09102026164433_Outcome_-_DRC_Meeting_Final.pdf
Rane Holdings Limited,RANEHOLDIN,NSE,2026-10-09T16:44:33,announcement,Pendency of Litigation(s)/dispute(s) or the outcome impacting the Company,,https://nsearchives.nseindia.com/corporate/RANEHOLDIN_09102026164353_RHL_RSSL_GST_SCN_08102026_SD.pdf
Ceinsys Tech Limited,CEINSYS,NSE,2026-10-09T16:44:29,announcement,"Certificate under SEBI (Depositories and Participants) Regulations, 2018",,https://nsearchives.nseindia.com/corporate/CEINSYSTECH_09102026164413_SubmissionofCertificateunderRegulation74SEP2026.pdf
Aditya Birla Capital Limited,ABCAPITAL,NSE,2026-10-09T16:42:51,announcement,ESOP/ESOS/ESPS,,https://nsearchives.nseindia.com/corporate/ABCAPITAL_09102026164241_ESOPse09Oct2026Final_Signed.pdf
Mahindra & Mahindra Limited,M&M,NSE,2026-10-09T16:42:49,announcement,General Updates,,https://nsearchives.nseindia.com/corporate/AmitDodani_09102026164235_MonthlyReportSept2026.pdf
Innovision Limited,INNOVISION,NSE,2026-10-09T16:42:29,announcement,Awarding of order(s)/contract(s),,https://nsearchives.nseindia.com/corporate/INNOVISION2007_09102026164205_Workorder_Aerodrone_091026_signed.pdf
Canara HSBC Life Insurance Company Limited,CANHLIFE,NSE,2026-10-09T16:41:53,announcement,Outcome of Board Meeting,,https://nsearchives.nseindia.com/corporate/CANARAHSBCLIFE_09102026164115_Outcomesigned.pdf
5Paisa Capital Limited,5PAISA,NSE,2026-10-09T16:41:45,announcement,Updates,,https://nsearchives.nseindia.com/corporate/5PAISA_09102026164040_EXINTIMATION.pdf
Felix Industries Limited,FELIX,NSE,2026-10-09T16:41:27,announcement,General Updates,,https://nsearchives.nseindia.com/corporate/FELIX_09102026164111_Regulation30.pdf
Mahanagar Telephone Nigam Limited,MTNL,NSE,2026-10-09T16:41:01,announcement,General Updates,,https://nsearchives.nseindia.com/corporate/MTNL_09102026164022_SE_SD_MONTHLY_09102026.pdf
Brigade Hotel Ventures Limited,BRIGHOTEL,NSE,2026-10-09T16:41:00,announcement,"Certificate under SEBI (Depositories and Participants) Regulations, 2018",,https://nsearchives.nseindia.com/corporate/BRIGADE2_09102026164048_BHVLCertificateunderReg74_5_30092026.pdf
Ambuja Cements Limited,AMBUJACEM,NSE,2026-10-09T16:39:56,announcement,"Certificate under SEBI (Depositories and Participants) Regulations, 2018",,https://nsearchives.nseindia.com/corporate/AMBUJACEM_09102026163933_ACL_REG74_INTIMATION_09102026.pdf
DCX Systems Limited,DCXINDIA,NSE,2026-10-09T16:37:39,announcement,"Certificate under SEBI (Depositories and Participants) Regulations, 2018",,https://nsearchives.nseindia.com/corporate/DCX_2022_09102026163731_Certificate_74_5_.pdf
Canara HSBC Life Insurance Company Limited,CANHLIFE,NSE,2026-10-09T16:37:16,announcement,Outcome of Board Meeting,,https://nsearchives.nseindia.com/corporate/CANARAHSBCLIFE_09102026163443_Outcomesigned.pdf
Afcons Infrastructure Limited,AFCONS,NSE,2026-10-09T16:35:28,announcement,Action(s) taken or orders passed,,https://nsearchives.nseindia.com/corporate/AFCONS_09102026163425_Afcons_Intimation_GST_Order_Gujratdate09102026.pdf
Poonawalla Fincorp Limited,POONAWALLA,NSE,2026-10-09T16:35:04,announcement,Press Release,,https://nsearchives.nseindia.com/corporate/POONAWALLA_09102026163448_PFLPressrelease09102026.pdf
Agro Phos India Limited,AGROPHOS,NSE,2026-10-09T16:35:02,announcement,"Certificate under SEBI (Depositories and Participants) Regulations, 2018",,https://nsearchives.nseindia.com/corporate/AGROPHOS_09102026163421_Certificate_signed.pdf
Vinsys IT Services India Limited,VINSYS,NSE,2026-10-09T16:34:34,announcement,"Certificate under SEBI (Depositories and Participants) Regulations, 2018",,https://nsearchives.nseindia.com/corporate/VINSYS_09102026163346_ComplianceCertificate.pdf
TARC Limited,TARC,NSE,2026-10-09T16:33:51,announcement,"Certificate under SEBI (Depositories and Participants) Regulations, 2018",,https://nsearchives.nseindia.com/corporate/TARC_09102026163327_74sep2026.pdf
Brigade Enterprises Limited,BRIGADE,NSE,2026-10-09T16:33:28,announcement,Press Release,,https://nsearchives.nseindia.com/corporate/BRIGADE_09102026163320_29PressReleaseBrigadeShowcase.pdf
Chaman Lal Setia Exports Limited,CLSEL,NSE,2026-10-09T16:33:09,announcement,"Certificate under SEBI (Depositories and Participants) Regulations, 2018",,https://nsearchives.nseindia.com/corporate/CLSEL_09102026163255_Final.pdf
Surani Steel Tubes Limited,SURANI,NSE,2026-10-09T16:31:40,announcement,Copy of Newspaper Publication,,https://nsearchives.nseindia.com/corporate/SURANI_09102026163125_CopyOfNewspaperPublicationOfEGMNoticeSurani.pdf
Poonawalla Fincorp Limited,POONAWALLA,NSE,2026-10-09T16:31:13,announcement,Investor Presentation,,https://nsearchives.nseindia.com/corporate/POONAWALLA_09102026163102_PFLInvestorPresentation09102026.pdf
Connplex Cinemas Limited,CONNPLEX,NSE,2026-10-09T16:31:13,announcement,Shareholders meeting,,https://nsearchives.nseindia.com/corporate/CONNPLEX_09102026162809_Proceedings_of_EGM_final_s.pdf
Shoppers Stop Limited,SHOPERSTOP,NSE,2026-10-09T16:29:02,announcement,Analysts/Institutional Investor Meet/Con. Call Updates,,https://nsearchives.nseindia.com/corporate/SHOPERSTOP_09102026162818_SEEarningsCall.pdf
PB Fintech Limited,POLICYBZR,NSE,2026-10-09T16:28:39,announcement,"Certificate under SEBI (Depositories and Participants) Regulations, 2018",,https://nsearchives.nseindia.com/corporate/POLICYBZR_09102026162640_CertificateRegulation7430092026.pdf
Orchid Pharma Limited,ORCHPHARMA,NSE,2026-10-09T16:28:30,announcement,"Certificate under SEBI (Depositories and Participants) Regulations, 2018",,https://nsearchives.nseindia.com/corporate/ORCHPHARMA_09102026162758_Stx_Ltr.pdf
Finkurve Financial Services Limited,FINKURVE,NSE,2026-10-09T16:27:53,announcement,"Certificate under SEBI (Depositories and Participants) Regulations, 2018",,https://nsearchives.nseindia.com/corporate/FINKURVE_09102026162743_Regulation_76.pdf
Geekay Wires Limited,GEEKAYWIRE,NSE,2026-10-09T16:27:16,announcement,"Certificate under SEBI (Depositories and Participants) Regulations, 2018",,https://nsearchives.nseindia.com/corporate/GEEKAYWIRE_09102026162642_GK74.pdf
Poonawalla Fincorp Limited,POONAWALLA,NSE,2026-10-09T16:26:12,announcement,Outcome of Board Meeting,,https://nsearchives.nseindia.com/corporate/POONAWALLA_09102026162557_PFLoutcomeofBM09102026s.pdf
Bhansali Engineering Polymers Limited,BEPL,NSE,2026-10-09T16:26:12,announcement,Updates,,https://nsearchives.nseindia.com/corporate/BEPL_09102026162547_finalsigned.pdf
Mahindra EPC Irrigation Limited,MAHEPC,NSE,2026-10-09T16:25:47,announcement,"Certificate under SEBI (Depositories and Participants) Regulations, 2018",,https://nsearchives.nseindia.com/corporate/MAHEPC_09102026162519_certificateunderreg745dp30092026signed.pdf
Saksoft Limited,SAKSOFT,NSE,2026-10-09T16:25:40,announcement,Amalgamation/Merger,,https://nsearchives.nseindia.com/corporate/SAKSOFT_09102026162525_Intimation_to_SE_-_Revised_order_signed.pdf
Redtape Limited,REDTAPE,NSE,2026-10-09T16:24:40,announcement,"Certificate under SEBI (Depositories and Participants) Regulations, 2018",,https://nsearchives.nseindia.com/corporate/REDTAPE_09102026162422_Regulation_74_5_.pdf
Kalyani Commercials Limited,KALYANI,NSE,2026-10-09T16:22:38,announcement,"Certificate under SEBI (Depositories and Participants) Regulations, 2018",,https://nsearchives.nseindia.com/corporate/KALYANI_09102026162221_Certificate_74_5__signed.pdf
United Breweries Limited,UBL,NSE,2026-10-09T16:22:37,announcement,Product launch,,https://nsearchives.nseindia.com/corporate/UBLSJR_09102026162210_DisclosureMaterialEventHeinekenSilver09102026.pdf
Womancart Limited,WOMANCART,NSE,2026-10-09T16:22:22,announcement,"Certificate under SEBI (Depositories and Participants) Regulations, 2018",,https://nsearchives.nseindia.com/corporate/WOMANCART_09102026162015_Upload.pdf
Solar Industries India Limited,SOLARINDS,NSE,2026-10-09T16:21:41,announcement,"Certificate under SEBI (Depositories and Participants) Regulations, 2018",,https://nsearchives.nseindia.com/corporate/SOLARINDS_09102026162117_Regulation74Sd.pdf
Dr. Lal Path Labs Ltd.,LALPATHLAB,NSE,2026-10-09T16:19:57,announcement,"Certificate under SEBI (Depositories and Participants) Regulations, 2018",,https://nsearchives.nseindia.com/corporate/LALPATHLAB_09102026161947_74_5september302026.pdf
Health X Platform Limited,HEALTHX,NSE,2026-10-09T16:18:41,announcement,"Certificate under SEBI (Depositories and Participants) Regulations, 2018",,https://nsearchives.nseindia.com/corporate/SASTASUNDR_09102026161539_HXLReg74_5_DP30092026_Signed.pdf
Bharat Bijlee Limited,BBL,NSE,2026-10-09T16:18:27,announcement,"Certificate under SEBI (Depositories and Participants) Regulations, 2018",,https://nsearchives.nseindia.com/corporate/BBL_09102026161710_BBLReg745SEBIDP201830092026BSENSE.pdf
Jindal Drilling And Industries Limited,JINDRILL,NSE,2026-10-09T16:18:10,announcement,"Certificate under SEBI (Depositories and Participants) Regulations, 2018",,https://nsearchives.nseindia.com/corporate/JINDRILL_09102026161749_745JDIL.pdf
AMD Industries Limited,AMDIND,NSE,2026-10-09T16:15:39,announcement,Updates,,https://nsearchives.nseindia.com/corporate/AMDIND_09102026161338_oct.pdf
Infinium Pharmachem Limited,INFINIUM,NSE,2026-10-09T16:14:41,announcement,Integrated Filing- Governance,,https://nsearchives.nseindia.com/corporate/INFINIUM1_09102026161427_Final_pdf.pdf
My Mudra Fincorp Limited,MYMUDRA,NSE,2026-10-09T16:13:58,announcement,Resignation of Director/KMP/SMP,,https://nsearchives.nseindia.com/corporate/MYMUDRA_ROID_100073_KMP_Doc.zip
Infinium Pharmachem Limited,INFINIUM,NSE,2026-10-09T16:12:07,announcement,"Certificate under SEBI (Depositories and Participants) Regulations, 2018",,https://nsearchives.nseindia.com/corporate/INFINIUM1_09102026161146_Final_pdf.pdf
HeidelbergCement India Limited,HEIDELBERG,NSE,2026-10-09T16:11:50,announcement,"Certificate under SEBI (Depositories and Participants) Regulations, 2018",,https://nsearchives.nseindia.com/corporate/HEIDELBERG_09102026161104_74_5_-sd.pdf
Hindustan Media Ventures Limited,HMVL,NSE,2026-10-09T16:10:56,announcement,"Certificate under SEBI (Depositories and Participants) Regulations, 2018",,https://nsearchives.nseindia.com/corporate/HMVL_09102026161028_74_5___September_2026_pdf.pdf
Patel Engineering Limited,PATELENG,NSE,2026-10-09T16:10:39,announcement,"Certificate under SEBI (Depositories and Participants) Regulations, 2018",,https://nsearchives.nseindia.com/corporate/PATELENG_09102026161028_SEintimationunderseventyfourfive.pdf
Accelya Solutions India Limited,ACCELYA,NSE,2026-10-09T16:09:54,announcement,"Certificate under SEBI (Depositories and Participants) Regulations, 2018",,https://nsearchives.nseindia.com/corporate/ACCELYA_09102026160849_Certificate_Regulation_74_5_.pdf
Tembo Global Industries Limited,TEMBO,NSE,2026-10-09T16:09:47,announcement,Resignation,,https://nsearchives.nseindia.com/corporate/TEMBO_09102026160924_Intimation_to_NSE_Resignation_of_CS1_SD.pdf
NOCIL Limited,NOCIL,NSE,2026-10-09T16:09:24,announcement,"Certificate under SEBI (Depositories and Participants) Regulations, 2018",,https://nsearchives.nseindia.com/corporate/NOCIL_09102026160906_PDF_Coverletter_Signed.pdf
My Mudra Fincorp Limited,MYMUDRA,NSE,2026-10-09T16:09:14,announcement,Resignation,,https://nsearchives.nseindia.com/corporate/MYMUDRA_09102026160904_Intimation-_Resignation_of_Madan_Sardarsigned.pdf
Transindia Real Estate Limited,TREL,NSE,2026-10-09T16:08:31,announcement,"Certificate under SEBI (Depositories and Participants) Regulations, 2018",,https://nsearchives.nseindia.com/corporate/TRANSINDIA_09102026160744_Reg_74_5__RTA_Certificate_Q2_Sept_30_2026.pdf
Essar Shipping Limited,ESSARSHPNG,NSE,2026-10-09T16:07:27,announcement,"Certificate under SEBI (Depositories and Participants) Regulations, 2018",,https://nsearchives.nseindia.com/corporate/ESSARSHPNG_09102026160708_Reg_74_Essar_signed.pdf
Alpex Solar Limited,ALPEXSOLAR,NSE,2026-10-09T16:05:52,announcement,"Certificate under SEBI (Depositories and Participants) Regulations, 2018",,https://nsearchives.nseindia.com/corporate/ALPEXSOLAR_09102026160540_File.pdf
Avana Electrosystems Limited,AVANA,NSE,2026-10-09T16:05:21,announcement,Quarterly Compliance Report on Corporate governance - within 21 days from the end of the quarter,,https://nsearchives.nseindia.com/corporate/AVANAELECTROSYSTEMS_09102026160417_Avana_-_CG_Exemption_-_30092026.pdf
Silky Overseas Limited,SILKY,NSE,2026-10-09T16:01:27,announcement,Structural Digital Database,,https://nsearchives.nseindia.com/corporate/SILKYOVERSEAS_09102026160057_SDD_Compliance_Certificate.pdf
Kotyark Industries Limited,KOTYARK,NSE,2026-10-09T16:01:00,announcement,Updates,,https://nsearchives.nseindia.com/corporate/KOTYARK_09102026160002_Reg29_BM_Cancellation.pdf
CSL Finance Limited,CSLFINANCE,NSE,2026-10-09T16:00:47,announcement,Disclosure under SEBI Takeover Regulations,,https://nsearchives.nseindia.com/corporate/team_bbodade_09102026155932_CSLFINANCE.pdf
Kanpur Plastipack Limited,KANPRPLA,NSE,2026-10-09T15:59:52,announcement,Press Release,,https://nsearchives.nseindia.com/corporate/KANPRPLA_09102026155944_Submission_newspaper_special_window.pdf
Jagsonpal Pharmaceuticals Limited,JAGSNPHARM,NSE,2026-10-09T15:59:34,announcement,"Certificate under SEBI (Depositories and Participants) Regulations, 2018",,https://nsearchives.nseindia.com/corporate/JAGSNPHARM_09102026155924_Certificate74_5_.pdf
Alivus Life Sciences Limited,ALIVUS,NSE,2026-10-09T15:58:55,announcement,General Updates,,https://nsearchives.nseindia.com/corporate/GLS_09102026155635_BSE_NSE_PressRelease_09102026_GST_Signed.pdf
Pavna Industries Limited,PAVNAIND,NSE,2026-10-09T15:57:54,announcement,Sale or disposal,,https://nsearchives.nseindia.com/corporate/PAVNA_09102026155701_DisclosureDisinvestmentSSPL09102026sd.pdf
India Glycols Limited,INDIAGLYCO,NSE,2026-10-09T15:57:31,announcement,Price movement,,https://nsearchives.nseindia.com/corporate/INDIAGLYCO_09102026155704_Reply_09_Oct_2026.pdf
Crayons Advertising Limited,CRAYONS,NSE,2026-10-09T15:57:09,announcement,Structural Digital Database,,https://nsearchives.nseindia.com/corporate/CRAYONSAD_09102026155654_SDD__Complinace_Certificate_merged.pdf
Nelcast Limited,NELCAST,NSE,2026-10-09T15:54:47,announcement,"Certificate under SEBI (Depositories and Participants) Regulations, 2018",,https://nsearchives.nseindia.com/corporate/NELCAST1_09102026155432_Reg74_5_DematUploadSep26_Signed.pdf
Innovision Limited,INNOVISION,NSE,2026-10-09T15:53:15,announcement,Awarding of order(s)/contract(s),,https://nsearchives.nseindia.com/corporate/INNOVISION2007_09102026155306_Workorder_Manpower_Chattisgarh_Health_Deptt_091026_Signed.pdf
Mukka Proteins Limited,MUKKA,NSE,2026-10-09T15:50:33,announcement,Commencement of commercial production/operations,,https://nsearchives.nseindia.com/corporate/MUKKA_09102026155012_Intimation_of_commercial_production.pdf
FSN E-Commerce Ventures Limited,NYKAA,NSE,2026-10-09T15:50:31,announcement,ESOP/ESOS/ESPS,,https://nsearchives.nseindia.com/corporate/NYKAA_09102026155013_NykaaIntimation.pdf
Shemaroo Entertainment Limited,SHEMAROO,NSE,2026-10-09T15:50:27,announcement,"Certificate under SEBI (Depositories and Participants) Regulations, 2018",,https://nsearchives.nseindia.com/corporate/SHEMAROO_09102026155013_UP_74_5.pdf
State Bank of India,SBIN,NSE,2026-10-09T15:50:05,announcement,Copy of Newspaper Publication,,https://nsearchives.nseindia.com/corporate/SBIN_09102026154949_NewsPaper09102026.pdf
Bata India Limited,BATAINDIA,NSE,2026-10-09T15:48:19,announcement,Resignation of Director/KMP/SMP,,https://nsearchives.nseindia.com/corporate/BATAINDIA_ROID_100068_KMP_Doc.zip
5Paisa Capital Limited,5PAISA,NSE,2026-10-09T15:47:19,announcement,"Certificate under SEBI (Depositories and Participants) Regulations, 2018",,https://nsearchives.nseindia.com/corporate/5PAISA_09102026154637_EXINTIMATION.pdf
Satin Creditcare Network Limited,SATIN,NSE,2026-10-09T15:47:19,announcement,Credit Rating,,https://nsearchives.nseindia.com/corporate/SATIN_09102026154622_SCNL.pdf
Vishnusurya Projects and Infra Limited,VISHNUINFR,NSE,2026-10-09T15:46:32,announcement,"Certificate under SEBI (Depositories and Participants) Regulations, 2018",,https://nsearchives.nseindia.com/corporate/VISHNUSURYA_09102026154618_IntimationunderReg74_5__.pdf
Advanced Enzyme Technologies Limited,ADVENZYMES,NSE,2026-10-09T15:46:02,announcement,"Certificate under SEBI (Depositories and Participants) Regulations, 2018",,https://nsearchives.nseindia.com/corporate/AETL_09102026154550_Intimation09102026.pdf
GK Energy Limited,GKENERGY,NSE,2026-10-09T15:45:54,announcement,"Certificate under SEBI (Depositories and Participants) Regulations, 2018",,https://nsearchives.nseindia.com/corporate/GKENERGY_09102026154545_Intimation_sd.pdf
Jagran Prakashan Limited,JAGRAN,NSE,2026-10-09T15:45:32,announcement,General Updates,,https://nsearchives.nseindia.com/corporate/JAGRAN_09102026154318_JPLREG30DISCLOSURE009102026.pdf
Party Cruisers Limited,PARTYCRUS,NSE,2026-10-09T15:44:45,announcement,"Certificate under SEBI (Depositories and Participants) Regulations, 2018",,https://nsearchives.nseindia.com/corporate/PARTYCRUISERS_09102026154436_Reg_74_5_.pdf
Oriana Power Limited,ORIANA,NSE,2026-10-09T15:43:42,announcement,Shareholders meeting,,https://nsearchives.nseindia.com/corporate/ORIANA_09102026154246_Oriana_Intimation_Notice_of_Postal_Ballot_09102026.pdf
Solara Active Pharma Sciences Limited,SOLARA,NSE,2026-10-09T15:43:31,announcement,"Certificate under SEBI (Depositories and Participants) Regulations, 2018",,https://nsearchives.nseindia.com/corporate/SOLARA_09102026153544_SE_74_5__signed.pdf
Coal India Limited,COALINDIA,NSE,2026-10-09T15:40:55,announcement,Copy of Newspaper Publication,,https://nsearchives.nseindia.com/corporate/COALINDIA_09102026154027_NP-5th_Intimation.pdf
Ashok Leyland Limited,ASHOKLEY,NSE,2026-10-09T15:40:43,announcement,Credit Rating,,https://nsearchives.nseindia.com/corporate/ASHOKLEYLAND_09102026154018_40Creditratings09102026PDF.pdf
Chemfab Alkalis Limited,CHEMFAB,NSE,2026-10-09T15:40:16,announcement,"Certificate under SEBI (Depositories and Participants) Regulations, 2018",,https://nsearchives.nseindia.com/corporate/CHEMFAB_09102026154008_CCAL_Reg_74_5__2026-27_Q2FSD.pdf
Veedol Corporation Limited,VEEDOL,NSE,2026-10-09T15:39:57,announcement,"Certificate under SEBI (Depositories and Participants) Regulations, 2018",,https://nsearchives.nseindia.com/corporate/TIDEWATER1_09102026153946_Reg74DPregulations.pdf
Vilas Transcore Limited,VILAS,NSE,2026-10-09T15:39:42,announcement,"Certificate under SEBI (Depositories and Participants) Regulations, 2018",,https://nsearchives.nseindia.com/corporate/VILAS_09102026153924_Regulation_74_5_.pdf
Mukka Proteins Limited,MUKKA,NSE,2026-10-09T15:38:10,announcement,Giving guarantees/indemnity/ becoming a surety for third party,,https://nsearchives.nseindia.com/corporate/MUKKA_09102026153629_Intimation_of_Corporate_Gurantee.pdf
Happy Square Outsourcing Services Limited,WHITEFORCE,NSE,2026-10-09T15:37:21,announcement,Quarterly Compliance Report on Corporate governance - within 21 days from the end of the quarter,,https://nsearchives.nseindia.com/corporate/HAPPYSQUARE_09102026153525_Non_Applicability_of_Corporate_Governance_Reeculation_27.pdf
K.P.R. Mill Limited,KPRMILL,NSE,2026-10-09T15:36:59,announcement,"Certificate under SEBI (Depositories and Participants) Regulations, 2018",,https://nsearchives.nseindia.com/corporate/KPRMILL_09102026153631_Certificate_74_5__SEBI_DP__Regulations.pdf
GUJARAT ENERGY LIMITED,GUJENERGY,NSE,2026-10-09T15:36:53,announcement,Credit Rating,,https://nsearchives.nseindia.com/corporate/GUJGASLTD_09102026153629_1628SECESGRatingInti09102026.pdf
Bata India Limited,BATAINDIA,NSE,2026-10-09T15:36:22,announcement,Resignation,,https://nsearchives.nseindia.com/corporate/BATAINDIA_09102026153457_Change_in_SMP_SE_Intimation_Signed.pdf
RACL Geartech Limited,RACLGEAR,NSE,2026-10-09T15:36:14,announcement,Copy of Newspaper Publication,,https://nsearchives.nseindia.com/corporate/RACL1983_09102026153604_Newspaper_Intimation.pdf
The Hi-Tech Gears Limited,HITECHGEAR,NSE,2026-10-09T15:36:09,announcement,"Certificate under SEBI (Depositories and Participants) Regulations, 2018",,https://nsearchives.nseindia.com/corporate/HITECHGEAR_09102026153555_74_5__Signed_Disclosure.pdf
Prizor Viztech Limited,PRIZOR,NSE,2026-10-09T15:35:38,announcement,Quarterly Compliance Report on Corporate governance - within 21 days from the end of the quarter,,https://nsearchives.nseindia.com/corporate/PRIZOR_09102026153521_Letter.pdf
Genus Power Infrastructures Limited,GENUSPOWER,NSE,2026-10-09T15:35:30,announcement,Analysts/Institutional Investor Meet/Con. Call Updates,,https://nsearchives.nseindia.com/corporate/GENUSPOWER_09102026153509_Intimation.pdf
Greaves Cotton Limited,GREAVESCOT,NSE,2026-10-09T15:35:24,announcement,Press Release,,https://nsearchives.nseindia.com/corporate/GREAVESCOT_09102026153457_GCL_PR_New_Dealership_Openingsd.pdf
Noida Toll Bridge Company Limited,NOIDATOLL,NSE,2026-10-09T15:34:20,announcement,Structural Digital Database,,https://nsearchives.nseindia.com/corporate/NOIDATOLL_09102026153406_SDD.pdf
Prizor Viztech Limited,PRIZOR,NSE,2026-10-09T15:34:04,announcement,"Certificate under SEBI (Depositories and Participants) Regulations, 2018",,https://nsearchives.nseindia.com/corporate/PRIZOR_09102026153336_Letter.pdf
Happy Square Outsourcing Services Limited,WHITEFORCE,NSE,2026-10-09T15:32:52,announcement,"Certificate under SEBI (Depositories and Participants) Regulations, 2018",,https://nsearchives.nseindia.com/corporate/HAPPYSQUARE_09102026153236_Disclosure_Reg74.pdf
Sadhav Shipping Limited,SADHAV,NSE,2026-10-09T15:32:36,announcement,Quarterly Compliance Report on Corporate governance - within 21 days from the end of the quarter,,https://nsearchives.nseindia.com/corporate/SADHAV_09102026153203_Non-applicability_of_Corporate_Governance_Sept_2026.pdf
MphasiS Limited,MPHASIS,NSE,2026-10-09T15:32:24,announcement,Analysts/Institutional Investor Meet/Con. Call Updates,,https://nsearchives.nseindia.com/corporate/MPHASIS_09102026153148_Intimation_of_Investor_or_Analyst_Meet-Q2FY27-F_sd.pdf
Quicktouch Technologies Limited,QUICKTOUCH,NSE,2026-10-09T15:30:45,announcement,"Certificate under SEBI (Depositories and Participants) Regulations, 2018",,https://nsearchives.nseindia.com/corporate/QTLIPO_09102026153013_Reg74_5_.pdf
Namo eWaste Management Limited,NAMOEWASTE,NSE,2026-10-09T15:29:31,announcement,Integrated Filing- Governance,,https://nsearchives.nseindia.com/corporate/NAMOEWASTE_09102026152918_Integrated_Governance_sept_26.pdf
Sadhav Shipping Limited,SADHAV,NSE,2026-10-09T15:29:06,announcement,Integrated Filing- Governance,,https://nsearchives.nseindia.com/corporate/SADHAV_09102026152817_Statement_of_Investor_Compliants-Sept_2026.pdf
Solarworld Energy Solutions Limited,SOLARWORLD,NSE,2026-10-09T15:28:24,announcement,"Certificate under SEBI (Depositories and Participants) Regulations, 2018",,https://nsearchives.nseindia.com/corporate/SUNSHINE123_09102026152809_Intimation_Reg_74_5_.pdf
Maithan Alloys Limited,MAITHANALL,NSE,2026-10-09T15:27:29,announcement,Others,,https://nsearchives.nseindia.com/corporate/MAITHANALL_09102026152713_ESDS.pdf
Trom Industries Limited,TROM,NSE,2026-10-09T15:26:22,announcement,"Certificate under SEBI (Depositories and Participants) Regulations, 2018",,https://nsearchives.nseindia.com/corporate/TROM2024_09102026152611_74_5__Trom.pdf
Maithan Alloys Limited,MAITHANALL,NSE,2026-10-09T15:26:04,announcement,Others,,https://nsearchives.nseindia.com/corporate/MAITHANALL_09102026152538_HFCL.pdf
Sadhav Shipping Limited,SADHAV,NSE,2026-10-09T15:25:42,announcement,"Certificate under SEBI (Depositories and Participants) Regulations, 2018",,https://nsearchives.nseindia.com/corporate/SADHAV_09102026152457_Certificate_Reg_74_5__Sept_2026.pdf
ACC Limited,ACC,NSE,2026-10-09T15:23:59,announcement,"Certificate under SEBI (Depositories and Participants) Regulations, 2018",,https://nsearchives.nseindia.com/corporate/ACC_1_09102026152346_Disclosure_74_5__ACC.pdf
Zodiac Energy Limited,ZODIAC,NSE,2026-10-09T15:23:24,announcement,Credit Rating,,https://nsearchives.nseindia.com/corporate/ZODIAC_09102026152309_Credit_Rating_Zodiac.pdf
Suryoday Small Finance Bank Limited,SURYODAY,NSE,2026-10-09T15:23:18,announcement,General Updates,,https://nsearchives.nseindia.com/corporate/SURYODAY_09102026152241_SSFB_Intimation_Allotment_NCD_Signed.pdf
Shreyans Industries Limited,SHREYANIND,NSE,2026-10-09T15:22:59,announcement,"Certificate under SEBI (Depositories and Participants) Regulations, 2018",,https://nsearchives.nseindia.com/corporate/SHREYANIND_09102026152242_SIL_Regulation_74_5_-30092026.pdf
Ircon International Limited,IRCON,NSE,2026-10-09T15:22:49,announcement,Bagging/Receiving of orders/contracts,,https://nsearchives.nseindia.com/corporate/IRCON_09102026152244_STXINTIMATIONsigned.pdf
Ola Electric Mobility Limited,OLAELEC,NSE,2026-10-09T15:22:42,announcement,Updates,,https://nsearchives.nseindia.com/corporate/OLAELECTRIC_09102026152231_SEIntimationtweet.pdf
JHS Svendgaard Laboratories Limited,JHS,NSE,2026-10-09T15:21:40,announcement,"Certificate under SEBI (Depositories and Participants) Regulations, 2018",,https://nsearchives.nseindia.com/corporate/JHS_09102026152024_74_5__LAB_signed.pdf
DCM Shriram Limited,DCMSHRIRAM,NSE,2026-10-09T15:20:56,announcement,"Certificate under SEBI (Depositories and Participants) Regulations, 2018",,https://nsearchives.nseindia.com/corporate/DCMSHRIRAM_09102026152042_CERTIFICATE74Signed.pdf
Hindcon Chemicals Limited,HINDCON,NSE,2026-10-09T15:20:47,announcement,"Certificate under SEBI (Depositories and Participants) Regulations, 2018",,https://nsearchives.nseindia.com/corporate/HINDCON_09102026152028_Hindcon745.pdf
Marico Limited,MARICO,NSE,2026-10-09T15:20:37,announcement,"Certificate under SEBI (Depositories and Participants) Regulations, 2018",,https://nsearchives.nseindia.com/corporate/marico_09102026152000_SEint.pdf
Xtranet Technologies Limited,XTRANET,NSE,2026-10-09T15:20:17,announcement,Acquisition,,https://nsearchives.nseindia.com/corporate/XTRANET_09102026151932_Intimation_Proposed_Wholly_Owned_Subsidiary.pdf
Shaily Engineering Plastics Limited,SHAILY,NSE,2026-10-09T15:19:00,announcement,"Certificate under SEBI (Depositories and Participants) Regulations, 2018",,https://nsearchives.nseindia.com/corporate/Shailyengineering_09102026151851_Covering_Letter_signed.pdf
Cochin Shipyard Limited,COCHINSHIP,NSE,2026-10-09T15:18:36,announcement,Rumour Verification - Regulation 30(11),,https://nsearchives.nseindia.com/corporate/Aswi4739_09102026151818_SE_Intimation_sd.pdf
Expleo Solutions Limited,EXPLEOSOL,NSE,2026-10-09T15:17:47,announcement,Acquisition,,https://nsearchives.nseindia.com/corporate/SQS_09102026151637_IntimationforCORforGIFTentity09102026.pdf
Mirza International Limited,MIRZAINT,NSE,2026-10-09T15:16:07,announcement,"Certificate under SEBI (Depositories and Participants) Regulations, 2018",,https://nsearchives.nseindia.com/corporate/MIRZAINT_09102026151546_Letter_to_SE_09102026.pdf
Mallcom (India) Limited,MALLCOM,NSE,2026-10-09T15:15:55,announcement,"Certificate under SEBI (Depositories and Participants) Regulations, 2018",,https://nsearchives.nseindia.com/corporate/MALLCOM_09102026151509_INTIMATION_Regulation_74.pdf
Iware Supplychain Services Limited,IWARE,NSE,2026-10-09T15:15:04,announcement,Updates,,https://nsearchives.nseindia.com/corporate/IWARE_09102026150817_Disclosure_Reg30_Pressreleae.pdf
Elecon Engineering Company Limited,ELECON,NSE,2026-10-09T15:13:42,announcement,Analysts/Institutional Investor Meet/Con. Call Updates,,https://nsearchives.nseindia.com/corporate/ELECON_09102026151129_Investormeetintimation3092026.pdf
Cochin Shipyard Limited,COCHINSHIP,NSE,2026-10-09T15:13:31,announcement,Updates,,https://nsearchives.nseindia.com/corporate/Aswi4739_09102026151319_SE_Intimation_sd.pdf
Technocraft Ventures Limited,TECHNOCRAF,NSE,2026-10-09T15:12:51,announcement,"Certificate under SEBI (Depositories and Participants) Regulations, 2018",,https://nsearchives.nseindia.com/corporate/TECHNOCRAFT_09102026151229_cover_letter.pdf
La Opala RG Limited,LAOPALA,NSE,2026-10-09T15:12:39,announcement,"Certificate under SEBI (Depositories and Participants) Regulations, 2018",,https://nsearchives.nseindia.com/corporate/LAOPALA_09102026151156_LORG_Reg_74_5_Sept_2026_F.pdf
Quicktouch Technologies Limited,QUICKTOUCH,NSE,2026-10-09T15:11:05,announcement,Quarterly Compliance Report on Corporate governance - within 21 days from the end of the quarter,,https://nsearchives.nseindia.com/corporate/QTLIPO_09102026150631_CG.pdf
Anya Polytech & Fertilizers Limited,ANYA,NSE,2026-10-09T15:10:39,announcement,"Certificate under SEBI (Depositories and Participants) Regulations, 2018",,https://nsearchives.nseindia.com/corporate/ANYAPOLY_09102026150931_Anya_SE_Reg_74_Certificate_Sept_2026_.pdf
Transwarranty Finance Limited,TFL,NSE,2026-10-09T15:08:22,announcement,Outcome of Board Meeting,,https://nsearchives.nseindia.com/corporate/TFL_09102026150743_BM_Outcome_091026_Final_sd.pdf
Tilaknagar Industries Limited,TI,NSE,2026-10-09T15:08:00,announcement,Resignation of Director/KMP/SMP,,https://nsearchives.nseindia.com/corporate/TI_ROID_100064_KMP_Doc.zip
Puravankara Limited,PURVA,NSE,2026-10-09T15:07:05,announcement,Copy of Newspaper Publication,,https://nsearchives.nseindia.com/corporate/PURVA_09102026150651_SEintimation.pdf
Fonebox Retail Limited,FONEBOX,NSE,2026-10-09T15:07:01,announcement,Granting/withdrawal/surrender/cancellation/suspension of key licenses/ regulatory approvals,,https://nsearchives.nseindia.com/corporate/FONEBOX_09102026150644_Listing_Approval_signed.pdf
Sun TV Network Limited,SUNTV,NSE,2026-10-09T15:04:38,announcement,"Certificate under SEBI (Depositories and Participants) Regulations, 2018",,https://nsearchives.nseindia.com/corporate/SUNTV1_09102026150339_SunTV74_5_30092026Signed.pdf
Aries Agro Limited,ARIES,NSE,2026-10-09T15:02:00,announcement,Shareholders meeting,,https://nsearchives.nseindia.com/corporate/ARIES_09102026145944_OutcomeoftheAGM.pdf
Oricon Enterprises Limited,ORICONENT,NSE,2026-10-09T14:58:00,announcement,"Certificate under SEBI (Depositories and Participants) Regulations, 2018",,https://nsearchives.nseindia.com/corporate/ORICON_09102026145750_Regulation745oftheSEBIDepositoriesandParticipantsRegulations_2018.pdf
Crown Lifters Limited,CROWN,NSE,2026-10-09T14:57:53,announcement,"Certificate under SEBI (Depositories and Participants) Regulations, 2018",,https://nsearchives.nseindia.com/corporate/CROWN_09102026145738_Covering_74_5__Final.pdf
Elecon Engineering Company Limited,ELECON,NSE,2026-10-09T14:57:37,announcement,"Certificate under SEBI (Depositories and Participants) Regulations, 2018",,https://nsearchives.nseindia.com/corporate/ELECON_09102026145641_Reg7430092026.pdf
Nuvoco Vistas Corporation Limited,NUVOCO,NSE,2026-10-09T14:57:31,announcement,Analysts/Institutional Investor Meet/Con. Call Updates,,https://nsearchives.nseindia.com/corporate/NUVOCO_09102026145716_SEIntimationConferencecall.pdf
Munjal Auto Industries Limited,MUNJALAU,NSE,2026-10-09T14:54:43,announcement,"Certificate under SEBI (Depositories and Participants) Regulations, 2018",,https://nsearchives.nseindia.com/corporate/MUNJALAU_09102026145431_Signed_reg_74_5__sept_2026.pdf
Madras Fertilizers Limited,MADRASFERT,NSE,2026-10-09T14:53:13,announcement,"Certificate under SEBI (Depositories and Participants) Regulations, 2018",,https://nsearchives.nseindia.com/corporate/MADRASFERT_09102026145259_LR_NSE_RSCA_sd.pdf
Suzlon Energy Limited,SUZLON,NSE,2026-10-09T14:52:12,announcement,"Certificate under SEBI (Depositories and Participants) Regulations, 2018",,https://nsearchives.nseindia.com/corporate/SUZLON1_09102026145146_Certificate_74_5_.pdf
Tenneco Clean Air India Limited,TENNIND,NSE,2026-10-09T14:51:12,announcement,"Certificate under SEBI (Depositories and Participants) Regulations, 2018",,https://nsearchives.nseindia.com/corporate/TENNECO_09102026145040_Certificate_under_Reg_74_5_.pdf
Mishra Dhatu Nigam Limited,MIDHANI,NSE,2026-10-09T14:51:09,announcement,"Certificate under SEBI (Depositories and Participants) Regulations, 2018",,https://nsearchives.nseindia.com/corporate/MIDHANI_09102026144351_MDN_74_5__30092026.pdf
Ruchira Papers Limited,RUCHIRA,NSE,2026-10-09T14:49:44,announcement,"Certificate under SEBI (Depositories and Participants) Regulations, 2018",,https://nsearchives.nseindia.com/corporate/RUCHIRA_09102026144938_signed_sep_2026_74_5_.pdf
Rallis India Limited,RALLIS,NSE,2026-10-09T14:49:06,announcement,Analysts/Institutional Investor Meet/Con. Call Updates,,https://nsearchives.nseindia.com/corporate/RALLIS1_09102026144827_EarningsCallQ2Signed.pdf
United Spirits Limited,UNITDSPR,NSE,2026-10-09T14:48:14,announcement,Change in Director(s),,https://nsearchives.nseindia.com/corporate/MCDOWELL_09102026144542_SEDisclosure_09102026_FSD.pdf
Gokul Refoils and Solvent Limited,GOKUL,NSE,2026-10-09T14:47:26,announcement,"Certificate under SEBI (Depositories and Participants) Regulations, 2018",,https://nsearchives.nseindia.com/corporate/GOKUL_09102026144717_74_5_.pdf
German Green Steel and Power Limited,GERMAN,NSE,2026-10-09T14:46:42,announcement,"Certificate under SEBI (Depositories and Participants) Regulations, 2018",,https://nsearchives.nseindia.com/corporate/GERMAN2025_09102026144629_CertificateunderReg74of_SEBI_Regulations2018Sep30.pdf
Hindalco Industries Limited,HINDALCO,NSE,2026-10-09T14:44:40,announcement,Copy of Newspaper Publication,,https://nsearchives.nseindia.com/corporate/HINDALCOIND_09102026144420_loss_of_share_certificate_SE_Intimation_signed.pdf
Jash Engineering Limited,JASH,NSE,2026-10-09T14:43:55,announcement,Bagging/Receiving of orders/contracts,,https://nsearchives.nseindia.com/corporate/JASH_09102026144314_cajsh202oct2026.pdf
Isgec Heavy Engineering Limited,ISGEC,NSE,2026-10-09T14:41:59,announcement,"Certificate under SEBI (Depositories and Participants) Regulations, 2018",,https://nsearchives.nseindia.com/corporate/ISGEC_09102026144148_Signed_Intimation_reco_Q2_2026.pdf
Mahindra & Mahindra Limited,M&M,NSE,2026-10-09T14:38:57,announcement,Analysts/Institutional Investor Meet/Con. Call Updates,,https://nsearchives.nseindia.com/corporate/AmitDodani_09102026143835_ConclusionofAnalystMeet08102026.pdf
JK Lakshmi Cement Limited,JKLAKSHMI,NSE,2026-10-09T14:38:33,announcement,"Certificate under SEBI (Depositories and Participants) Regulations, 2018",,https://nsearchives.nseindia.com/corporate/JKLASHMI_09102026143713_Reg_74_5__September_2026.pdf
Kajaria Ceramics Limited,KAJARIACER,NSE,2026-10-09T14:37:48,announcement,Copy of Newspaper Publication,,https://nsearchives.nseindia.com/corporate/KAJARIACER_09102026143631_Disclosure_Special_Window.pdf
Sunshine Pictures Limited,SUNSHINE,NSE,2026-10-09T14:36:55,announcement,"Certificate under SEBI (Depositories and Participants) Regulations, 2018",,https://nsearchives.nseindia.com/corporate/SUNSHINE_09102026143646_74_5_DPRegulations.pdf
Wockhardt Limited,WOCKPHARMA,NSE,2026-10-09T14:36:47,announcement,"Certificate under SEBI (Depositories and Participants) Regulations, 2018",,https://nsearchives.nseindia.com/corporate/WOCKPHARMA_09102026143603_Regulation74_5_certificate.pdf
Fermenta Biotech Limited,FERMENTA,NSE,2026-10-09T14:36:13,announcement,Analysts/Institutional Investor Meet/Con. Call Updates,,https://nsearchives.nseindia.com/corporate/FERMENTABIOTECH_09102026143606_Intimationofinvestormeet14102026.pdf
OnEMI Technology Solutions Limited,KISSHT,NSE,2026-10-09T14:35:43,announcement,Copy of Newspaper Publication,,https://nsearchives.nseindia.com/corporate/ONEMI_09102026143528_Intimation_NP_after_dispatch_09102026.pdf
Heranba Industries Limited,HERANBA,NSE,2026-10-09T14:35:06,announcement,"Certificate under SEBI (Depositories and Participants) Regulations, 2018",,https://nsearchives.nseindia.com/corporate/HERANBA_09102026143444_Reg_74_5__Sept_HIL_Final_to_Upload.pdf
Gujarat Narmada Valley Fertilizers and Chemicals Limited,GNFC,NSE,2026-10-09T14:34:36,announcement,General Updates,,https://nsearchives.nseindia.com/corporate/rajeshpillai8741_09102026143315_F_Relodgement_SE_Signed.pdf
Monarch Networth Capital Limited,MONARCH,NSE,2026-10-09T14:33:52,announcement,"Certificate under SEBI (Depositories and Participants) Regulations, 2018",,https://nsearchives.nseindia.com/corporate/MONARCH_09102026143337_lettersigned.pdf
Donear Industries Limited,DONEAR,NSE,2026-10-09T14:32:00,announcement,"Certificate under SEBI (Depositories and Participants) Regulations, 2018",,https://nsearchives.nseindia.com/corporate/DONEAR_09102026143148_SE_Q2_74_5__Signed.pdf
Zaggle Prepaid Ocean Services Limited,ZAGGLE,NSE,2026-10-09T14:29:40,announcement,General Updates,,https://nsearchives.nseindia.com/corporate/ZAGGLE_09102026142922_SEBI_Intimation_for_Award.pdf
Gujarat Narmada Valley Fertilizers and Chemicals Limited,GNFC,NSE,2026-10-09T14:29:21,announcement,Copy of Newspaper Publication,,https://nsearchives.nseindia.com/corporate/rajeshpillai8741_09102026142858_F_Relodgement_SE_Signed.pdf
Sarda Energy & Minerals Limited,SARDAEN,NSE,2026-10-09T14:29:19,announcement,"Certificate under SEBI (Depositories and Participants) Regulations, 2018",,https://nsearchives.nseindia.com/corporate/SARDAEN_09102026142905_SEML.pdf
Isgec Heavy Engineering Limited,ISGEC,NSE,2026-10-09T14:26:45,announcement,"Certificate under SEBI (Depositories and Participants) Regulations, 2018",,https://nsearchives.nseindia.com/corporate/ISGEC_09102026142633_Signed_Intimation_74_5__09102026.pdf
A G Universal Limited,AGUL,NSE,2026-10-09T14:25:08,announcement,"Certificate under SEBI (Depositories and Participants) Regulations, 2018",,https://nsearchives.nseindia.com/corporate/AGIPO_09102026142457_Reg_74_5__demat_Remat.pdf
Indian Renewable Energy Development Agency Limited,IREDA,NSE,2026-10-09T14:25:04,announcement,"Certificate under SEBI (Depositories and Participants) Regulations, 2018",,https://nsearchives.nseindia.com/corporate/IREDAEQ_09102026142455_SignedReg74_5_.pdf
Radaan Mediaworks India Limited,RADAAN,NSE,2026-10-09T14:24:23,announcement,"Certificate under SEBI (Depositories and Participants) Regulations, 2018",,https://nsearchives.nseindia.com/corporate/RADAAN_09102026142327_Reg74_5_Sep30092026.pdf
Frog Innovations Limited,FROG,NSE,2026-10-09T14:24:17,announcement,"Arrangements for strategic, technical, manufacturing, or marketing tie up",,https://nsearchives.nseindia.com/corporate/FROGCELLSAT_09102026142318_Strategic_Alliance_Disclosure_signed.pdf
Krystal Integrated Services Limited,KRYSTAL,NSE,2026-10-09T14:23:47,announcement,Bagging/Receiving of orders/contracts,,https://nsearchives.nseindia.com/corporate/KISL123_09102026142323_Reg30intimation09102026.pdf
Inspirisys Solutions Limited,INSPIRISYS,NSE,2026-10-09T14:21:39,announcement,"Certificate under SEBI (Depositories and Participants) Regulations, 2018",,https://nsearchives.nseindia.com/corporate/INSPIRISYS_09102026142129_CertificateUnderRegulation74ofSEBIDPRegulation.pdf
Shera Energy Limited,SHERA,NSE,2026-10-09T14:20:24,announcement,"Certificate under SEBI (Depositories and Participants) Regulations, 2018",,https://nsearchives.nseindia.com/corporate/SHERA_09102026142014_SEL_reg74_5.pdf
Vilas Transcore Limited,VILAS,NSE,2026-10-09T14:18:32,announcement,"Certificate under SEBI (Depositories and Participants) Regulations, 2018",,https://nsearchives.nseindia.com/corporate/VILAS_09102026141816_745.pdf
Eimco Elecon (India) Limited,EIMCOELECO,NSE,2026-10-09T14:16:44,announcement,"Certificate under SEBI (Depositories and Participants) Regulations, 2018",,https://nsearchives.nseindia.com/corporate/EIMCOELECO_09102026141637_Reg74_09102026.pdf
Ambika Cotton Mills Limited,AMBIKCO,NSE,2026-10-09T14:15:32,announcement,Updates,,https://nsearchives.nseindia.com/corporate/AMBIKCO_09102026141515_SDINTMATIONLETTER.pdf
Aaron Industries Limited,AARON,NSE,2026-10-09T14:14:26,announcement,Press Release,,https://nsearchives.nseindia.com/corporate/AARON_09102026141401_PR_EVOQ360_HomeLifts_Business_Update_30092026.pdf
SMC Global Securities Limited,SMCGLOBAL,NSE,2026-10-09T14:13:37,announcement,Copy of Newspaper Publication,,https://nsearchives.nseindia.com/corporate/SMCGLOBAL_09102026141308_New_Paper_Adv.pdf
V.L.Infraprojects Limited,VLINFRA,NSE,2026-10-09T14:09:22,announcement,"Certificate under SEBI (Depositories and Participants) Regulations, 2018",,https://nsearchives.nseindia.com/corporate/VLINFRA_09102026140905_Regulation74_5_.pdf
South West Pinnacle Exploration Limited,SOUTHWEST,NSE,2026-10-09T14:08:00,announcement,"Certificate under SEBI (Depositories and Participants) Regulations, 2018",,https://nsearchives.nseindia.com/corporate/SOUTHWEST_09102026140602_Reg_74-_Signed.pdf
Yasho Industries Limited,YASHO,NSE,2026-10-09T14:02:07,announcement,"Certificate under SEBI (Depositories and Participants) Regulations, 2018",,https://nsearchives.nseindia.com/corporate/8291904474_09102026140158_covering.pdf
Windsor Machines Limited,WINDMACHIN,NSE,2026-10-09T14:02:02,announcement,"Certificate under SEBI (Depositories and Participants) Regulations, 2018",,https://nsearchives.nseindia.com/corporate/WINDMACHIN_09102026140147_Covering_Letter_for_Certificate_Reg_74_DP_Q2.pdf
Balmer Lawrie & Company Limited,BALMLAWRIE,NSE,2026-10-09T13:58:56,announcement,Trading Window,,https://nsearchives.nseindia.com/corporate/BALMLAWRIE_09102026135848_SEpriorintimation.pdf
Aequs Limited,AEQUS,NSE,2026-10-09T13:58:55,announcement,General Updates,,https://nsearchives.nseindia.com/corporate/AEQUSLIMITED_09102026135827_Intimation_Allotment_by_Ajna.pdf
Esconet Technologies Limited,ESCONET,NSE,2026-10-09T13:54:50,announcement,"Certificate under SEBI (Depositories and Participants) Regulations, 2018",,https://nsearchives.nseindia.com/corporate/ESCONET_09102026135443_ETL_Int_SEBI_DP_74_5_30092026.pdf
Bikaji Foods International Limited,BIKAJI,NSE,2026-10-09T13:51:17,announcement,"Certificate under SEBI (Depositories and Participants) Regulations, 2018",,https://nsearchives.nseindia.com/corporate/BIKAJIFOODS_09102026135057_61.pdf
Castrol India Limited,CASTROLIND,NSE,2026-10-09T13:50:50,announcement,"Certificate under SEBI (Depositories and Participants) Regulations, 2018",,https://nsearchives.nseindia.com/corporate/CASTROLINDIA_09102026135036_74_5_09102026.pdf
Rentomojo Limited,RENTOMOJO,NSE,2026-10-09T13:48:54,announcement,General Updates,,https://nsearchives.nseindia.com/corporate/RENTMOJO_09102026134843_Investor_Audio.pdf
Aksh Optifibre Limited,AKSHOPTFBR,NSE,2026-10-09T13:48:08,announcement,"Certificate under SEBI (Depositories and Participants) Regulations, 2018",,https://nsearchives.nseindia.com/corporate/AKSHOPTFBR_09102026134758_Intimation_Reg74.pdf
Rentomojo Limited,RENTOMOJO,NSE,2026-10-09T13:47:26,announcement,General Updates,,https://nsearchives.nseindia.com/corporate/RENTMOJO_09102026134657_Investorcall.pdf
Cochin Shipyard Limited,COCHINSHIP,NSE,2026-10-09T13:47:23,announcement,Copy of Newspaper Publication,,https://nsearchives.nseindia.com/corporate/Aswi4739_09102026134705_SE_Intimation_sd.pdf
Blue Dart Express Limited,BLUEDART,NSE,2026-10-09T13:44:52,announcement,General Updates,,https://nsearchives.nseindia.com/corporate/BLUEDART_09102026134443_SEIntimation.pdf
Blue Dart Express Limited,BLUEDART,NSE,2026-10-09T13:43:30,announcement,Appointment,,https://nsearchives.nseindia.com/corporate/BLUEDART_09102026134324_SEIntimation.pdf
Blue Dart Express Limited,BLUEDART,NSE,2026-10-09T13:42:04,announcement,Cessation,,https://nsearchives.nseindia.com/corporate/BLUEDART_09102026134141_SEIntimation.pdf
Triveni Engineering & Industries Limited,TRIVENI,NSE,2026-10-09T13:38:37,announcement,Updates,,https://nsearchives.nseindia.com/corporate/TRIVENI_09102026133828_INTIMATION__TPTL_LISTING.pdf
Rollatainers Limited,ROLLT,NSE,2026-10-09T13:36:58,announcement,"Certificate under SEBI (Depositories and Participants) Regulations, 2018",,https://nsearchives.nseindia.com/corporate/ROLLT_09102026133650_745.pdf
Triveni Engineering & Industries Limited,TRIVENI,NSE,2026-10-09T13:36:43,announcement,Scheme of Arrangement,,https://nsearchives.nseindia.com/corporate/TRIVENI_09102026133634_INTIMATION__TPTL_LISTING.pdf
Blue Dart Express Limited,BLUEDART,NSE,2026-10-09T13:35:59,announcement,Outcome of Board Meeting,,https://nsearchives.nseindia.com/corporate/BLUEDART_09102026133540_SEIntimation.pdf
Aspire & Innovative Advertising Limited,ASPIRE,NSE,2026-10-09T13:35:34,announcement,Updates,,https://nsearchives.nseindia.com/corporate/ASPIRE_09102026133417_reconciliation_of_share_capital_audit_report.pdf
Mahindra & Mahindra Financial Services Limited,M&MFIN,NSE,2026-10-09T13:34:26,announcement,"Certificate under SEBI (Depositories and Participants) Regulations, 2018",,https://nsearchives.nseindia.com/corporate/M_MFIN_09102026133401_Reg_74Q2FY27SIGNED.pdf
Natural Capsules Limited,NATCAPSUQ,NSE,2026-10-09T13:31:54,announcement,"Certificate under SEBI (Depositories and Participants) Regulations, 2018",,https://nsearchives.nseindia.com/corporate/NCL1993_09102026133133_Reg_74_5__SE.pdf
Tamilnad Mercantile Bank Limited,TMB,NSE,2026-10-09T13:30:13,announcement,General Updates,,https://nsearchives.nseindia.com/corporate/9659523378_09102026133000_79.pdf
Bharat Seats Limited,BHARATSE,NSE,2026-10-09T13:29:59,announcement,General Updates,,https://nsearchives.nseindia.com/corporate/BHARATSEATS_09102026132942_SE_reg_30.pdf
Marinetrans India Limited,MARINETRAN,NSE,2026-10-09T13:29:52,announcement,"Certificate under SEBI (Depositories and Participants) Regulations, 2018",,https://nsearchives.nseindia.com/corporate/MARINE23_09102026132924_Reg_745_Certificate__1_.pdf
Bharat Seats Limited,BHARATSE,NSE,2026-10-09T13:28:29,announcement,Change in Director(s),,https://nsearchives.nseindia.com/corporate/BHARATSEATS_09102026132812_SE_reg_30.pdf
Sakar Healthcare Limited,SAKAR,NSE,2026-10-09T13:28:16,announcement,General Updates,,https://nsearchives.nseindia.com/corporate/SAKAR_09102026132748_74.pdf
Arvind SmartSpaces Limited,ARVSMART,NSE,2026-10-09T13:24:58,announcement,"Certificate under SEBI (Depositories and Participants) Regulations, 2018",,https://nsearchives.nseindia.com/corporate/539301_09102026132447_ASLDepositoryCertificate_09102026.pdf
Manaksia Limited,MANAKSIA,NSE,2026-10-09T13:23:49,announcement,Copy of Newspaper Publication,,https://nsearchives.nseindia.com/corporate/MANAKSIA_09102026132332_Specialwindownewspaper.pdf
Master Components Limited,MASTER,NSE,2026-10-09T13:20:54,announcement,Pendency of Litigation(s)/dispute(s) or the outcome impacting the Company,,https://nsearchives.nseindia.com/corporate/MCL2023_09102026132026_MCL-Reporting_of_litigation_09102026_.pdf
Medi Assist Healthcare Services Limited,MEDIASSIST,NSE,2026-10-09T13:20:13,announcement,"Certificate under SEBI (Depositories and Participants) Regulations, 2018",,https://nsearchives.nseindia.com/corporate/MEDIASSIST_09102026131929_Reg7430092026.pdf
Esconet Technologies Limited,ESCONET,NSE,2026-10-09T13:19:17,announcement,Integrated Filing- Governance,,https://nsearchives.nseindia.com/corporate/ESCONET_09102026131911_ETL_Int_CGR_30092026.pdf
HMT Limited,HMT,NSE,2026-10-09T13:19:10,announcement,"Certificate under SEBI (Depositories and Participants) Regulations, 2018",,https://nsearchives.nseindia.com/corporate/HMT_09102026131834_HMT01.pdf
Marinetrans India Limited,MARINETRAN,NSE,2026-10-09T13:17:21,announcement,Quarterly Compliance Report on Corporate governance - within 21 days from the end of the quarter,,https://nsearchives.nseindia.com/corporate/MARINE23_09102026131613_Non-Applicability-of-Reg-272.pdf
Bharat Seats Limited,BHARATSE,NSE,2026-10-09T13:15:32,announcement,Shareholders meeting,,https://nsearchives.nseindia.com/corporate/BHARATSEATS_09102026131522_voting_result_and_scrutinizer_report.pdf
Transrail Lighting Limited,TRANSRAILL,NSE,2026-10-09T13:15:24,announcement,Updates,,https://nsearchives.nseindia.com/corporate/TRANSRAIL_09102026131503_Reg30OutcomeNRCAllotment09102026.pdf
3M India Limited,3MINDIA,NSE,2026-10-09T13:13:15,announcement,"Certificate under SEBI (Depositories and Participants) Regulations, 2018",,https://nsearchives.nseindia.com/corporate/3MINDIALTD_09102026131254_74.pdf
Pilani Investment and Industries Corporation Limited,PILANIINVS,NSE,2026-10-09T13:13:13,announcement,"Certificate under SEBI (Depositories and Participants) Regulations, 2018",,https://nsearchives.nseindia.com/corporate/PILANIINVS_09102026131306_Pilani_74_5_3092026.pdf
Manaksia Steels Limited,MANAKSTEEL,NSE,2026-10-09T13:11:28,announcement,Copy of Newspaper Publication,,https://nsearchives.nseindia.com/corporate/MANAKSTEEL_09102026130723_MSL-Newspaper-Intimation_Transfer-new_window_signed.pdf
SEPC Limited,SEPC,NSE,2026-10-09T13:10:36,announcement,Press Release,,https://nsearchives.nseindia.com/corporate/SHRIRAMEPC_09102026131017_SE_INTIMATION_WITH_PRESS_RELEASE_SAIL_CONTRACT.pdf
TAC Infosec Limited,TAC,NSE,2026-10-09T13:10:22,announcement,Copy of Newspaper Publication,,https://nsearchives.nseindia.com/corporate/TAC_09102026131012_NSE_Submission.pdf
Niva Bupa Health Insurance Company Limited,NIVABUPA,NSE,2026-10-09T13:09:38,announcement,"Certificate under SEBI (Depositories and Participants) Regulations, 2018",,https://nsearchives.nseindia.com/corporate/MAXBUPA_09102026130920_Intimation_Certificate_Reg_74_5__Final.pdf
IBL Finance Limited,IBLFL,NSE,2026-10-09T13:09:30,announcement,"Certificate under SEBI (Depositories and Participants) Regulations, 2018",,https://nsearchives.nseindia.com/corporate/IBLFL_09102026130917_Compliance74_5__30092026.pdf
United Foodbrands Limited,UFBL,NSE,2026-10-09T13:06:53,announcement,"Certificate under SEBI (Depositories and Participants) Regulations, 2018",,https://nsearchives.nseindia.com/corporate/BARBEQUE_09102026130612_ComplianceCertificateRegulation74Q2FY27.pdf
Lambodhara Textiles Limited,LAMBODHARA,NSE,2026-10-09T13:06:25,announcement,"Certificate under SEBI (Depositories and Participants) Regulations, 2018",,https://nsearchives.nseindia.com/corporate/LAMBODHARA_09102026130610_Demat_Covering_letter.pdf
RMC Switchgears Limited,RMC,NSE,2026-10-09T13:05:39,announcement,"Certificate under SEBI (Depositories and Participants) Regulations, 2018",,https://nsearchives.nseindia.com/corporate/RMC_09102026130523_Reg_74_5_.pdf
Western Carriers (India) Limited,WCIL,NSE,2026-10-09T13:03:37,announcement,"Certificate under SEBI (Depositories and Participants) Regulations, 2018",,https://nsearchives.nseindia.com/corporate/WCIL_09102026130314_WCIL_REG_74_5__SEPTEMBER_2026.pdf
Bannari Amman Sugars Limited,BANARISUG,NSE,2026-10-09T13:03:25,announcement,"Certificate under SEBI (Depositories and Participants) Regulations, 2018",,https://nsearchives.nseindia.com/corporate/BANARISUG_09102026130310_Regulation74_5Sept2026.pdf
GenXAI Analytics Limited,GENXAI,NSE,2026-10-09T13:03:24,announcement,"Certificate under SEBI (Depositories and Participants) Regulations, 2018",,https://nsearchives.nseindia.com/corporate/GENXAI_09102026130313_GenXAI_74_5_certificate.pdf
D.B.Corp Limited,DBCORP,NSE,2026-10-09T13:01:57,announcement,Analysts/Institutional Investor Meet/Con. Call Updates,,https://nsearchives.nseindia.com/corporate/DBCORP_09102026125322_Intimation.pdf
Emami Realty Limited,EMAMIREAL,NSE,2026-10-09T13:01:53,announcement,"Certificate under SEBI (Depositories and Participants) Regulations, 2018",,https://nsearchives.nseindia.com/corporate/EMAMIREAL_09102026130142_ERLDematerializationCertificateLetter.pdf
Atul Auto Limited,ATULAUTO,NSE,2026-10-09T13:01:50,announcement,"Certificate under SEBI (Depositories and Participants) Regulations, 2018",,https://nsearchives.nseindia.com/corporate/ATULAUTO_09102026130122_Letter_Reg74_5_DepositioriesandParticipants_Sep2026.pdf
Jalan Transolutions (India) Limited,JALAN,NSE,2026-10-09T13:01:22,announcement,"Certificate under SEBI (Depositories and Participants) Regulations, 2018",,https://nsearchives.nseindia.com/corporate/JALAN_09102026130113_stx_intimation_74_5_sept26.pdf
Karma Energy Limited,KARMAENG,NSE,2026-10-09T13:00:49,announcement,"Certificate under SEBI (Depositories and Participants) Regulations, 2018",,https://nsearchives.nseindia.com/corporate/KARMAENG_09102026130020_CERTIFICATEUNDERREG745OFSEBIDnPREG201830SEP26DTD09OCT26.pdf
Siemens Energy India Limited,ENRIN,NSE,2026-10-09T12:57:36,announcement,Pendency of Litigation(s)/dispute(s) or the outcome impacting the Company,,https://nsearchives.nseindia.com/corporate/ENRIN_09102026125414_Reg30Ruppur91026.pdf
Hindustan Foods Limited,HNDFDS,NSE,2026-10-09T12:57:27,announcement,"Certificate under SEBI (Depositories and Participants) Regulations, 2018",,https://nsearchives.nseindia.com/corporate/9136565850_09102026125537_Covering_Letter_74_5__Sep_2026.pdf
Canara Bank,CANBK,NSE,2026-10-09T12:55:33,announcement,Updates,,https://nsearchives.nseindia.com/corporate/CANBK_09102026125517_SEINTIMATION.pdf
Sree Rayalaseema Hi-Strength Hypo Limited,SRHHYPOLTD,NSE,2026-10-09T12:55:15,announcement,Copy of Newspaper Publication,,https://nsearchives.nseindia.com/corporate/SRHHYPOLTD_09102026125505_Newspaper_Pub.pdf
Bharat Seats Limited,BHARATSE,NSE,2026-10-09T12:55:08,announcement,Shareholders meeting,,https://nsearchives.nseindia.com/corporate/BHARATSEATS_09102026125454_SE_Decleration_and_proceedings.pdf
DCM  Limited,DCM,NSE,2026-10-09T12:54:19,announcement,Copy of Newspaper Publication,,https://nsearchives.nseindia.com/corporate/DCMCS_09102026125351_NP_intimation_special_window_sd.pdf
Aarti Pharmalabs Limited,AARTIPHARM,NSE,2026-10-09T12:53:35,announcement,"Certificate under SEBI (Depositories and Participants) Regulations, 2018",,https://nsearchives.nseindia.com/corporate/AARTIPHARMA_09102026125321_AARTIPHARM_74_5_signed.pdf
Sree Rayalaseema Hi-Strength Hypo Limited,SRHHYPOLTD,NSE,2026-10-09T12:53:25,announcement,"Certificate under SEBI (Depositories and Participants) Regulations, 2018",,https://nsearchives.nseindia.com/corporate/SRHHYPOLTD_09102026125310_Reg_74_5_.pdf
Sreeleathers Limited,SREEL,NSE,2026-10-09T12:52:54,announcement,"Certificate under SEBI (Depositories and Participants) Regulations, 2018",,https://nsearchives.nseindia.com/corporate/SREEL_09102026125233_Regu74QE300926.pdf
Manipal Payment and Identity Solutions Limited,MPIMANIPAL,NSE,2026-10-09T12:50:51,announcement,Analysts/Institutional Investor Meet/Con. Call Updates,,https://nsearchives.nseindia.com/corporate/MANIPALCARDSIPO_09102026124736_MPiTranscriptEarningsCall.pdf
SIL Investments Limited,SILINV,NSE,2026-10-09T12:50:10,announcement,"Certificate under SEBI (Depositories and Participants) Regulations, 2018",,https://nsearchives.nseindia.com/corporate/SILINV_09102026125000_SIL_Regualtion_74_5__Signed.pdf
Tokyo Plast International Limited,TOKYOPLAST,NSE,2026-10-09T12:49:36,announcement,"Certificate under SEBI (Depositories and Participants) Regulations, 2018",,https://nsearchives.nseindia.com/corporate/TOKYOPLAST_09102026124641_TPIL_Reg_74-1_merged.pdf
CMM Infraprojects Limited,CMMIPL,NSE,2026-10-09T12:46:27,announcement,"Certificate under SEBI (Depositories and Participants) Regulations, 2018",,https://nsearchives.nseindia.com/corporate/CMMIPL_09102026124611_Reg_74_merged.pdf
Annu Projects Limited,ANNU,NSE,2026-10-09T12:45:56,announcement,General Updates,,https://nsearchives.nseindia.com/corporate/ANNU2025_09102026124454_AnnouncementCINChangeListingStatus.pdf
RITES Limited,RITES,NSE,2026-10-09T12:45:38,announcement,General Updates,,https://nsearchives.nseindia.com/corporate/RITES_09102026124055_CRISIL_Intimation_signed.pdf
PNGS Reva Diamond Jewellery Limited,PNGSREVA,NSE,2026-10-09T12:44:11,announcement,"Certificate under SEBI (Depositories and Participants) Regulations, 2018",,https://nsearchives.nseindia.com/corporate/PNGSREVA_09102026124223_Reg_74_5__DP_regulations_Covering_Letter_signed.pdf
Olectra Greentech Limited,OLECTRA,NSE,2026-10-09T12:42:31,announcement,"Certificate under SEBI (Depositories and Participants) Regulations, 2018",,https://nsearchives.nseindia.com/corporate/OLECTRA_09102026124207_74_5_certificate.pdf
Cedaar Textile Limited,CEDAAR,NSE,2026-10-09T12:38:42,announcement,Copy of Newspaper Publication,,https://nsearchives.nseindia.com/corporate/CEDAAR_09102026123644_Intimation_of_newapaper_advertisement_SIGNED.pdf
SG Finserve Limited,SGFIN,NSE,2026-10-09T12:37:31,announcement,Analysts/Institutional Investor Meet/Con. Call Updates,,https://nsearchives.nseindia.com/corporate/SGFINSERVE_09102026123640_Intimation_Concall_to_upload.pdf
Osel Devices Limited,OSELDEVICE,NSE,2026-10-09T12:37:24,announcement,Quarterly Compliance Report on Corporate governance - within 21 days from the end of the quarter,,https://nsearchives.nseindia.com/corporate/OSEL_09102026123648_Nonapplicability.pdf
Reliance Chemotex Industries Limited,RELCHEMQ,NSE,2026-10-09T12:35:22,announcement,"Certificate under SEBI (Depositories and Participants) Regulations, 2018",,https://nsearchives.nseindia.com/corporate/RELCHEQ_09102026123510_REG_74_5__coveing.pdf
Windsor Machines Limited,WINDMACHIN,NSE,2026-10-09T12:34:40,announcement,Copy of Newspaper Publication,,https://nsearchives.nseindia.com/corporate/WINDMACHIN_09102026123433_Covering_Letter_for_transfer_of_shares_to_IEPF.pdf
Asian Energy Services Limited,ASIANENE,NSE,2026-10-09T12:34:25,announcement,"Certificate under SEBI (Depositories and Participants) Regulations, 2018",,https://nsearchives.nseindia.com/corporate/ASIANENE_09102026123342_Reg74_5_AESLSept_2026.pdf
ZUARI INDUSTRIES LIMITED,ZUARIIND,NSE,2026-10-09T12:34:12,announcement,"Certificate under SEBI (Depositories and Participants) Regulations, 2018",,https://nsearchives.nseindia.com/corporate/ZUARIGLOB_09102026123059_Certificate.pdf
Mahindra Lifespace Developers Limited,MAHLIFE,NSE,2026-10-09T12:31:22,announcement,"Certificate under SEBI (Depositories and Participants) Regulations, 2018",,https://nsearchives.nseindia.com/corporate/MAHLIFE1_09102026123059_CertificateunderRegulation74_5__BPsg.pdf
Osel Devices Limited,OSELDEVICE,NSE,2026-10-09T12:30:39,announcement,"Certificate under SEBI (Depositories and Participants) Regulations, 2018",,https://nsearchives.nseindia.com/corporate/OSEL_09102026123029_74Intimation.pdf
Dollar Industries Limited,DOLLAR,NSE,2026-10-09T12:30:05,announcement,Copy of Newspaper Publication,,https://nsearchives.nseindia.com/corporate/DOLLAR_09102026122923_5th_Reminder_Newspaper_Publication.pdf
INOX India Limited,INOXINDIA,NSE,2026-10-09T12:28:49,announcement,"Certificate under SEBI (Depositories and Participants) Regulations, 2018",,https://nsearchives.nseindia.com/corporate/KAMLESHS_09102026122834_Reg74_5_ComplianceCertificate30092026signed.pdf
Tarmat Limited,TARMAT,NSE,2026-10-09T12:27:32,announcement,Change in Management,,https://nsearchives.nseindia.com/corporate/TARMAT_09102026122712_BSENSE.pdf
Optivalue Tek Consulting Limited,OPTIVALUE,NSE,2026-10-09T12:25:22,announcement,Resignation,,https://nsearchives.nseindia.com/corporate/OPTIVALUETEK_09102026122145_ID_Resignation-Intimation-sd.pdf
UFLEX Limited,UFLEX,NSE,2026-10-09T12:25:07,announcement,Credit Rating,,https://nsearchives.nseindia.com/corporate/DineshSharma_09102026122435_SIGNEDUFLEXNSEBSECREDIT09OCT26.pdf
Goldkart Jewels Limited,GOLDKART,NSE,2026-10-09T12:24:22,announcement,Trading Window,,https://nsearchives.nseindia.com/corporate/SONAHISONA_09102026122356_trading_window_closure.pdf
Ramdevbaba Solvent Limited,RBS,NSE,2026-10-09T12:23:00,announcement,"Certificate under SEBI (Depositories and Participants) Regulations, 2018",,https://nsearchives.nseindia.com/corporate/RBSL_09102026122224_Reg_74_Covering_with_RTA_Letter.pdf
Suprajit Engineering Limited,SUPRAJIT,NSE,2026-10-09T12:20:25,announcement,"Certificate under SEBI (Depositories and Participants) Regulations, 2018",,https://nsearchives.nseindia.com/corporate/SUPRAJIT_09102026121822_74_5__Intimation.pdf
Alok Industries Limited,ALOKINDS,NSE,2026-10-09T12:19:18,announcement,Copy of Newspaper Publication,,https://nsearchives.nseindia.com/corporate/ALOKIND_09102026121843_20260908-Newspaper_Publication.pdf
Ramdevbaba Solvent Limited,RBS,NSE,2026-10-09T12:18:54,announcement,Quarterly Compliance Report on Corporate governance - within 21 days from the end of the quarter,,https://nsearchives.nseindia.com/corporate/RBSL_09102026121839_CG_Covering_Letter.pdf
IIFL Finance Limited,IIFL,NSE,2026-10-09T12:18:48,announcement,Analysts/Institutional Investor Meet/Con. Call Updates,,https://nsearchives.nseindia.com/corporate/IIFL_09102026121812_Investor_Call_Final.pdf
Lupin Limited,LUPIN,NSE,2026-10-09T12:18:15,announcement,"Certificate under SEBI (Depositories and Participants) Regulations, 2018",,https://nsearchives.nseindia.com/corporate/Lupin2_09102026121726_NSEBSEINTIMATION_signed.pdf
Subex Limited,SUBEXLTD,NSE,2026-10-09T12:18:14,announcement,Awarding of order(s)/contract(s),,https://nsearchives.nseindia.com/corporate/SUBEXLTD_09102026121737_Deal_win_announcement.pdf
Jamna Auto Industries Limited,JAMNAAUTO,NSE,2026-10-09T12:18:01,announcement,General Updates,,https://nsearchives.nseindia.com/corporate/JAMNAAUTO_09102026121546_ESG_Rating.pdf
The Karnataka Bank Limited,KTKBANK,NSE,2026-10-09T12:17:35,announcement,Updates,,https://nsearchives.nseindia.com/corporate/KTKBANK_09102026121351_HYDSCSV.pdf
Jash Engineering Limited,JASH,NSE,2026-10-09T12:16:49,announcement,Updates,,https://nsearchives.nseindia.com/corporate/JASH_09102026121013_cajsh202oct2026.pdf
PI Industries Limited,PIIND,NSE,2026-10-09T12:15:48,announcement,"Certificate under SEBI (Depositories and Participants) Regulations, 2018",,https://nsearchives.nseindia.com/corporate/PIIND_09102026121414_disclosure_sd.pdf
Rubicon Research Limited,RUBICON,NSE,2026-10-09T12:15:16,announcement,"Certificate under SEBI (Depositories and Participants) Regulations, 2018",,https://nsearchives.nseindia.com/corporate/9823522970_09102026121233_RRLSEIntimationReg74_5_.pdf
Bajaj Finance Limited,BAJFINANCE,NSE,2026-10-09T12:14:37,announcement,Allotment of Securities,,https://nsearchives.nseindia.com/corporate/BAJFINANCE_09102026121406_REG30_Allotment_intimation_T7.pdf
Gandhi Special Tubes Limited,GANDHITUBE,NSE,2026-10-09T12:13:30,announcement,"Certificate under SEBI (Depositories and Participants) Regulations, 2018",,https://nsearchives.nseindia.com/corporate/GANDHITUBE_09102026121312_combined_signed.pdf
Hathway Cable & Datacom Limited,HATHWAY,NSE,2026-10-09T12:10:04,announcement,"Certificate under SEBI (Depositories and Participants) Regulations, 2018",,https://nsearchives.nseindia.com/corporate/PRIYAB_09102026120928_HCDL_Regulation_74_of_DP_2018_30092026.pdf
Next Mediaworks Limited,NEXTMEDIA,NSE,2026-10-09T12:09:48,announcement,"Certificate under SEBI (Depositories and Participants) Regulations, 2018",,https://nsearchives.nseindia.com/corporate/NEXTMEDIA_09102026120931_SEBI_DP_Certificate_September_2026.pdf
Sona BLW Precision Forgings Limited,SONACOMS,NSE,2026-10-09T12:07:36,announcement,Analysts/Institutional Investor Meet/Con. Call Updates,,https://nsearchives.nseindia.com/corporate/SONACOMS_09102026120728_Sona_Comstar_Intimation.pdf
Themis Medicare Limited,THEMISMED,NSE,2026-10-09T12:07:29,announcement,Credit Rating,,https://nsearchives.nseindia.com/corporate/THEMISMED_09102026120613_IntimationcreditratingTML091026.pdf
Anik Industries Limited,ANIKINDS,NSE,2026-10-09T12:01:54,announcement,Updates,,https://nsearchives.nseindia.com/corporate/ANIKINDS_09102026120140_Relodgement_report.pdf
V Marc India Limited,VMARCIND,NSE,2026-10-09T12:01:28,announcement,"Certificate under SEBI (Depositories and Participants) Regulations, 2018",,https://nsearchives.nseindia.com/corporate/Ranjan_09102026120119_VIL.pdf
Gujarat Themis Biosyn Limited,GUJTHEM,NSE,2026-10-09T12:01:25,announcement,Credit Rating,,https://nsearchives.nseindia.com/corporate/GUJARATTHEMIS_09102026120116_IntimationcreditratingTML091026.pdf
Shanthala FMCG Products Limited,SHANTHALA,NSE,2026-10-09T11:58:39,announcement,Extension  of Financial Year,,https://nsearchives.nseindia.com/corporate/SHANTHALA_09102026115734_GNL-1_Approval_Letter_AC6583647_09_Oct_2026.pdf
Nahar Spinning Mills Limited,NAHARSPING,NSE,2026-10-09T11:58:24,announcement,"Certificate under SEBI (Depositories and Participants) Regulations, 2018",,https://nsearchives.nseindia.com/corporate/NAHARSPING_09102026115727_DEMATCERTIFICATE.pdf
Max Healthcare Institute Limited,MAXHEALTH,NSE,2026-10-09T11:57:08,announcement,Credit Rating,,https://nsearchives.nseindia.com/corporate/MAXHEALTH_09102026115625_SE_Intimation_Credit_Rating.pdf
C K K Retail Mart Limited,CKKRETAIL,NSE,2026-10-09T11:52:53,announcement,Monitoring Agency Report,,https://nsearchives.nseindia.com/corporate/CKKRETAIL_09102026115230_Monitoring_agencyReport_3006.pdf
Baazar Style Retail Limited,STYLEBAAZA,NSE,2026-10-09T11:49:53,announcement,Updates,,https://nsearchives.nseindia.com/corporate/BSRL2024_09102026114931_IntimationofStoreopening09102026.pdf
Ducol Organics And Colours Limited,DUCOL,NSE,2026-10-09T11:49:48,announcement,"Certificate under SEBI (Depositories and Participants) Regulations, 2018",,https://nsearchives.nseindia.com/corporate/DUCOL_09102026114939_CertifcateunderReg74_5__30092026.pdf
Bajaj Healthcare Limited,BAJAJHCARE,NSE,2026-10-09T11:49:09,announcement,"Certificate under SEBI (Depositories and Participants) Regulations, 2018",,https://nsearchives.nseindia.com/corporate/BAJAJHCARE_09102026114719_Intimation.pdf
CSL Finance Limited,CSLFINANCE,NSE,2026-10-09T11:43:48,announcement,"Certificate under SEBI (Depositories and Participants) Regulations, 2018",,https://nsearchives.nseindia.com/corporate/CSLFINANCELIMITED_09102026114326_Final_Cover_letter.pdf
Tamilnad Mercantile Bank Limited,TMB,NSE,2026-10-09T11:43:22,announcement,Analysts/Institutional Investor Meet/Con. Call Updates,,https://nsearchives.nseindia.com/corporate/9659523378_09102026114240_78.pdf
Prostarm Info Systems Limited,PROSTARM,NSE,2026-10-09T11:42:54,announcement,"Certificate under SEBI (Depositories and Participants) Regulations, 2018",,https://nsearchives.nseindia.com/corporate/PROSTARM_09102026114207_Covering_Letter__Reg_74_5__S.pdf
Praj Industries Limited,PRAJIND,NSE,2026-10-09T11:42:42,announcement,"Certificate under SEBI (Depositories and Participants) Regulations, 2018",,https://nsearchives.nseindia.com/corporate/PRAJIND_09102026114232_PIL_74_5_.pdf
Anik Industries Limited,ANIKINDS,NSE,2026-10-09T11:42:30,announcement,"Certificate under SEBI (Depositories and Participants) Regulations, 2018",,https://nsearchives.nseindia.com/corporate/ANIKINDS_09102026114210_74_5__MERGED.pdf
PTL Enterprises Limited,PTL,NSE,2026-10-09T11:42:17,announcement,"Certificate under SEBI (Depositories and Participants) Regulations, 2018",,https://nsearchives.nseindia.com/corporate/meenakshi_cs13_gmail_com_09102026114206_Letters_Certificate_74_5__Signed.pdf
Torrent Pharmaceuticals Limited,TORNTPHARM,NSE,2026-10-09T11:41:17,announcement,Analysts/Institutional Investor Meet/Con. Call Updates,,https://nsearchives.nseindia.com/corporate/TORNTPHARM_09102026114110_SEIntimationConcallQ2.pdf
Tainwala Chemical and Plastic (I) Limited,TAINWALCHM,NSE,2026-10-09T11:40:02,announcement,"Certificate under SEBI (Depositories and Participants) Regulations, 2018",,https://nsearchives.nseindia.com/corporate/TAINWALCHM_09102026113909_Reg74_5__30Sep26_NSE.pdf
Amrutanjan Health Care Limited,AMRUTANJAN,NSE,2026-10-09T11:37:39,announcement,Updates,,https://nsearchives.nseindia.com/corporate/AMRUTANJAN_09102026113705_SEIntimationReg30ESG_Rating_Sd.pdf
Balmer Lawrie & Company Limited,BALMLAWRIE,NSE,2026-10-09T11:37:20,announcement,"Certificate under SEBI (Depositories and Participants) Regulations, 2018",,https://nsearchives.nseindia.com/corporate/BALMLAWRIE_09102026113710_SignedSE09102026.pdf
Rana Sugars Limited,RANASUG,NSE,2026-10-09T11:36:14,announcement,"Certificate under SEBI (Depositories and Participants) Regulations, 2018",,https://nsearchives.nseindia.com/corporate/RANASUG_09102026113557_Regulation_74-5_DP_Guidelines_Compliance_Merged.pdf
Capri Global Capital Limited,CGCL,NSE,2026-10-09T11:35:37,announcement,Updates,,https://nsearchives.nseindia.com/corporate/CGCL_09102026113527_CP_Record_Date.pdf
Jay Bee Laminations Limited,JAYBEE,NSE,2026-10-09T11:35:33,announcement,"Certificate under SEBI (Depositories and Participants) Regulations, 2018",,https://nsearchives.nseindia.com/corporate/JAYBEE_09102026113521_Disclosure_under_Regulation_74_5_.pdf
My Mudra Fincorp Limited,MYMUDRA,NSE,2026-10-09T11:34:05,announcement,General Updates,,https://nsearchives.nseindia.com/corporate/MYMUDRA_09102026113026_General_update_signed.pdf
Sharp Chucks and Machines Limited,SCML,NSE,2026-10-09T11:33:42,announcement,Copy of Newspaper Publication,,https://nsearchives.nseindia.com/corporate/SHARPCHUCKS_09102026113329_Regulation30newspaperpublication.pdf
Jay Bee Laminations Limited,JAYBEE,NSE,2026-10-09T11:31:54,announcement,Structural Digital Database,,https://nsearchives.nseindia.com/corporate/JAYBEE_09102026113138_SDD_Compliance_certificate.pdf
Pidilite Industries Limited,PIDILITIND,NSE,2026-10-09T11:31:45,announcement,General Updates,,https://nsearchives.nseindia.com/corporate/Nisha_09102026112953_SEIntimationAppointmentofSMPsigned.pdf
Aurobindo Pharma Limited,AUROPHARMA,NSE,2026-10-09T11:31:44,announcement,Copy of Newspaper Publication,,https://nsearchives.nseindia.com/corporate/AUROPHARMA_09102026113104_LtrToSEsNewsPaperPublicationSplWindow09102026.pdf
ARC Insulation & Insulators Limited,ARCIIL,NSE,2026-10-09T11:31:08,announcement,Integrated Filing- Governance,,https://nsearchives.nseindia.com/corporate/ARCINC_09102026113047_Submission_of_Qtrly_Statement_as_per_Reg13_3_sebi_lodr_201530Sep2026.pdf
Maxvolt Energy Industries Limited,MAXVOLT,NSE,2026-10-09T11:27:24,announcement,"Certificate under SEBI (Depositories and Participants) Regulations, 2018",,https://nsearchives.nseindia.com/corporate/MAXVOLT2019_09102026112716_SEPTCOMPLIANCE.pdf
RMC Switchgears Limited,RMC,NSE,2026-10-09T11:26:35,announcement,Outcome of Board Meeting,,https://nsearchives.nseindia.com/corporate/RMC_09102026112604_Outcome_of_Board_Meeting_.pdf
Venus Remedies Limited,VENUSREM,NSE,2026-10-09T11:25:19,announcement,"Certificate under SEBI (Depositories and Participants) Regulations, 2018",,https://nsearchives.nseindia.com/corporate/VENUSREM_09102026112508_Reg_74_comp_Sep2026_VRL.pdf
HCL Infosystems Limited,HCL-INSYS,NSE,2026-10-09T11:24:11,announcement,"Certificate under SEBI (Depositories and Participants) Regulations, 2018",,https://nsearchives.nseindia.com/corporate/HCL-INSYS1_09102026112357_Reg_74_5__signed.pdf
Ducol Organics And Colours Limited,DUCOL,NSE,2026-10-09T11:23:44,announcement,Quarterly Compliance Report on Corporate governance - within 21 days from the end of the quarter,,https://nsearchives.nseindia.com/corporate/DUCOL_09102026112328_DucolCertificateCGreport30092026.pdf
Value 360 Communications Limited,VALUE360,NSE,2026-10-09T11:18:40,announcement,Updates,,https://nsearchives.nseindia.com/corporate/VALUE_09102026111829_SurvellienceReply.pdf
Century Extrusions Limited,CENTEXT,NSE,2026-10-09T11:17:27,announcement,Copy of Newspaper Publication,,https://nsearchives.nseindia.com/corporate/CENTEXT_09102026111610_NP__RI_Extension_Signed.pdf
Uday Jewellery Industries Limited,UDAYJEW,NSE,2026-10-09T11:14:08,announcement,"Certificate under SEBI (Depositories and Participants) Regulations, 2018",,https://nsearchives.nseindia.com/corporate/UDAYJEW_09102026111348_UJIL_REG74_5__30-09-2026_sd.pdf
Pix Transmissions Limited,PIXTRANS,NSE,2026-10-09T11:13:26,announcement,"Certificate under SEBI (Depositories and Participants) Regulations, 2018",,https://nsearchives.nseindia.com/corporate/SHYBUV_09102026111309_Regulation-74_5_-CERT_Pix_Transmissions_Limited_03Oct26_12_1_41.pdf
Cords Cable Industries Limited,CORDSCABLE,NSE,2026-10-09T11:01:35,announcement,Credit Rating,,https://nsearchives.nseindia.com/corporate/CORDSCABLE_09102026110113_Credit_Rating.pdf
Bajel Projects Limited,BAJEL,NSE,2026-10-09T10:59:23,announcement,"Certificate under SEBI (Depositories and Participants) Regulations, 2018",,https://nsearchives.nseindia.com/corporate/BAJEL_09102026105906_Disclosure_74_5__signed.pdf
Indowind Energy Limited,INDOWIND,NSE,2026-10-09T10:57:18,announcement,"Certificate under SEBI (Depositories and Participants) Regulations, 2018",,https://nsearchives.nseindia.com/corporate/INDOWIND_09102026105706_745.pdf
Z-Tech (India) Limited,ZTECH,NSE,2026-10-09T10:56:24,announcement,Press Release,,https://nsearchives.nseindia.com/corporate/ZTECH_09102026105605_intimation09102026.pdf
Modi Naturals Limited,MODINATUR,NSE,2026-10-09T10:54:51,announcement,Analysts/Institutional Investor Meet/Con. Call Updates,,https://nsearchives.nseindia.com/corporate/MODINATURALS_09102026105406_Intimation.pdf
CMR Green Technologies Limited,CMRGREEN,NSE,2026-10-09T10:53:39,announcement,General Updates,,https://nsearchives.nseindia.com/corporate/CMRGREEN_09102026105236_Rectification_of_duplicate_Intimation_filed_for_Federal_Bank.pdf
Ratnaveer Precision Engineering Limited,RATNAVEER,NSE,2026-10-09T10:50:55,announcement,"Certificate under SEBI (Depositories and Participants) Regulations, 2018",,https://nsearchives.nseindia.com/corporate/RATNAVEER_09102026105028_Certificate_Merged_signed.pdf
Unihealth Hospitals Limited,UNIHEALTH,NSE,2026-10-09T10:49:21,announcement,"Certificate under SEBI (Depositories and Participants) Regulations, 2018",,https://nsearchives.nseindia.com/corporate/UNIHEALTH_09102026104732_Certificate_74_5_.pdf
NCL Industries Limited,NCLIND,NSE,2026-10-09T10:49:03,announcement,Updates,,https://nsearchives.nseindia.com/corporate/NCLIND_09102026104847_Cover_letter_NSEBSE.pdf
DEE Development Engineers Limited,DEEDEV,NSE,2026-10-09T10:49:00,announcement,"Certificate under SEBI (Depositories and Participants) Regulations, 2018",,https://nsearchives.nseindia.com/corporate/DDEL_09102026104707_NSEBSE_74_5_.pdf
Dredging Corporation of India Limited,DREDGECORP,NSE,2026-10-09T10:48:28,announcement,Statement of deviation(s) or variation(s) under Reg. 32,,https://nsearchives.nseindia.com/corporate/DREDGECORP_09102026104816_20261009_Statement_of_Material_Deviation.pdf
V2 Retail Limited,V2RETAIL,NSE,2026-10-09T10:41:02,announcement,"Certificate under SEBI (Depositories and Participants) Regulations, 2018",,https://nsearchives.nseindia.com/corporate/V2RETAIL_09102026104050_Regulation74_5__Intimation.pdf
Motilal Oswal Financial Services Limited,MOTILALOFS,NSE,2026-10-09T10:38:54,announcement,"Certificate under SEBI (Depositories and Participants) Regulations, 2018",,https://nsearchives.nseindia.com/corporate/MOTILALOFS_09102026103824_Reg_74_5_.pdf
DEE Development Engineers Limited,DEEDEV,NSE,2026-10-09T10:37:05,announcement,Updates,,https://nsearchives.nseindia.com/corporate/DDEL_09102026103259_NSEBSE_Monthly_Order_Book.pdf
Praxis Home Retail Limited,PRAXIS,NSE,2026-10-09T10:35:24,announcement,Copy of Newspaper Publication,,https://nsearchives.nseindia.com/corporate/PRAXIS_09102026103220_SE_Letter_relodgement.pdf
Bosch Limited,BOSCHLTD,NSE,2026-10-09T10:32:54,announcement,"Certificate under SEBI (Depositories and Participants) Regulations, 2018",,https://nsearchives.nseindia.com/corporate/BOSCHLTD2025_09102026103221_Letter2SE09102026.pdf
C2C Advanced Systems Limited,C2C,NSE,2026-10-09T10:28:48,announcement,Resignation of Director/KMP/SMP,,https://nsearchives.nseindia.com/corporate/C2C_ROID_100042_KMP_Doc.zip
CARYSIL LIMITED,CARYSIL,NSE,2026-10-09T10:27:17,announcement,"Certificate under SEBI (Depositories and Participants) Regulations, 2018",,https://nsearchives.nseindia.com/corporate/ACRYSIL_09102026102641_Reconciliation76.pdf
Aspire & Innovative Advertising Limited,ASPIRE,NSE,2026-10-09T10:20:48,announcement,"Certificate under SEBI (Depositories and Participants) Regulations, 2018",,https://nsearchives.nseindia.com/corporate/ASPIRE_09102026102033_reg_74_5_.pdf
Mirza International Limited,MIRZAINT,NSE,2026-10-09T10:15:52,announcement,Acquisition,,https://nsearchives.nseindia.com/corporate/MIRZAINT_09102026101539_Letter_to_SE_19102026.pdf
Infosys Limited,INFY,NSE,2026-10-09T10:13:20,announcement,Copy of Newspaper Publication,,https://nsearchives.nseindia.com/corporate/Infosys_09102026101311_SE_Intimation_adv_in_newspaper_1.pdf
Emami Limited,EMAMILTD,NSE,2026-10-09T10:11:06,announcement,"Certificate under SEBI (Depositories and Participants) Regulations, 2018",,https://nsearchives.nseindia.com/corporate/EMAMILTD2_09102026101058_Intimation_Certificate_Reg_74_5_.pdf
TCPL Packaging Limited,TCPLPACK,NSE,2026-10-09T10:09:49,announcement,"Certificate under SEBI (Depositories and Participants) Regulations, 2018",,https://nsearchives.nseindia.com/corporate/TCPLPACK_09102026100939_TCPL_Reg_74-2026.pdf
Cochin Shipyard Limited,COCHINSHIP,NSE,2026-10-09T10:09:07,announcement,"Certificate under SEBI (Depositories and Participants) Regulations, 2018",,https://nsearchives.nseindia.com/corporate/Aswi4739_09102026100839_SE_Intimation_Reg_74_sd.pdf
Saraswati Saree Depot Limited,SSDL,NSE,2026-10-09T10:03:20,announcement,"Certificate under SEBI (Depositories and Participants) Regulations, 2018",,https://nsearchives.nseindia.com/corporate/SARASWATI_09102026100309_SEintimation_Reg_74_5__Signed.pdf
Sanofi India Limited,SANOFI,NSE,2026-10-09T09:47:04,announcement,"Certificate under SEBI (Depositories and Participants) Regulations, 2018",,https://nsearchives.nseindia.com/corporate/COSECSANOFI_09102026094643_BSENSEUPLOAD.pdf
The Andhra Sugars Limited,ANDHRSUGAR,NSE,2026-10-09T09:32:53,announcement,Credit Rating- New,,https://nsearchives.nseindia.com/corporate/ANDHRSUGAR_09102026093241_ICRA.pdf
JBF Industries Limited,JBFIND,NSE,2026-10-09T09:21:03,announcement,"Certificate under SEBI (Depositories and Participants) Regulations, 2018",,https://nsearchives.nseindia.com/corporate/JBFIND_09102026092051_Regulation74.pdf
The Federal Bank  Limited,FEDERALBNK,NSE,2026-10-09T09:15:30,announcement,General Updates,,https://nsearchives.nseindia.com/corporate/FEDERALBNK_09102026091508_ESOS_24724815_091026_SE_S.pdf
Highway Infrastructure Limited,HILINFRA,NSE,2026-10-09T08:59:10,announcement,Press Release,,https://nsearchives.nseindia.com/corporate/HIGHWAY123_09102026085436_HIL_Velanchettiyur_PR_Wo_08102026.pdf
Tata Consultancy Services Limited,TCS,NSE,2026-10-09T08:08:19,announcement,Updates,,https://nsearchives.nseindia.com/corporate/TCS_CORPCS_09102026080757_SE_TCS_Statement_f.pdf
Nakoda Group of Industries Limited,NGIL,NSE,2026-10-09T07:58:22,announcement,"Certificate under SEBI (Depositories and Participants) Regulations, 2018",,https://nsearchives.nseindia.com/corporate/NGIL_09102026075803_74_5_.pdf
BEML Limited,BEML,NSE,2026-10-09T07:12:58,announcement,Awarding of order(s)/contract(s),,https://nsearchives.nseindia.com/corporate/BEML_09102026071209_intimation_nse_signed.pdf
Ujjivan Small Finance Bank Limited,UJJIVANSFB,NSE,2026-10-09T00:35:18,announcement,Allotment of Securities,,https://nsearchives.nseindia.com/corporate/UJJIVANBANK_09102026003507_96_ESOP_Allotment_08102026.pdf
Canara Robeco Asset Management Company Limited,CRAMC,NSE,2026-10-09T00:00:00,upcoming event,Financial Results,,
Can Fin Homes Limited,CANFINHOME,NSE,2026-10-09T00:00:00,upcoming event,Financial Results,,
Poonawalla Fincorp Limited,POONAWALLA,NSE,2026-10-09T00:00:00,upcoming event,Financial Results,,
Anand Rathi Wealth Limited,ANANDRATHI,NSE,2026-10-09T00:00:00,upcoming event,Financial Results/Dividend,,
RMC Switchgears Limited,RMC,NSE,2026-10-09T00:00:00,upcoming event,Fund Raising/Other business matters,,
Indbank Merchant Banking Services Limited,INDBANK,NSE,2026-10-09T00:00:00,upcoming event,Financial Results,,
Waterways Leisure Tourism Limited,CORDELIA,NSE,2026-10-09T00:00:00,upcoming event,Financial Results,,
Canara HSBC Life Insurance Company Limited,CANHLIFE,NSE,2026-10-09T00:00:00,upcoming event,Fund Raising,,
Canara HSBC Life Insurance Company Limited,CANHLIFE,NSE,2026-10-09T00:00:00,upcoming event,Financial Results,,
Ballarpur Industries Limited,BALLARPUR,NSE,2026-10-09T00:00:00,upcoming event,Other business matters,,
CP Capital Limited,CPCAP,NSE,2026-10-09T00:00:00,upcoming event,Fund Raising,,
Canara Robeco Asset Management Company Limited,CRAMC,NSE,2026-10-09T00:00:00,upcoming event,Dividend,,
Transwarranty Finance Limited,TFL,NSE,2026-10-09T00:00:00,upcoming event,Fund Raising,,
PC Jeweller Limited,PCJEWELLER,NSE,2026-10-08T23:15:18,announcement,Disclosure of material issue,,https://nsearchives.nseindia.com/corporate/PCJEWELLER_08102026231509_update08102026.pdf
GMR AIRPORTS LIMITED,GMRAIRPORT,NSE,2026-10-08T23:15:02,announcement,Resignation,,https://nsearchives.nseindia.com/corporate/GMRINFRA_08102026231343_STX_Intimation_of_Resignation_of_Director_Mr_Alexis.pdf
Gravita India Limited,GRAVITA,NSE,2026-10-08T22:59:45,announcement,Acquisition,,https://nsearchives.nseindia.com/corporate/GRAVITA_08102026225348_Intimation.pdf
Arisinfra Solutions Limited,ARIS,NSE,2026-10-08T22:43:10,announcement,Amalgamation/Merger,,https://nsearchives.nseindia.com/corporate/ARISINFRA2024_08102026224210_NCLT_Order_Merger__final.pdf
TAC Infosec Limited,TAC,NSE,2026-10-08T22:41:01,announcement,General Updates,,https://nsearchives.nseindia.com/corporate/TAC_08102026224044_NSE_Submission.pdf
Tata Consultancy Services Limited,TCS,NSE,2026-10-08T22:38:59,announcement,Analysts/Institutional Investor Meet/Con. Call Updates,,https://nsearchives.nseindia.com/corporate/TCS_CORPCS_08102026223847_SEInt09072026_signed.pdf
Cholamandalam Investment and Finance Company Limited,CHOLAFIN,NSE,2026-10-08T22:32:35,announcement,Trading Window,,https://nsearchives.nseindia.com/corporate/lakshmits_08102026222819_Board_Intimation_October2026.pdf
Power Grid Corporation of India Limited,POWERGRID,NSE,2026-10-08T22:16:55,announcement,General Updates,,https://nsearchives.nseindia.com/corporate/POWERGRID1_08102026221647_BSENSEReg30dt08102026LOI.pdf
Runwal Enterprises Limited,RUNWALENTR,NSE,2026-10-08T22:14:55,announcement,Agreements,,https://nsearchives.nseindia.com/corporate/RUNWAL1978_08102026221250_Reg30NCDagreementsubsidiary.pdf
General Insurance Corporation of India,GICRE,NSE,2026-10-08T22:12:30,announcement,Credit Rating,,https://nsearchives.nseindia.com/corporate/GICRE_08102026221205_SignedSEintimationReaffirmationofAMBESTCreditRating.pdf
Flywings Simulator Training Centre Limited,FWSTC,NSE,2026-10-08T22:07:24,announcement,Updates,,https://nsearchives.nseindia.com/corporate/FLYWINGSINC_08102026220712_Intimation_Cancellation_of_BM_080926_S.pdf
KSS Limited,KSERASERA,NSE,2026-10-08T21:59:56,announcement,General Updates,,https://nsearchives.nseindia.com/corporate/KSERASERA_08102026215947_SE_IntimationRactification_Order.pdf
Nandani Creation Limited,JAIPURKURT,NSE,2026-10-08T21:56:09,announcement,Outcome of Board Meeting,,https://nsearchives.nseindia.com/corporate/JAIPURKURT_08102026215512_NSEINTIMATION__1_.pdf
Rubicon Research Limited,RUBICON,NSE,2026-10-08T21:49:50,announcement,Updates,,https://nsearchives.nseindia.com/corporate/9823522970_08102026214931_RRLSEIntimationESOPAlottmentOct2026.pdf
Avana Electrosystems Limited,AVANA,NSE,2026-10-08T21:48:33,announcement,"Certificate under SEBI (Depositories and Participants) Regulations, 2018",,https://nsearchives.nseindia.com/corporate/AVANAELECTROSYSTEMS_08102026214743_Avana_-_74_5__-_30092026.pdf
Ultra Wiring Connectivity System Limited,UWCSL,NSE,2026-10-08T21:48:23,announcement,Updates,,https://nsearchives.nseindia.com/corporate/UWCSL_08102026214809_IGR.pdf
Krsnaa Diagnostics Limited,KRSNAA,NSE,2026-10-08T21:42:54,announcement,General Updates,,https://nsearchives.nseindia.com/corporate/KRSNAA_08102026214233_543328.pdf
Lemon Tree Hotels Limited,LEMONTREE,NSE,2026-10-08T21:42:39,announcement,Action(s) taken or orders passed,,https://nsearchives.nseindia.com/corporate/LEMONTREE_08102026213743_Intimation.pdf
Jubilant Pharmova Limited,JUBLPHARMA,NSE,2026-10-08T21:32:52,announcement,General Updates,,https://nsearchives.nseindia.com/corporate/JUBLPHARMA_08102026213231_FinalFile08102026.pdf
Jaykay Enterprises Limited,JAYKAY,NSE,2026-10-08T21:31:16,announcement,Agreements,,https://nsearchives.nseindia.com/corporate/JAYKAY_08102026212727_SE_intimation_sd.pdf
Ultra Wiring Connectivity System Limited,UWCSL,NSE,2026-10-08T21:30:20,announcement,Quarterly Compliance Report on Corporate governance - within 21 days from the end of the quarter,,https://nsearchives.nseindia.com/corporate/UWCSL_08102026213007_NACGR.pdf
Ultra Wiring Connectivity System Limited,UWCSL,NSE,2026-10-08T21:18:48,announcement,"Certificate under SEBI (Depositories and Participants) Regulations, 2018",,https://nsearchives.nseindia.com/corporate/UWCSL_08102026211837_Reg_74_5_.pdf
Tilaknagar Industries Limited,TI,NSE,2026-10-08T21:10:17,announcement,Change in Management,,https://nsearchives.nseindia.com/corporate/gthakur_08102026210810_OutcomeofNRC_Oct_2026.pdf
Krsnaa Diagnostics Limited,KRSNAA,NSE,2026-10-08T21:10:00,announcement,General Updates,,https://nsearchives.nseindia.com/corporate/KRSNAA_08102026210946_543328.pdf
Tilaknagar Industries Limited,TI,NSE,2026-10-08T21:01:50,announcement,Resignation,,https://nsearchives.nseindia.com/corporate/gthakur_08102026205723_OutcomeofNRC_Oct_2026.pdf
Lupin Limited,LUPIN,NSE,2026-10-08T21:00:15,announcement,Press Release,,https://nsearchives.nseindia.com/corporate/Lupin2_08102026205937_SELetterPressRelease.pdf
KEC International Limited,KEC,NSE,2026-10-08T20:57:48,announcement,Bagging/Receiving of orders/contracts,,https://nsearchives.nseindia.com/corporate/KEC_08102026205717_PressRelease.pdf
Vinati Organics Limited,VINATIORGA,NSE,2026-10-08T20:48:05,announcement,Credit Rating,,https://nsearchives.nseindia.com/corporate/VINATIORGA_08102026204732_524200_VOL_CREDIT_RATING.pdf
Tata Steel Limited,TATASTEEL,NSE,2026-10-08T20:47:31,announcement,"Certificate under SEBI (Depositories and Participants) Regulations, 2018",,https://nsearchives.nseindia.com/corporate/NIDHIFADNAVIS_08102026204706_BSENSE_Reg_74_5__Signed.pdf
Polycab India Limited,POLYCAB,NSE,2026-10-08T20:41:15,announcement,Corporate Insolvency Resolution Process,,https://nsearchives.nseindia.com/corporate/POLYCAB_08102026204050_StockExchangeIntimationCIRPupdate08102026F.pdf
EPL Limited,EPL,NSE,2026-10-08T20:35:54,announcement,ESOP/ESOS/ESPS,,https://nsearchives.nseindia.com/corporate/EPL_08102026203513_SEintimationAllotment_08102026Sd.pdf
CIE Automotive India Limited,CIEINDIA,NSE,2026-10-08T20:33:34,announcement,General Updates,,https://nsearchives.nseindia.com/corporate/Mahindracie_08102026203303_SE_Intimation.pdf
Zim Laboratories Limited,ZIMLAB,NSE,2026-10-08T20:17:35,announcement,Credit Rating,,https://nsearchives.nseindia.com/corporate/ZIMLAB_08102026201714_DisclosureunderReg30.pdf
The South Indian Bank Limited,SOUTHBANK,NSE,2026-10-08T20:15:18,announcement,Analysts/Institutional Investor Meet/Con. Call Updates,,https://nsearchives.nseindia.com/corporate/SOUTHBANK_08102026201416_SD_STT_SCHEDULEOFINVESTORMEET_08OCT2026.pdf
RPSG VENTURES LIMITED,RPSGVENT,NSE,2026-10-08T20:12:26,announcement,"Certificate under SEBI (Depositories and Participants) Regulations, 2018",,https://nsearchives.nseindia.com/corporate/RPSGVENT_08102026201216_SE_74_5__SIGNED.pdf
Laxmi Dental Limited,LAXMIDENTL,NSE,2026-10-08T19:59:33,announcement,Monitoring Agency Report,,https://nsearchives.nseindia.com/corporate/LAXMI_08102026195911_Monitoring_Agency_Report_Q2_2027.pdf
SBFC Finance Limited,SBFC,NSE,2026-10-08T19:57:49,announcement,"Certificate under SEBI (Depositories and Participants) Regulations, 2018",,https://nsearchives.nseindia.com/corporate/SBFC_08102026195735_Disclosure_Reg74_SBFC_30092026_signed.pdf
Raymond Realty Limited,RAYMONDREL,NSE,2026-10-08T19:55:39,announcement,"Certificate under SEBI (Depositories and Participants) Regulations, 2018",,https://nsearchives.nseindia.com/corporate/RRL_08102026195529_SE_intimation.pdf
Beacon Trusteeship Limited,BEACON,NSE,2026-10-08T19:54:53,announcement,Options to purchase securities,,https://nsearchives.nseindia.com/corporate/BEACON_08102026195433_Grant_of_50500_ESOP_NRC.pdf
Orient Cement Limited,ORIENTCEM,NSE,2026-10-08T19:54:45,announcement,Analysts/Institutional Investor Meet/Con. Call Updates,,https://nsearchives.nseindia.com/corporate/ORIENTCEM_08102026195439_OCL_Intimation_08102026_ws.pdf
CESC Limited,CESC,NSE,2026-10-08T19:53:56,announcement,"Certificate under SEBI (Depositories and Participants) Regulations, 2018",,https://nsearchives.nseindia.com/corporate/CESC_08102026195348_SE.pdf
Rajesh Exports Limited,RAJESHEXPO,NSE,2026-10-08T19:50:55,announcement,Change in Company Secretary/Compliance Officer,,https://nsearchives.nseindia.com/corporate/RAJESHEXPO_08102026195034_RelCSappointment.pdf
IFGL Refractories Limited,IFGLEXPOR,NSE,2026-10-08T19:48:19,announcement,Shareholders meeting,,https://nsearchives.nseindia.com/corporate/IFGLEXPOR_08102026194241_PostalBallotResult.pdf
Standard Engineering Technology Limited,SETL,NSE,2026-10-08T19:47:35,announcement,"Certificate under SEBI (Depositories and Participants) Regulations, 2018",,https://nsearchives.nseindia.com/corporate/SGLTPL_08102026194601_Regulation_74_5_of_the_SEBI_Depositories__Participants.pdf
OnEMI Technology Solutions Limited,KISSHT,NSE,2026-10-08T19:46:02,announcement,Corrigendum,,https://nsearchives.nseindia.com/corporate/ONEMI_08102026194548_Intimation_Corrigendum_08102026.pdf
Metro Brands Limited,METROBRAND,NSE,2026-10-08T19:44:59,announcement,Analysts/Institutional Investor Meet/Con. Call Updates,,https://nsearchives.nseindia.com/corporate/METROBRAND_08102026194352_Intimation_for_Investor_Meeting_signed.pdf
Innomet Advanced Materials Limited,INNOMET,NSE,2026-10-08T19:44:55,announcement,Bagging/Receiving of orders/contracts,,https://nsearchives.nseindia.com/corporate/INNOMET_08102026194318_InnometSEUPDATE.pdf
R Systems International Limited,RSYSTEMS,NSE,2026-10-08T19:42:01,announcement,Credit Rating- Others,,https://nsearchives.nseindia.com/corporate/RSYSTEMS2_08102026194132_Stock_Exchange_Intimation_.pdf
JSW Energy Limited,JSWENERGY,NSE,2026-10-08T19:40:55,announcement,General Updates,,https://nsearchives.nseindia.com/corporate/KRUTIKAJSWEL_08102026194025_LettertoBSENSE_JSWRE32_8102026_sd.pdf
Chaman Metallics Limited,CMNL,NSE,2026-10-08T19:39:50,announcement,Updates,,https://nsearchives.nseindia.com/corporate/CHAMAN_08102026193851_NSEannouncementoperationaldata.pdf
Raymond Realty Limited,RAYMONDREL,NSE,2026-10-08T19:39:42,announcement,General Updates,,https://nsearchives.nseindia.com/corporate/RRL_08102026193935_SE_TXRNL.pdf
Hindustan Unilever Limited,HINDUNILVR,NSE,2026-10-08T19:39:31,announcement,"Certificate under SEBI (Depositories and Participants) Regulations, 2018",,https://nsearchives.nseindia.com/corporate/HINDUNILVR_08102026193903_Regulation74_5_Intimationsigned.pdf
Clean Max Enviro Energy Solutions Limited,CLEANMAX,NSE,2026-10-08T19:36:36,announcement,ESOP/ESOS/ESPS,,https://nsearchives.nseindia.com/corporate/CLEANMAX_08102026193628_ESOP_Allotment.pdf
JSW Energy Limited,JSWENERGY,NSE,2026-10-08T19:31:28,announcement,General Updates,,https://nsearchives.nseindia.com/corporate/KRUTIKAJSWEL_08102026193118_LettertoBSENSE_JSWRED3L_08102026_sd.pdf
TAC Infosec Limited,TAC,NSE,2026-10-08T19:30:59,announcement,Shareholders meeting,,https://nsearchives.nseindia.com/corporate/TAC_08102026193037_Postal_Ballot_Intimation_BSE_submission.pdf
Venus Pipes & Tubes Limited,VENUSPIPES,NSE,2026-10-08T19:29:13,announcement,Shareholders meeting,,https://nsearchives.nseindia.com/corporate/VENUSPIPES_08102026192905_Intimation_Voting_Results_and_Consolidated_Scrutinizers_report_of_EGM.pdf
ACC Limited,ACC,NSE,2026-10-08T19:28:51,announcement,Analysts/Institutional Investor Meet/Con. Call Updates,,https://nsearchives.nseindia.com/corporate/ACC_1_08102026192820_ACC_BM_Prior_Intimation_08102026.pdf
Dalmia Bharat Sugar and Industries Limited,DALMIASUG,NSE,2026-10-08T19:27:49,announcement,Action(s) taken or orders passed,,https://nsearchives.nseindia.com/corporate/DALMIACEM_08102026192318_SE_Intimation_GST_Penalty.pdf
Highway Infrastructure Limited,HILINFRA,NSE,2026-10-08T19:24:15,announcement,Bagging/Receiving of orders/contracts,,https://nsearchives.nseindia.com/corporate/HIGHWAY123_08102026192351_WO_Reg30_Vellanchettiyur.pdf
Teerth Gopicon Limited,TGL,NSE,2026-10-08T19:23:33,announcement,Corporate Insolvency Resolution Process,,https://nsearchives.nseindia.com/corporate/TEERTHGOPICON_08102026190346_NSE_Intimation_0810.pdf
Aarti Drugs Limited,AARTIDRUGS,NSE,2026-10-08T19:22:25,announcement,General Updates,,https://nsearchives.nseindia.com/corporate/AARTIDRUGS_08102026191926_AARTIDRUGS.pdf
Mangalam Cement Limited,MANGLMCEM,NSE,2026-10-08T19:21:29,announcement,Action(s) taken or orders passed,,https://nsearchives.nseindia.com/corporate/MANGLMCEM_08102026192109_NSEBSEREG30S.pdf
Indegene Limited,INDGN,NSE,2026-10-08T19:21:27,announcement,"Certificate under SEBI (Depositories and Participants) Regulations, 2018",,https://nsearchives.nseindia.com/corporate/INDEGENE_08102026192101_tofile74_5__3009.pdf
Silkflex Polymers (India) Limited,SILKFLEX,NSE,2026-10-08T19:21:27,announcement,Quarterly Compliance Report on Corporate governance - within 21 days from the end of the quarter,,https://nsearchives.nseindia.com/corporate/SILKFLEX_08102026192013_Letter.pdf
BlueStone Jewellery and Lifestyle Limited,BLUESTONE,NSE,2026-10-08T19:19:17,announcement,"Certificate under SEBI (Depositories and Participants) Regulations, 2018",,https://nsearchives.nseindia.com/corporate/BLUESTONE_08102026191905_Intimation_for_Reg_74_5_.pdf
E To E Transportation Infrastructure Limited,E2ERAIL,NSE,2026-10-08T19:17:54,announcement,"Certificate under SEBI (Depositories and Participants) Regulations, 2018",,https://nsearchives.nseindia.com/corporate/ETOETRANS_08102026191736_Certificate-Reg_74_5_.pdf
MIC Electronics Limited,MICEL,NSE,2026-10-08T19:17:53,announcement,"Certificate under SEBI (Depositories and Participants) Regulations, 2018",,https://nsearchives.nseindia.com/corporate/MICEL_08102026191731_Reg_74__5__to_SE.pdf
Prizor Viztech Limited,PRIZOR,NSE,2026-10-08T19:17:29,announcement,Updates,,https://nsearchives.nseindia.com/corporate/PRIZOR_08102026190229_Letter.pdf
Beacon Trusteeship Limited,BEACON,NSE,2026-10-08T19:13:32,announcement,ESOP/ESOS/ESPS,,https://nsearchives.nseindia.com/corporate/BEACON_08102026191319_Grant_of_50500_ESOP_NRC.pdf
Waaree Renewable Technologies Limited,WAAREERTL,NSE,2026-10-08T19:11:29,announcement,Bagging/Receiving of orders/contracts,,https://nsearchives.nseindia.com/corporate/WAAREERTL_08102026191118_Intimation-s.pdf
Sundrex Oil Company Limited,SOCL,NSE,2026-10-08T19:11:24,announcement,"Certificate under SEBI (Depositories and Participants) Regulations, 2018",,https://nsearchives.nseindia.com/corporate/SUNDREXOILIPO_08102026191113_Regulation_74_5_.pdf
Ambuja Cements Limited,AMBUJACEM,NSE,2026-10-08T19:10:53,announcement,Analysts/Institutional Investor Meet/Con. Call Updates,,https://nsearchives.nseindia.com/corporate/AMBUJACEM_08102026190930_ACL_BM_Intimation_08102026.pdf
Paushak Limited,PAUSHAKLTD,NSE,2026-10-08T19:10:45,announcement,Copy of Newspaper Publication,,https://nsearchives.nseindia.com/corporate/PAUSHAKLTD_08102026191029_Intimation_-_Newspaper_Advertisement_-_Special_Window_-_PL.pdf
Indegene Limited,INDGN,NSE,2026-10-08T19:10:12,announcement,Allotment of Securities,,https://nsearchives.nseindia.com/corporate/INDEGENE_08102026190933_05102026_allotmentofESOP.pdf
Enser Communications Limited,ENSER,NSE,2026-10-08T19:10:09,announcement,Updates,,https://nsearchives.nseindia.com/corporate/ENSER06_08102026190945_7_2_.pdf
Himadri Speciality Chemical Limited,HSCL,NSE,2026-10-08T19:09:45,announcement,Press Release,,https://nsearchives.nseindia.com/corporate/HSCL_08102026190935_Pressreleasegoldenpeacock.pdf
Bhagyanagar India Limited,BHAGYANGR,NSE,2026-10-08T19:09:27,announcement,Change in Management,,https://nsearchives.nseindia.com/corporate/BHAGYANGR_08102026190917_Outcome_Final.pdf
Life Insurance Corporation Of India,LICI,NSE,2026-10-08T19:08:51,announcement,Change in Management,,https://nsearchives.nseindia.com/corporate/LIC_BOARD_08102026190842_Final_Dis_SMP_08102026.pdf
Leela Palaces Hotels & Resorts Limited,THELEELA,NSE,2026-10-08T19:08:46,announcement,Analysts/Institutional Investor Meet/Con. Call Updates,,https://nsearchives.nseindia.com/corporate/THELEELA_08102026190315_Earning_Call_Intimation.pdf
Himatsingka Seide Limited,HIMATSEIDE,NSE,2026-10-08T19:08:31,announcement,Copy of Newspaper Publication,,https://nsearchives.nseindia.com/corporate/HIMATSEIDE_08102026190750_NewpaperPublication_Oct2026.pdf
Bhagyanagar India Limited,BHAGYANGR,NSE,2026-10-08T19:07:59,announcement,Resignation of Director/KMP/SMP,,https://nsearchives.nseindia.com/corporate/BHAGYANGR_ROID_100031_KMP_Doc.zip
ARC Insulation & Insulators Limited,ARCIIL,NSE,2026-10-08T19:05:56,announcement,"Certificate under SEBI (Depositories and Participants) Regulations, 2018",,https://nsearchives.nseindia.com/corporate/ARCINC_08102026190535_REGULATION_74_5__FOR_THE_QUARTER_ENDED_30TH_SEPTEMBRE_2026.pdf
Bhagyanagar India Limited,BHAGYANGR,NSE,2026-10-08T19:05:14,announcement,Outcome of Board Meeting,,https://nsearchives.nseindia.com/corporate/BHAGYANGR_08102026190325_Outcome_Final.pdf
Manorama Industries Limited,MANORAMA,NSE,2026-10-08T19:03:32,announcement,"Certificate under SEBI (Depositories and Participants) Regulations, 2018",,https://nsearchives.nseindia.com/corporate/MANORAMA_08102026190223_Signedcompliancecertificate.pdf
Polycab India Limited,POLYCAB,NSE,2026-10-08T19:01:27,announcement,Corporate Insolvency Resolution Process,,https://nsearchives.nseindia.com/corporate/POLYCAB_08102026190117_Intimation_to_Stock_Exchange.pdf
Tree House Education & Accessories Limited,TREEHOUSE,NSE,2026-10-08T19:00:48,announcement,"Certificate under SEBI (Depositories and Participants) Regulations, 2018",,https://nsearchives.nseindia.com/corporate/TREEHOUSE_08102026190034_Reg_74_5__SE.pdf
Laxmi Dental Limited,LAXMIDENTL,NSE,2026-10-08T18:59:59,announcement,Updates,,https://nsearchives.nseindia.com/corporate/LAXMI_08102026185925_Reg_30.pdf
India Glycols Limited,INDIAGLYCO,NSE,2026-10-08T18:59:52,announcement,Price movement,,-
Supreme Power Equipment Limited,SUPREMEPWR,NSE,2026-10-08T18:59:45,announcement,Price movement,,https://nsearchives.nseindia.com/corporate/-
Supreme Infrastructure India Limited,SUPREMEINF,NSE,2026-10-08T18:59:43,announcement,Price movement,,-
Value 360 Communications Limited,VALUE360,NSE,2026-10-08T18:59:37,announcement,Price movement,,https://nsearchives.nseindia.com/corporate/-
P N Gadgil Jewellers Limited,PNGJL,NSE,2026-10-08T18:58:48,announcement,Updates,,https://nsearchives.nseindia.com/corporate/PNGJEWELLERS_08102026185539_IntimationofquarterlyupdateQ2FY27.pdf
Q-Line Biotech Limited,QLINE,NSE,2026-10-08T18:58:30,announcement,"Certificate under SEBI (Depositories and Participants) Regulations, 2018",,https://nsearchives.nseindia.com/corporate/QLINEBIOTECH_08102026185811_Submission_of_Certificate_issued_by_RTA.pdf
Lemon Tree Hotels Limited,LEMONTREE,NSE,2026-10-08T18:58:27,announcement,"Certificate under SEBI (Depositories and Participants) Regulations, 2018",,https://nsearchives.nseindia.com/corporate/LEMONTREE_08102026185756_Intimation_74_5_.pdf
Alkyl Amines Chemicals Limited,ALKYLAMINE,NSE,2026-10-08T18:57:47,announcement,"Certificate under SEBI (Depositories and Participants) Regulations, 2018",,https://nsearchives.nseindia.com/corporate/ALKYLAMINE_08102026185712_finalfile.pdf
Sarla Performance Fibers Limited,SARLAPOLY,NSE,2026-10-08T18:57:44,announcement,"Certificate under SEBI (Depositories and Participants) Regulations, 2018",,https://nsearchives.nseindia.com/corporate/SARLAPOLY_08102026185726_Stock_Exchange_intimation_Signed.pdf
Mangalam Worldwide Limited,MWL,NSE,2026-10-08T18:57:35,announcement,Shareholders meeting,,https://nsearchives.nseindia.com/corporate/MWL_08102026185726_intimationofproceddingsofpostalballotsigned.pdf
Ganesh Green Bharat Limited,GGBL,NSE,2026-10-08T18:56:02,announcement,"Certificate under SEBI (Depositories and Participants) Regulations, 2018",,https://nsearchives.nseindia.com/corporate/GANESH_08102026185505_Reg76ReconciliationofsharecapitalFINAL.pdf
Laxmi Dental Limited,LAXMIDENTL,NSE,2026-10-08T18:55:41,announcement,General Updates,,https://nsearchives.nseindia.com/corporate/LAXMI_08102026185527_Reg_30.pdf
Syngene International Limited,SYNGENE,NSE,2026-10-08T18:55:21,announcement,"Certificate under SEBI (Depositories and Participants) Regulations, 2018",,https://nsearchives.nseindia.com/corporate/SYNGENE2_08102026185423_SEIntimationRegulation74.pdf
PVP Ventures Limited,PVP,NSE,2026-10-08T18:54:46,announcement,Updates,,https://nsearchives.nseindia.com/corporate/Pvpchennai_08102026184925_Intimation_to_stock_exchange_-_Advance_interest_payment.pdf
Pushpa Jewellers Limited,PUSHPA,NSE,2026-10-08T18:52:47,announcement,Quarterly Compliance Report on Corporate governance - within 21 days from the end of the quarter,,https://nsearchives.nseindia.com/corporate/PUSHPAJEWELLERSIPO_08102026185220_PUSHPA_NSE_CG_NA_INT_FOR_30_09_2026.pdf
Purple United Sales Limited,PURPLEUTED,NSE,2026-10-08T18:52:36,announcement,Allotment of Securities,,https://nsearchives.nseindia.com/corporate/PURPLEUNITED_08102026184522_OutcomeofBoardMeeting08102026.pdf
Man Infraconstruction Limited,MANINFRA,NSE,2026-10-08T18:52:21,announcement,Updates,,https://nsearchives.nseindia.com/corporate/kunjalparekh_08102026185109_MICL.pdf
Mahindra & Mahindra Limited,M&M,NSE,2026-10-08T18:51:37,announcement,Updates,,https://nsearchives.nseindia.com/corporate/AmitDodani_08102026185122_SEIntimationRegulation74_5_.pdf
GOCL Corporation Limited,GOCLCORP,NSE,2026-10-08T18:51:24,announcement,General Updates,,https://nsearchives.nseindia.com/corporate/GULFCORP_08102026184429_IntimationNCLTOrderDated08102026Signed.pdf
Sundaram Finance Limited,SUNDARMFIN,NSE,2026-10-08T18:51:13,announcement,Updates,,https://nsearchives.nseindia.com/corporate/SUNDARMFIN_08102026184955_sd.pdf
IRB Infrastructure Developers Limited,IRB,NSE,2026-10-08T18:50:30,announcement,Updates,,https://nsearchives.nseindia.com/corporate/IRB_08102026184950_IRBIDL_disclosure_Toll_Revenue_September2026.pdf
IDFC First Bank Limited,IDFCFIRSTB,NSE,2026-10-08T18:49:51,announcement,Credit Rating- New,,https://nsearchives.nseindia.com/corporate/IDFCFIRSTB_08102026184926_IDFCFIRSTB_Credit_Rating_Brickwork__Final.pdf
Jeyyam Global Foods Limited,JEYYAM,NSE,2026-10-08T18:49:43,announcement,Outcome of Board Meeting,,https://nsearchives.nseindia.com/corporate/JEYYAMGLOBAL_08102026184917_Outcome_of_the_Board_Meeting-signed.pdf
Pushpa Jewellers Limited,PUSHPA,NSE,2026-10-08T18:48:01,announcement,"Certificate under SEBI (Depositories and Participants) Regulations, 2018",,https://nsearchives.nseindia.com/corporate/PUSHPAJEWELLERSIPO_08102026184751_PUSHPA_74_5__LETTER_SIGNED.pdf
Pace Digitek Limited,PACEDIGITK,NSE,2026-10-08T18:47:58,announcement,Press Release,,https://nsearchives.nseindia.com/corporate/PACE_08102026184742_Intimation-_Press_Release_BRPL.pdf
Chalet Hotels Limited,CHALET,NSE,2026-10-08T18:47:44,announcement,General Updates,,https://nsearchives.nseindia.com/corporate/CHALET_08102026184658_Reg31AReclassificationRejection08102026.pdf
Sammaan Capital Limited,SAMMAANCAP,NSE,2026-10-08T18:46:06,announcement,Updates,,https://nsearchives.nseindia.com/corporate/IHFL_08102026184557_SCL_Retail_Intimation_57_08102026_QM0.pdf
Boss Packaging Solutions Limited,BOSS,NSE,2026-10-08T18:46:00,announcement,"Certificate under SEBI (Depositories and Participants) Regulations, 2018",,https://nsearchives.nseindia.com/corporate/BOSS123_08102026184545_74_5_-BPL.pdf
BLS E-Services Limited,BLSE,NSE,2026-10-08T18:44:13,announcement,Updates,,https://nsearchives.nseindia.com/corporate/PROJECTSEWA_08102026184353_StockExchangeIntimation_08102026_Final_signed.pdf
Shalimar Paints Limited,SHALPAINTS,NSE,2026-10-08T18:43:00,announcement,"Certificate under SEBI (Depositories and Participants) Regulations, 2018",,https://nsearchives.nseindia.com/corporate/SHALPAINTS_08102026184243_BSENSE74.pdf
Ind-Swift Laboratories Limited,INDSWFTLAB,NSE,2026-10-08T18:40:14,announcement,Conversion,,https://nsearchives.nseindia.com/corporate/INDSWFTLAB_08102026183706_Committee_Meeting_Outcome_08102026.pdf
Jupiter Life Line Hospitals Limited,JLHL,NSE,2026-10-08T18:39:40,announcement,Analysts/Institutional Investor Meet/Con. Call Updates,,https://nsearchives.nseindia.com/corporate/JUPITER2023_08102026183924_Intimation_of_Earnings_Conference_Call_-_Quarter_2.pdf
Snehaa Organics Limited,SNEHAA,NSE,2026-10-08T18:37:45,announcement,Quarterly Compliance Report on Corporate governance - within 21 days from the end of the quarter,,https://nsearchives.nseindia.com/corporate/SNEHAA_08102026183730_Nonapplicabilityofreg272.pdf
Avalon Technologies Limited,AVALON,NSE,2026-10-08T18:36:30,announcement,Updates,,https://nsearchives.nseindia.com/corporate/AVALON2022_08102026183613_CIM_Clarification.pdf
Surani Steel Tubes Limited,SURANI,NSE,2026-10-08T18:36:17,announcement,Shareholders meeting,,https://nsearchives.nseindia.com/corporate/SURANI_08102026183540_NoticeOfEGMSurani08102026.pdf
Torrent Power Limited,TORNTPOWER,NSE,2026-10-08T18:35:42,announcement,"Certificate under SEBI (Depositories and Participants) Regulations, 2018",,https://nsearchives.nseindia.com/corporate/TORNTPOWER_08102026183530_Reg74.pdf
AU Small Finance Bank Limited,AUBANK,NSE,2026-10-08T18:35:39,announcement,"Certificate under SEBI (Depositories and Participants) Regulations, 2018",,https://nsearchives.nseindia.com/corporate/SUMIT1_08102026183427_Regulation_74_5__for_Submission.pdf
Purple United Sales Limited,PURPLEUTED,NSE,2026-10-08T18:35:26,announcement,Outcome of Board Meeting,,https://nsearchives.nseindia.com/corporate/PURPLEUNITED_08102026183458_OutcomeofBoardMeeting08102026.pdf
Samvardhana Motherson International Limited,MOTHERSON,NSE,2026-10-08T18:34:26,announcement,Conversion,,https://nsearchives.nseindia.com/corporate/MOTHERSON_08102026183414_SE_Disclosure_CCD_Conversion_08102026.pdf
Sammaan Capital Limited,SAMMAANCAP,NSE,2026-10-08T18:34:20,announcement,Updates,,https://nsearchives.nseindia.com/corporate/IHFL_08102026183413_SCL_Exchange_PP_intimation_57_08102026_YI2.pdf
Meghmani Organics Limited,MOL,NSE,2026-10-08T18:32:58,announcement,Amalgamation/Merger,,https://nsearchives.nseindia.com/corporate/MOL_08102026183249_Intimation_to_Stock_Exchanges_08102026.pdf
Snehaa Organics Limited,SNEHAA,NSE,2026-10-08T18:32:51,announcement,"Certificate under SEBI (Depositories and Participants) Regulations, 2018",,https://nsearchives.nseindia.com/corporate/SNEHAA_08102026183236_Reg74_5__RTA_Disclosures.pdf
Ram Ratna Wires Limited,RAMRAT,NSE,2026-10-08T18:32:08,announcement,"Certificate under SEBI (Depositories and Participants) Regulations, 2018",,https://nsearchives.nseindia.com/corporate/RAMRATNA_08102026183134_SE_Intimation_Regu_74_5.pdf
Rajputana Stainless Limited,RSL,NSE,2026-10-08T18:30:54,announcement,"Certificate under SEBI (Depositories and Participants) Regulations, 2018",,https://nsearchives.nseindia.com/corporate/6358164770_08102026183008_RSLCertificate_under_Regulation_74_5_.pdf
Bella Casa Fashion & Retail Limited,BELLACASA,NSE,2026-10-08T18:29:24,announcement,"Certificate under SEBI (Depositories and Participants) Regulations, 2018",,https://nsearchives.nseindia.com/corporate/BELLACASA_08102026182825_BCFRL_74_081026.pdf
Esconet Technologies Limited,ESCONET,NSE,2026-10-08T18:28:54,announcement,Structural Digital Database,,https://nsearchives.nseindia.com/corporate/ESCONET_08102026182848_ETL_INT_SDD_Compliance_30092026.pdf
C2C Advanced Systems Limited,C2C,NSE,2026-10-08T18:28:07,announcement,Outcome of Board Meeting,,https://nsearchives.nseindia.com/corporate/C2CAS_08102026182723_C2C_ADV_OUTCOME_OF_BM_08102026_.pdf
Havells India Limited,HAVELLS,NSE,2026-10-08T18:27:51,announcement,"Certificate under SEBI (Depositories and Participants) Regulations, 2018",,https://nsearchives.nseindia.com/corporate/HAVELLS1_08102026182737_Certificate_under_Reg74_5_.pdf
Happiest Minds Technologies Limited,HAPPSTMNDS,NSE,2026-10-08T18:27:26,announcement,"Certificate under SEBI (Depositories and Participants) Regulations, 2018",,https://nsearchives.nseindia.com/corporate/suhask_08102026182655_Reg74Compliancecertificate08102026_1.pdf
Popular Vehicles and Services Limited,PVSL,NSE,2026-10-08T18:27:09,announcement,Resignation of Director/KMP/SMP,,https://nsearchives.nseindia.com/corporate/PVSL_ROID_100022_KMP_Doc.zip
Karamtara Engineering Limited,KARAMTARA,NSE,2026-10-08T18:26:52,announcement,General Updates,,https://nsearchives.nseindia.com/corporate/9833315135_08102026182633_Intimation_Appointment_of_ID_in_material_subsidiary.pdf
Lloyds Metals And Energy Limited,LLOYDSME,NSE,2026-10-08T18:26:49,announcement,General Updates,,https://nsearchives.nseindia.com/corporate/LLOYDSME_08102026182603_20261008_Intimation_of_Credit_of_Shares_TEIPL.pdf
K.M.Sugar Mills Limited,KMSUGAR,NSE,2026-10-08T18:26:30,announcement,"Certificate under SEBI (Depositories and Participants) Regulations, 2018",,https://nsearchives.nseindia.com/corporate/KMSUGAR_08102026182603_Regulation74.pdf
Popular Vehicles and Services Limited,PVSL,NSE,2026-10-08T18:25:59,announcement,Resignation of Director/KMP/SMP,,https://nsearchives.nseindia.com/corporate/PVSL_ROID_100020_KMP_Doc.zip
IZMO Limited,IZMO,NSE,2026-10-08T18:24:40,announcement,Updates,,https://nsearchives.nseindia.com/corporate/IZMO_08102026182006_Intimation-Appointment_of_IR_Agency.pdf
Popular Vehicles and Services Limited,PVSL,NSE,2026-10-08T18:23:32,announcement,Resignation of Director/KMP/SMP,,https://nsearchives.nseindia.com/corporate/PVSL_ROID_100018_KMP_Doc.zip
The Byke Hospitality Ltd,BYKE,NSE,2026-10-08T18:21:56,announcement,"Certificate under SEBI (Depositories and Participants) Regulations, 2018",,https://nsearchives.nseindia.com/corporate/BYKE_08102026182148_Cover_Letter_74_5__Signed.pdf
Cummins India Limited,CUMMINSIND,NSE,2026-10-08T18:21:42,announcement,Appointment,,https://nsearchives.nseindia.com/corporate/CUMMINSIND_08102026182130_SEintimationBM08102026.pdf
Bajaj Holdings & Investment Limited,BAJAJHLDNG,NSE,2026-10-08T18:21:18,announcement,"Certificate under SEBI (Depositories and Participants) Regulations, 2018",,https://nsearchives.nseindia.com/corporate/BAJAJHLDNG_08102026182058_BHIL_Q2_-_74_5__Intimation.pdf
Indian Railway Finance Corporation Limited,IRFC,NSE,2026-10-08T18:21:09,announcement,Analysts/Institutional Investor Meet/Con. Call Updates,,https://nsearchives.nseindia.com/corporate/IRFC_08102026182030_INTIMATIONOFCALL16102026.pdf
Shoppers Stop Limited,SHOPERSTOP,NSE,2026-10-08T18:21:00,announcement,Updates,,https://nsearchives.nseindia.com/corporate/SHOPERSTOP_08102026182041_SEIntimationReclassification.pdf
Sungarner Energies Limited,SEL,NSE,2026-10-08T18:20:42,announcement,Updates,,https://nsearchives.nseindia.com/corporate/SUNGARNER_08102026181907_Reg_27_2__Non_applicability.pdf
Indef Manufacturing Limited,BAJAJINDEF,NSE,2026-10-08T18:18:58,announcement,"Certificate under SEBI (Depositories and Participants) Regulations, 2018",,https://nsearchives.nseindia.com/corporate/BAJAJINDEF_08102026181722_certificateRegulation74_5_.pdf
Savy Infra and Logistics Limited,SAVY,NSE,2026-10-08T18:18:15,announcement,"Certificate under SEBI (Depositories and Participants) Regulations, 2018",,https://nsearchives.nseindia.com/corporate/SAVYINFRA_08102026181751_Certificate_under_Reg_74_5__NSE.pdf
RACL Geartech Limited,RACLGEAR,NSE,2026-10-08T18:15:44,announcement,"Certificate under SEBI (Depositories and Participants) Regulations, 2018",,https://nsearchives.nseindia.com/corporate/RACL1983_08102026181529_Certificate_under_Reg_74_5__-_September_30_2026.pdf
Isgec Heavy Engineering Limited,ISGEC,NSE,2026-10-08T18:15:44,announcement,Giving guarantees/indemnity/ becoming a surety for third party,,https://nsearchives.nseindia.com/corporate/ISGEC_08102026181526_Intimation-Letter_of_credit.pdf
Popular Vehicles and Services Limited,PVSL,NSE,2026-10-08T18:15:43,announcement,Change in Director(s),,https://nsearchives.nseindia.com/corporate/9072530155_08102026181253_ChangeInManagement_Subsidiary_Sd.pdf
Zim Laboratories Limited,ZIMLAB,NSE,2026-10-08T18:15:02,announcement,"Certificate under SEBI (Depositories and Participants) Regulations, 2018",,https://nsearchives.nseindia.com/corporate/ZIMLAB_08102026181431_Regulation-74_5_-CERT_Zim_Laboratories_Limited_03Oct26_12_0_30_signed.pdf
Prakash Pipes Limited,PPL,NSE,2026-10-08T18:14:12,announcement,Resignation of Director/KMP/SMP,,https://nsearchives.nseindia.com/corporate/PPL_ROID_100012_KMP_Doc.zip
Vertoz Limited,VERTOZ,NSE,2026-10-08T18:14:08,announcement,"Certificate under SEBI (Depositories and Participants) Regulations, 2018",,https://nsearchives.nseindia.com/corporate/VERTOZ_08102026181345_74_5_VL.pdf
Sahaj Solar Limited,SAHAJSOLAR,NSE,2026-10-08T18:13:31,announcement,"Certificate under SEBI (Depositories and Participants) Regulations, 2018",,https://nsearchives.nseindia.com/corporate/SahajSolar_08102026181302_081026_SSL_Reg_74_5__Signed.pdf
Kamat Hotels (I) Limited,KAMATHOTEL,NSE,2026-10-08T18:13:23,announcement,"Certificate under SEBI (Depositories and Participants) Regulations, 2018",,https://nsearchives.nseindia.com/corporate/KAMATHOTEL_08102026181203_Reg74.pdf
Cummins India Limited,CUMMINSIND,NSE,2026-10-08T18:13:21,announcement,Outcome of Board Meeting,,https://nsearchives.nseindia.com/corporate/CUMMINSIND_08102026181305_SEintimationBM08102026.pdf
Adani Energy Solutions Limited,ADANIENSOL,NSE,2026-10-08T18:11:37,announcement,"Certificate under SEBI (Depositories and Participants) Regulations, 2018",,https://nsearchives.nseindia.com/corporate/ADANITRANS_08102026181129_AESL_Reg_74_5__Cover_letter.pdf
Godavari Biorefineries Limited,GODAVARIB,NSE,2026-10-08T18:11:25,announcement,"Certificate under SEBI (Depositories and Participants) Regulations, 2018",,https://nsearchives.nseindia.com/corporate/GODAVARIBIO_08102026181116_74_5_-_Sep_2026.pdf
Signpost India Limited,SIGNPOST,NSE,2026-10-08T18:09:25,announcement,"Certificate under SEBI (Depositories and Participants) Regulations, 2018",,https://nsearchives.nseindia.com/corporate/SIGNPOST_08102026180915_SE_74_DP_RTA_Certificate_September_2026.pdf
Suzlon Energy Limited,SUZLON,NSE,2026-10-08T18:09:17,announcement,Rumour Verification - Regulation 30(11),,https://nsearchives.nseindia.com/corporate/SUZLON1_08102026180833_Suzlon08092026.pdf
Madhusudan Masala Limited,MADHUSUDAN,NSE,2026-10-08T18:08:42,announcement,"Certificate under SEBI (Depositories and Participants) Regulations, 2018",,https://nsearchives.nseindia.com/corporate/MADHUSUDAN_08102026180835_final_file-sd.pdf
Gloster Limited,GLOSTERLTD,NSE,2026-10-08T18:08:12,announcement,Copy of Newspaper Publication,,https://nsearchives.nseindia.com/corporate/GLOSTER_08102026180755_For_upload_SE.pdf
Dolat Algotech Limited,DOLATALGO,NSE,2026-10-08T18:07:48,announcement,Appointment,,https://nsearchives.nseindia.com/corporate/DOLATALGO_08102026180731_08-10-2026-Outcome_of_BM-signed.pdf
Inventurus Knowledge Solutions Limited,IKS,NSE,2026-10-08T18:07:27,announcement,"Certificate under SEBI (Depositories and Participants) Regulations, 2018",,https://nsearchives.nseindia.com/corporate/IKS2006_08102026180710_Compliances-CertificateunderReg74_5_SEUPLOAD.pdf
Krishana Phoschem Limited,KRISHANA,NSE,2026-10-08T18:06:54,announcement,"Certificate under SEBI (Depositories and Participants) Regulations, 2018",,https://nsearchives.nseindia.com/corporate/KRISHANA_08102026180538_NSE74SEPT26081026.pdf
Prakash Pipes Limited,PPL,NSE,2026-10-08T18:06:34,announcement,Cessation,,https://nsearchives.nseindia.com/corporate/PPL_08102026180529_PPL_Intimation_08102026.pdf
GeeCee Ventures Limited,GEECEE,NSE,2026-10-08T18:06:08,announcement,"Certificate under SEBI (Depositories and Participants) Regulations, 2018",,https://nsearchives.nseindia.com/corporate/GEECEEVC12345_08102026180541_COV_REG_74_5__signed.pdf
Centum Electronics Limited,CENTUM,NSE,2026-10-08T18:05:24,announcement,Analysts/Institutional Investor Meet/Con. Call Updates,,https://nsearchives.nseindia.com/corporate/CENTUME_08102026180337_Intimation.pdf
Manomay Tex India Limited,MANOMAY,NSE,2026-10-08T18:04:33,announcement,Updates,,https://nsearchives.nseindia.com/corporate/MANOMAY_08102026180415_Final76.pdf
Avalon Technologies Limited,AVALON,NSE,2026-10-08T18:04:30,announcement,Agreements,,https://nsearchives.nseindia.com/corporate/AVALON2022_08102026180420_ATL_Lease_Announcement.pdf
IVP Limited,IVP,NSE,2026-10-08T18:04:13,announcement,"Certificate under SEBI (Depositories and Participants) Regulations, 2018",,https://nsearchives.nseindia.com/corporate/IVP_08102026180358_BSENSE74.pdf
Dolat Algotech Limited,DOLATALGO,NSE,2026-10-08T18:03:52,announcement,Change in Auditors,,https://nsearchives.nseindia.com/corporate/DOLATALGO_08102026180329_08-10-2026-Outcome_of_BM-signed.pdf
Excelsoft Technologies Limited,EXCELSOFT,NSE,2026-10-08T18:00:53,announcement,"Certificate under SEBI (Depositories and Participants) Regulations, 2018",,https://nsearchives.nseindia.com/corporate/EXCELSOFT_08102026180014_Reg74DPRegQ208102026sd.pdf
WeWork India Management Limited,WEWORK,NSE,2026-10-08T18:00:23,announcement,Capacity addition,,https://nsearchives.nseindia.com/corporate/WEWORK_08102026180002_WeWork_-_Capacity_Addition_-_Pune.pdf
Symphony Limited,SYMPHONY,NSE,2026-10-08T17:59:46,announcement,"Certificate under SEBI (Depositories and Participants) Regulations, 2018",,https://nsearchives.nseindia.com/corporate/SYMPHONY_08102026175916_Reg_74_5_30_09_2026.pdf
Capri Global Capital Limited,CGCL,NSE,2026-10-08T17:59:24,announcement,Quarterly Compliance Report on Corporate governance - within 21 days from the end of the quarter,,https://nsearchives.nseindia.com/corporate/CGCL_08102026175851_IGReport.pdf
Popular Vehicles and Services Limited,PVSL,NSE,2026-10-08T17:57:11,announcement,Change in Management,,https://nsearchives.nseindia.com/corporate/9072530155_08102026175518_ChangeInManagement_Subsidiary_Sd.pdf
The Phoenix Mills Limited,PHOENIXLTD,NSE,2026-10-08T17:56:43,announcement,General Updates,,https://nsearchives.nseindia.com/corporate/PHOENIXLTD_08102026175634_Company_Update_-_Reporting_of_Quarterly_Operating_Metrics_sd.pdf
ICICI Bank Limited,ICICIBANK,NSE,2026-10-08T17:56:36,announcement,ESOP/ESOS/ESPS,,https://nsearchives.nseindia.com/corporate/ICICIBANK1_08102026175523_LETTERTOSTOCKEXCHANGE.pdf
ION Exchange (India) Limited,IONEXCHANG,NSE,2026-10-08T17:56:27,announcement,"Certificate under SEBI (Depositories and Participants) Regulations, 2018",,https://nsearchives.nseindia.com/corporate/IONEXCHANGE_08102026175506_Reg_74_5__Covering_letter_upload.pdf
Indian Terrain Fashions Limited,INDTERRAIN,NSE,2026-10-08T17:56:11,announcement,"Certificate under SEBI (Depositories and Participants) Regulations, 2018",,https://nsearchives.nseindia.com/corporate/INDTERRAIN_08102026175604_SebiDP74_5_30thSept2026.pdf
Anand Rathi Share and Stock Brokers Limited,ARSSBL,NSE,2026-10-08T17:55:40,announcement,Analysts/Institutional Investor Meet/Con. Call Updates,,https://nsearchives.nseindia.com/corporate/ARSSBL_2024_08102026175415_Intimation_sd.pdf
JK Cement Limited,JKCEMENT,NSE,2026-10-08T17:55:21,announcement,Analysts/Institutional Investor Meet/Con. Call Updates,,https://nsearchives.nseindia.com/corporate/JKCEMENT_08102026174510_IntforBMandEarningsCall.pdf
Nucleus Software Exports Limited,NUCLEUS,NSE,2026-10-08T17:54:22,announcement,"Certificate under SEBI (Depositories and Participants) Regulations, 2018",,https://nsearchives.nseindia.com/corporate/Nucleus_08102026175402_INTIMATION.pdf
Vodafone Idea Limited,IDEA,NSE,2026-10-08T17:52:44,announcement,"Certificate under SEBI (Depositories and Participants) Regulations, 2018",,https://nsearchives.nseindia.com/corporate/IDEA_08102026174948_SEIntimationCertificateunder74_5__08102026.pdf
Dolat Algotech Limited,DOLATALGO,NSE,2026-10-08T17:52:39,announcement,Outcome of Board Meeting,,https://nsearchives.nseindia.com/corporate/DOLATALGO_08102026175226_08-10-2026-Outcome_of_BM-signed.pdf
Krishana Phoschem Limited,KRISHANA,NSE,2026-10-08T17:51:27,announcement,Credit Rating,,https://nsearchives.nseindia.com/corporate/KRISHANA_08102026174900_NSECREDITRATING08102026.pdf
Bhandari Hosiery Exports Limited,BHANDARI,NSE,2026-10-08T17:50:32,announcement,"Certificate under SEBI (Depositories and Participants) Regulations, 2018",,https://nsearchives.nseindia.com/corporate/BHANDARI_08102026174821_Final_Certificate_74_5_.pdf
S&S Power Switchgears Limited,S&SPOWER,NSE,2026-10-08T17:50:04,announcement,Bagging/Receiving of orders/contracts,,https://nsearchives.nseindia.com/corporate/S_SPOWER_08102026174946_BSE_NSE_Intimation_765KV_order.pdf
Sula Vineyards Limited,SULA,NSE,2026-10-08T17:49:52,announcement,Shareholders meeting,,https://nsearchives.nseindia.com/corporate/SULA_08102026174936_SE_postal_ballot_outcome.pdf
Elgi Equipments Limited,ELGIEQUIP,NSE,2026-10-08T17:49:12,announcement,"Certificate under SEBI (Depositories and Participants) Regulations, 2018",,https://nsearchives.nseindia.com/corporate/ELGIEQUIP_08102026174739_Intimation.pdf
Paisalo Digital Limited,PAISALO,NSE,2026-10-08T17:48:54,announcement,General Updates,,https://nsearchives.nseindia.com/corporate/PAISALO_08102026174845_BSE_NSE_INTIMATION_Redemption_08102026.pdf
Capacit'e Infraprojects Limited,CAPACITE,NSE,2026-10-08T17:48:50,announcement,"Certificate under SEBI (Depositories and Participants) Regulations, 2018",,https://nsearchives.nseindia.com/corporate/CAPACITE_08102026174834_CoveringLetterQ2FY26.pdf
Dolat Algotech Limited,DOLATALGO,NSE,2026-10-08T17:48:28,announcement,Outcome of Board Meeting,,https://nsearchives.nseindia.com/corporate/DOLATALGO_08102026174726_08-10-2026-Outcome_of_BM-signed.pdf
SHREE CEMENT LIMITED,SHREECEM,NSE,2026-10-08T17:48:11,announcement,General Updates,,https://nsearchives.nseindia.com/corporate/SHREECEM_08102026174735_NSE_BSE_Receipt_Letter_081026.pdf
Valor Estate Limited,DBREALTY,NSE,2026-10-08T17:46:58,announcement,"Certificate under SEBI (Depositories and Participants) Regulations, 2018",,https://nsearchives.nseindia.com/corporate/DBR_08102026174645_Disclosure_under_Reg_745.pdf
The Phoenix Mills Limited,PHOENIXLTD,NSE,2026-10-08T17:46:29,announcement,Analysts/Institutional Investor Meet/Con. Call Updates,,https://nsearchives.nseindia.com/corporate/PHOENIXLTD_08102026174615_PMLAnalystsInvestormeetoutcome08102026_sd.pdf
Shanti Inorganics Limited,SHANTIINOR,NSE,2026-10-08T17:46:06,announcement,"Certificate under SEBI (Depositories and Participants) Regulations, 2018",,https://nsearchives.nseindia.com/corporate/SHANTIIN_08102026174541_SIL_74_5__Letter_s.pdf
Heads UP Ventures Limited,HEADSUP,NSE,2026-10-08T17:46:01,announcement,Resignation of Director/KMP/SMP,,https://nsearchives.nseindia.com/corporate/HEADSUP_ROID_100004_KMP_Doc.zip
INCREDIBLE INDUSTRIES LIMITED,INCREDIBLE,NSE,2026-10-08T17:45:28,announcement,Updates,,https://nsearchives.nseindia.com/corporate/INCREDIBLE_08102026174430_Regulation_74_5_Compliance_Certificate_IIL_30092026.pdf
Heads UP Ventures Limited,HEADSUP,NSE,2026-10-08T17:45:07,announcement,Resignation of Director/KMP/SMP,,https://nsearchives.nseindia.com/corporate/HEADSUP_ROID_100003_KMP_Doc.zip
Avi Ansh Textile Limited,AVIANSH,NSE,2026-10-08T17:42:45,announcement,Quarterly Compliance Report on Corporate governance - within 21 days from the end of the quarter,,https://nsearchives.nseindia.com/corporate/AVIANSH_08102026174157_Non-Applicability_of_Corporate_Governance_Report.pdf
TBI Corn Limited,TBI,NSE,2026-10-08T17:42:39,announcement,Outcome of Board Meeting,,https://nsearchives.nseindia.com/corporate/TBICORN_08102026174134_Proposal_Incorporation_TBI.pdf
Gujarat Ambuja Exports Limited,GAEL,NSE,2026-10-08T17:40:36,announcement,Credit Rating,,https://nsearchives.nseindia.com/corporate/GAEL_08102026174027_Credit_Rating.pdf
Imagicaaworld Entertainment Limited,IMAGICAA,NSE,2026-10-08T17:39:42,announcement,"Certificate under SEBI (Depositories and Participants) Regulations, 2018",,https://nsearchives.nseindia.com/corporate/IMAGICAA_08102026173859_SEintimation.pdf
DCM Shriram Fine Chemicals Limited,DSFCL,NSE,2026-10-08T17:39:18,announcement,"Certificate under SEBI (Depositories and Participants) Regulations, 2018",,https://nsearchives.nseindia.com/corporate/DSFCL_08102026173909_STXINTIMATION.pdf
Popular Vehicles and Services Limited,PVSL,NSE,2026-10-08T17:37:55,announcement,Resignation,,https://nsearchives.nseindia.com/corporate/9072530155_08102026173720_ChangeInManagement_Subsidiary_Sd.pdf
ICICI Bank Limited,ICICIBANK,NSE,2026-10-08T17:37:19,announcement,"Certificate under SEBI (Depositories and Participants) Regulations, 2018",,https://nsearchives.nseindia.com/corporate/ICICIBANK1_08102026173642_Regulation_74_5__Certificate_NSE_BSE_20260930-BONDS.pdf
Bohra Industries Limited,BOHRAIND,NSE,2026-10-08T17:37:07,announcement,"Certificate under SEBI (Depositories and Participants) Regulations, 2018",,https://nsearchives.nseindia.com/corporate/BOHRAINDUSTRIES_08102026173618_SEBI_DPR_signed.pdf
Rentomojo Limited,RENTOMOJO,NSE,2026-10-08T17:36:58,announcement,Outcome of Board Meeting,,https://nsearchives.nseindia.com/corporate/RENTMOJO_08102026173147_Outcomeof_BMRM.pdf
CMR Green Technologies Limited,CMRGREEN,NSE,2026-10-08T17:36:49,announcement,General Updates,,https://nsearchives.nseindia.com/corporate/CMRGREEN_08102026173633_Intimation_of_Credit_Facility_availed_from_Federal_Bank.pdf
Zee Media Corporation Limited,ZEEMEDIA,NSE,2026-10-08T17:36:36,announcement,"Certificate under SEBI (Depositories and Participants) Regulations, 2018",,https://nsearchives.nseindia.com/corporate/RSZMCL_08102026173618_ZMCLRegulation74_5_.pdf
Ganesh Green Bharat Limited,GGBL,NSE,2026-10-08T17:35:39,announcement,Integrated Filing- Governance,,https://nsearchives.nseindia.com/corporate/GANESH_08102026173051_NonapplicabilityofCORPORATEGOVERNANCE.pdf
Britannia Industries Limited,BRITANNIA,NSE,2026-10-08T17:35:16,announcement,General Updates,,https://nsearchives.nseindia.com/corporate/BRITANNIA1_08102026173450_Intimation_signed.pdf
Arvind Fashions Limited,ARVINDFASN,NSE,2026-10-08T17:33:25,announcement,"Certificate under SEBI (Depositories and Participants) Regulations, 2018",,https://nsearchives.nseindia.com/corporate/ARVINDFASN_08102026173116_Intimation745.pdf
Arman Financial Services Limited,ARMANFIN,NSE,2026-10-08T17:33:19,announcement,"Certificate under SEBI (Depositories and Participants) Regulations, 2018",,https://nsearchives.nseindia.com/corporate/ARMANFIN_08102026173243_SE_Intimation_Reg_74_Sep_2026.pdf
Nityas Gems and Jewellery Limited,NITYAS,NSE,2026-10-08T17:33:13,announcement,Trading Window,,https://nsearchives.nseindia.com/corporate/NITYAS2026_08102026173259_Closure_of_Trading_window.pdf
Travel Food Services Limited,TRAVELFOOD,NSE,2026-10-08T17:33:07,announcement,Resignation of Director/KMP/SMP,,https://nsearchives.nseindia.com/corporate/TRAVELFOOD_ROID_99999_KMP_Doc.zip
SKY GOLD AND DIAMONDS LIMITED,SKYGOLD,NSE,2026-10-08T17:32:58,announcement,"Certificate under SEBI (Depositories and Participants) Regulations, 2018",,https://nsearchives.nseindia.com/corporate/SKYGOLD_08102026173246_Reg74.pdf
Hubtown Limited,HUBTOWN,NSE,2026-10-08T17:31:03,announcement,"Certificate under SEBI (Depositories and Participants) Regulations, 2018",,https://nsearchives.nseindia.com/corporate/HUBTOWN_08102026173044_CoveringLetterReg74.pdf
Abans Financial Services Limited,AFSL,NSE,2026-10-08T17:29:03,announcement,"Certificate under SEBI (Depositories and Participants) Regulations, 2018",,https://nsearchives.nseindia.com/corporate/AHL_08102026172834_SE_Intimation_-_Reg_74_5__Sep_2026.pdf
Electrosteel Castings Limited,ELECTCAST,NSE,2026-10-08T17:28:42,announcement,"Certificate under SEBI (Depositories and Participants) Regulations, 2018",,https://nsearchives.nseindia.com/corporate/ELECTCAST_08102026172830_Compliance_under_Regulation_74_5__08102026.pdf
Venus Pipes & Tubes Limited,VENUSPIPES,NSE,2026-10-08T17:28:25,announcement,Shareholders meeting,,https://nsearchives.nseindia.com/corporate/VENUSPIPES_08102026172621_Intimation_Summary_Proceedings_of_EGM_08102026.pdf
Mangalam Worldwide Limited,MWL,NSE,2026-10-08T17:28:22,announcement,"Certificate under SEBI (Depositories and Participants) Regulations, 2018",,https://nsearchives.nseindia.com/corporate/MWL_08102026172815_MWLINTIMATIONUNDER74_5_SIGNED.pdf
Sansera Engineering Limited,SANSERA,NSE,2026-10-08T17:27:51,announcement,"Certificate under SEBI (Depositories and Participants) Regulations, 2018",,https://nsearchives.nseindia.com/corporate/SANSERA_08102026172738_certificate.pdf
Rentomojo Limited,RENTOMOJO,NSE,2026-10-08T17:27:12,announcement,General Updates,,https://nsearchives.nseindia.com/corporate/RENTMOJO_08102026172613_Newspaper.pdf
Sobha Limited,SOBHA,NSE,2026-10-08T17:26:16,announcement,"Certificate under SEBI (Depositories and Participants) Regulations, 2018",,https://nsearchives.nseindia.com/corporate/SOBHA_08102026172603_Sobha_Reg-_74_5_.pdf
Behari Lal Engineering Limited,BLEL,NSE,2026-10-08T17:26:12,announcement,"Certificate under SEBI (Depositories and Participants) Regulations, 2018",,https://nsearchives.nseindia.com/corporate/BEHARILAL_08102026172515_NSEBSEINTIMATION74.pdf
ICICI Bank Limited,ICICIBANK,NSE,2026-10-08T17:25:49,announcement,"Certificate under SEBI (Depositories and Participants) Regulations, 2018",,https://nsearchives.nseindia.com/corporate/ICICIBANK1_08102026172408_Regulation_74_5__Certificate_BSE_NSE_20260930-EQUITY.pdf
Mayur Uniquoters Ltd,MAYURUNIQ,NSE,2026-10-08T17:25:48,announcement,"Certificate under SEBI (Depositories and Participants) Regulations, 2018",,https://nsearchives.nseindia.com/corporate/MAYURUNIQ_08102026172518_CertSD.pdf
Alpine Texworld Limited,ALPINETEX,NSE,2026-10-08T17:25:41,announcement,"Certificate under SEBI (Depositories and Participants) Regulations, 2018",,https://nsearchives.nseindia.com/corporate/ALPINETEX_08102026172531_Reg_74_5__September_2026.pdf
Travel Food Services Limited,TRAVELFOOD,NSE,2026-10-08T17:25:01,announcement,Resignation,,https://nsearchives.nseindia.com/corporate/TRAVELFOOD_08102026172402_TFSResignationofCFOandWTD08102026.pdf
Sattva Engineering Construction Limited,SATTVAENGG,NSE,2026-10-08T17:24:40,announcement,"Certificate under SEBI (Depositories and Participants) Regulations, 2018",,https://nsearchives.nseindia.com/corporate/SATTVAENGG_08102026172257_CertificateUnderRegulation74_5_.pdf
Asset Reconstruction Company (India) Limited,ARCIL,NSE,2026-10-08T17:23:58,announcement,"Certificate under SEBI (Depositories and Participants) Regulations, 2018",,https://nsearchives.nseindia.com/corporate/ARCIL_08102026172259_Disclosure_74_5_.pdf
Yatharth Hospital & Trauma Care Services Limited,YATHARTH,NSE,2026-10-08T17:23:46,announcement,"Certificate under SEBI (Depositories and Participants) Regulations, 2018",,https://nsearchives.nseindia.com/corporate/YATHARTH_08102026172337_74_5__merged.pdf
Rana Sugars Limited,RANASUG,NSE,2026-10-08T17:23:43,announcement,Appointment,,https://nsearchives.nseindia.com/corporate/RANASUG_08102026172333_2026_10_08_Ajay_Agnihotri_change.pdf
Mahanagar Gas Limited,MGL,NSE,2026-10-08T17:23:42,announcement,"Certificate under SEBI (Depositories and Participants) Regulations, 2018",,https://nsearchives.nseindia.com/corporate/MGL25_08102026172313_CertificateRegulation74.pdf
Grill Splendour Services Limited,BIRDYS,NSE,2026-10-08T17:21:40,announcement,Updates,,https://nsearchives.nseindia.com/corporate/BIRDYS_08102026172122_NonApplicabiltyofRegualtion27_2_.pdf
Horizon Industrial Parks Limited,HORIZONIND,NSE,2026-10-08T17:21:32,announcement,"Certificate under SEBI (Depositories and Participants) Regulations, 2018",,https://nsearchives.nseindia.com/corporate/HORIZON_08102026172100_HIPL_Intimation74_5_.pdf
NIIT Learning Systems Limited,NIITMTS,NSE,2026-10-08T17:20:41,announcement,"Certificate under SEBI (Depositories and Participants) Regulations, 2018",,https://nsearchives.nseindia.com/corporate/NLSL_08102026172031_NLSL_SE_letter_Reg_74_5_.pdf
Igarashi Motors India Limited,IGARASHI,NSE,2026-10-08T17:20:35,announcement,"Certificate under SEBI (Depositories and Participants) Regulations, 2018",,https://nsearchives.nseindia.com/corporate/IGARASHI_08102026171836_IMIL-74_5_-Certificate-300926-SD.pdf
Persistent Systems Limited,PERSISTENT,NSE,2026-10-08T17:20:13,announcement,Corrigendum,,https://nsearchives.nseindia.com/corporate/PERSISTENTUSER1_08102026171702_PSLCorrigendumtotheOutcomeofInvestorsCallOct82026Sd.pdf
NCC Limited,NCC,NSE,2026-10-08T17:19:37,announcement,Bagging/Receiving of orders/contracts,,https://nsearchives.nseindia.com/corporate/NCC_08102026171912_Reg_30.pdf
Nagreeka Capital & Infrastructure Limited,NAGREEKCAP,NSE,2026-10-08T17:19:16,announcement,"Certificate under SEBI (Depositories and Participants) Regulations, 2018",,https://nsearchives.nseindia.com/corporate/NAGREEKCAP_08102026171829_74_5__covering_letter_with_attachment__1__OCR_SD.pdf
Oracle Financial Services Software Limited,OFSS,NSE,2026-10-08T17:18:33,announcement,"Certificate under SEBI (Depositories and Participants) Regulations, 2018",,https://nsearchives.nseindia.com/corporate/OFSS_08102026171816_LettertoSE74_5_30092026sd.pdf
Neochem Bio Solutions Limited,NEOCHEM,NSE,2026-10-08T17:18:16,announcement,"Certificate under SEBI (Depositories and Participants) Regulations, 2018",,https://nsearchives.nseindia.com/corporate/NEOCHEM_08102026171749_Neochem_74_5.pdf
Sahasra Electronic Solutions Limited,SAHASRA,NSE,2026-10-08T17:17:08,announcement,Integrated Filing- Governance,,https://nsearchives.nseindia.com/corporate/SAHASRA_08102026171604_final_document.pdf
Agarwal Industrial Corporation Limited,AGARIND,NSE,2026-10-08T17:17:06,announcement,Copy of Newspaper Publication,,https://nsearchives.nseindia.com/corporate/AGARIND_08102026171658_Special_Window_Final.pdf
Hexaware Technologies Limited,HEXT,NSE,2026-10-08T17:16:30,announcement,Updates,,https://nsearchives.nseindia.com/corporate/HEXAWARETECH_08102026171622_Press_Release.pdf
Shivam Autotech Limited,SHIVAMAUTO,NSE,2026-10-08T17:16:02,announcement,Updates,,https://nsearchives.nseindia.com/corporate/SHIVAMAUTO_08102026171355_SignedISINIntimationdt08102026.pdf
Shriram Finance Limited,SHRIRAMFIN,NSE,2026-10-08T17:15:36,announcement,ESOP/ESOS/ESPS,,https://nsearchives.nseindia.com/corporate/Mathew_08102026171459_NSEBSEallotmentofESOSOCT2026.pdf
Asset Reconstruction Company (India) Limited,ARCIL,NSE,2026-10-08T17:14:58,announcement,Updates,,https://nsearchives.nseindia.com/corporate/ARCIL_08102026171356_CIN_Change_Intimation-Signed.pdf
Industrial Investment Trust Limited,IITL,NSE,2026-10-08T17:14:14,announcement,"Certificate under SEBI (Depositories and Participants) Regulations, 2018",,https://nsearchives.nseindia.com/corporate/IITL1_08102026171402_Reg74.pdf
Crompton Greaves Consumer Electricals Limited,CROMPTON,NSE,2026-10-08T17:14:00,announcement,Analysts/Institutional Investor Meet/Con. Call Updates,,https://nsearchives.nseindia.com/corporate/Crompton123_08102026171339_EarningCallInvitationforthequarterendedSep30206.pdf
VRL Logistics Limited,VRLLOG,NSE,2026-10-08T17:13:50,announcement,Resignation,,https://nsearchives.nseindia.com/corporate/VRLLOGI_08102026171320_ResignationofAshokShettar.pdf
Popular Vehicles and Services Limited,PVSL,NSE,2026-10-08T17:13:48,announcement,Change in Management,,https://nsearchives.nseindia.com/corporate/9072530155_08102026171310_ChangeInManagement_WTD_Sd.pdf
Papadmalji Agro Foods Limited,PAPADMALJI,NSE,2026-10-08T17:12:45,announcement,General Updates,,https://nsearchives.nseindia.com/corporate/PAPADMALJI_08102026171233_General_Updates.pdf
Parsvnath Developers Limited,PARSVNATH,NSE,2026-10-08T17:11:45,announcement,"Certificate under SEBI (Depositories and Participants) Regulations, 2018",,https://nsearchives.nseindia.com/corporate/PARSVNATH_08102026171135_PDL.pdf
STL Networks Limited,STLNETWORK,NSE,2026-10-08T17:11:31,announcement,"Certificate under SEBI (Depositories and Participants) Regulations, 2018",,https://nsearchives.nseindia.com/corporate/STLNETWORKS_08102026171118_CoveringLetter.pdf
Lorenzini Apparels Limited,LAL,NSE,2026-10-08T17:11:27,announcement,"Certificate under SEBI (Depositories and Participants) Regulations, 2018",,https://nsearchives.nseindia.com/corporate/LAL_08102026171051_Reg_74_Certificate.pdf
Ganesha Ecosphere Limited,GANECOS,NSE,2026-10-08T17:11:06,announcement,"Certificate under SEBI (Depositories and Participants) Regulations, 2018",,https://nsearchives.nseindia.com/corporate/GANECOS_08102026171008_intimation300926.pdf
GPT Healthcare Limited,GPTHEALTH,NSE,2026-10-08T17:10:50,announcement,"Certificate under SEBI (Depositories and Participants) Regulations, 2018",,https://nsearchives.nseindia.com/corporate/GPTHEALTHCARE_08102026171038_Covering_Letter_74_5_.pdf
Shri Techtex Limited,SHRITECH,NSE,2026-10-08T17:10:37,announcement,"Certificate under SEBI (Depositories and Participants) Regulations, 2018",,https://nsearchives.nseindia.com/corporate/SHRITECH_08102026171018_Certificate_under_Regulation-74_5_.pdf
Suntech Infra Solutions Limited,SUNTECH,NSE,2026-10-08T17:10:25,announcement,Structural Digital Database,,https://nsearchives.nseindia.com/corporate/SUNTECH_08102026171016_SDD_Compliance_Certificate_NSE.pdf
Pritika Auto Industries Limited,PRITIKAUTO,NSE,2026-10-08T17:10:01,announcement,Pendency of Litigation(s)/dispute(s) or the outcome impacting the Company,,https://nsearchives.nseindia.com/corporate/PRITIKAUTO_08102026170948_IntimationPAILorderReg30.pdf
BGR Energy Systems Limited,BGRENERGY,NSE,2026-10-08T17:09:41,announcement,Corporate Insolvency Resolution Process,,https://nsearchives.nseindia.com/corporate/BGRENERGY_08102026170909_BGREnergyNCLATorderIntimation.pdf
Popular Vehicles and Services Limited,PVSL,NSE,2026-10-08T17:09:38,announcement,Resignation,,https://nsearchives.nseindia.com/corporate/9072530155_08102026170902_ChangeInManagement_WTD_Sd.pdf
Bcl Industries Limited,BCLIND,NSE,2026-10-08T17:09:12,announcement,"Certificate under SEBI (Depositories and Participants) Regulations, 2018",,https://nsearchives.nseindia.com/corporate/BCLIND_08102026170830_Reg_74_5__Q2__1_.pdf
Beacon Trusteeship Limited,BEACON,NSE,2026-10-08T17:07:37,announcement,Quarterly Compliance Report on Corporate governance - within 21 days from the end of the quarter,,https://nsearchives.nseindia.com/corporate/BEACON_08102026170712_NSE_Non-applicability_of_CG_final.pdf
Raymond Realty Limited,RAYMONDREL,NSE,2026-10-08T17:07:02,announcement,General Updates,,https://nsearchives.nseindia.com/corporate/RRL_08102026170639_SE_Intimation_VR_Final.pdf
Pidilite Industries Limited,PIDILITIND,NSE,2026-10-08T17:06:15,announcement,"Certificate under SEBI (Depositories and Participants) Regulations, 2018",,https://nsearchives.nseindia.com/corporate/Nisha_08102026170506_SEintimationcertunder745Sep2026signed.pdf
Grill Splendour Services Limited,BIRDYS,NSE,2026-10-08T17:05:45,announcement,"Certificate under SEBI (Depositories and Participants) Regulations, 2018",,https://nsearchives.nseindia.com/corporate/BIRDYS_08102026170538_Regulation74_5_GSSL.pdf
A2Z Infra Engineering Limited,A2ZINFRA,NSE,2026-10-08T17:05:37,announcement,"Certificate under SEBI (Depositories and Participants) Regulations, 2018",,https://nsearchives.nseindia.com/corporate/A2ZINFRA_08102026170507_001A2ZINFRANSEBSECertificateunderRegulation74DPReg201830092026.pdf
Raymond Realty Limited,RAYMONDREL,NSE,2026-10-08T17:05:36,announcement,Shareholders meeting,,https://nsearchives.nseindia.com/corporate/RRL_08102026170530_SE_Intimation_VR_Final.pdf
Pace Digitek Limited,PACEDIGITK,NSE,2026-10-08T17:05:29,announcement,Bagging/Receiving of orders/contracts,,https://nsearchives.nseindia.com/corporate/PACE_08102026170517_Order_Intimation-BRPL.pdf
Shivam Autotech Limited,SHIVAMAUTO,NSE,2026-10-08T17:04:58,announcement,Record Date,,https://nsearchives.nseindia.com/corporate/SHIVAMAUTO_08102026170431_SignedIntimationofRecorddate08102026.pdf
Regaal Resources Limited,REGAAL,NSE,2026-10-08T17:04:51,announcement,"Certificate under SEBI (Depositories and Participants) Regulations, 2018",,https://nsearchives.nseindia.com/corporate/REGAAL_08102026170425_Disclosure_under_Reg_74_5_.pdf
Nagreeka Exports Limited,NAGREEKEXP,NSE,2026-10-08T17:03:46,announcement,"Certificate under SEBI (Depositories and Participants) Regulations, 2018",,https://nsearchives.nseindia.com/corporate/NAGREEKEXP_08102026170319_74_5__covering_letter_with_attachment__1_OCR_SD.pdf
Beacon Trusteeship Limited,BEACON,NSE,2026-10-08T17:02:57,announcement,"Certificate under SEBI (Depositories and Participants) Regulations, 2018",,https://nsearchives.nseindia.com/corporate/BEACON_08102026170244_Certificate_74_5__final.pdf
Gateway Distriparks Limited,GATEWAY,NSE,2026-10-08T17:02:45,announcement,"Certificate under SEBI (Depositories and Participants) Regulations, 2018",,https://nsearchives.nseindia.com/corporate/GATEWAY_08102026170236_745.pdf
Smartlink Holdings Limited,SMARTLINK,NSE,2026-10-08T17:02:39,announcement,"Certificate under SEBI (Depositories and Participants) Regulations, 2018",,https://nsearchives.nseindia.com/corporate/SMARTLINK_08102026170103_Smartlink_Regulation74_5__30092026.pdf
Zaggle Prepaid Ocean Services Limited,ZAGGLE,NSE,2026-10-08T17:02:29,announcement,"Certificate under SEBI (Depositories and Participants) Regulations, 2018",,https://nsearchives.nseindia.com/corporate/ZAGGLE_08102026170208_Covering_Letter-_74_5__Zaggle.pdf
The Motor & General Finance Limited,MOTOGENFIN,NSE,2026-10-08T17:02:18,announcement,"Certificate under SEBI (Depositories and Participants) Regulations, 2018",,https://nsearchives.nseindia.com/corporate/MOTOGENFIN_08102026170210_501343_74_5_30092026.pdf
Gujarat Narmada Valley Fertilizers and Chemicals Limited,GNFC,NSE,2026-10-08T17:02:11,announcement,Trading Window,,https://nsearchives.nseindia.com/corporate/rajeshpillai8741_08102026170202_Prior_Intimation_OTW_Signed.pdf
Precision Camshafts Limited,PRECAM,NSE,2026-10-08T17:01:38,announcement,Credit Rating,,https://nsearchives.nseindia.com/corporate/PRECAMS_08102026170121_PCL_-_Intimation_of_credit_ratings_-_Signed.pdf
Metro Brands Limited,METROBRAND,NSE,2026-10-08T17:01:27,announcement,"Certificate under SEBI (Depositories and Participants) Regulations, 2018",,https://nsearchives.nseindia.com/corporate/METROBRAND_08102026170118_Reg_74_5__disclosure_signed.pdf
Astec LifeSciences Limited,ASTEC,NSE,2026-10-08T17:00:31,announcement,"Certificate under SEBI (Depositories and Participants) Regulations, 2018",,https://nsearchives.nseindia.com/corporate/ASTEC_08102026170010_BSENSE74_5_SEPT2026.pdf
All Time Plastics Limited,ALLTIME,NSE,2026-10-08T17:00:12,announcement,"Certificate under SEBI (Depositories and Participants) Regulations, 2018",,https://nsearchives.nseindia.com/corporate/ALLTIMEPLASTICSLIMITED_08102026170000_IntimationRSCAR30092026.pdf
Maharashtra Scooters Limited,MAHSCOOTER,NSE,2026-10-08T16:58:38,announcement,"Certificate under SEBI (Depositories and Participants) Regulations, 2018",,https://nsearchives.nseindia.com/corporate/MAHSCOOTER_08102026165620_74_5__SE_intimation_signed.pdf
Popular Vehicles and Services Limited,PVSL,NSE,2026-10-08T16:56:11,announcement,Change in Director(s),,https://nsearchives.nseindia.com/corporate/9072530155_08102026165537_ChangeInManagement_WTD_Sd.pdf
Clay Craft India Limited,CLAYCRAFT,NSE,2026-10-08T16:54:51,announcement,Analysts/Institutional Investor Meet/Con. Call Updates,,https://nsearchives.nseindia.com/corporate/CLAYCRAFT_08102026164624_OutcomeofInvestorMeet08102026Aravya.pdf
Godrej Agrovet Limited,GODREJAGRO,NSE,2026-10-08T16:54:13,announcement,"Certificate under SEBI (Depositories and Participants) Regulations, 2018",,https://nsearchives.nseindia.com/corporate/GODREJAGRO_08102026165320_BSENSEREG74_5_CERTIFICATE30092026.pdf
Zodiac Energy Limited,ZODIAC,NSE,2026-10-08T16:53:46,announcement,"Certificate under SEBI (Depositories and Participants) Regulations, 2018",,https://nsearchives.nseindia.com/corporate/ZODIAC_08102026165333_Certificate_under_Reg74.pdf
Kilitch Drugs (India) Limited,KILITCH,NSE,2026-10-08T16:51:56,announcement,"Certificate under SEBI (Depositories and Participants) Regulations, 2018",,https://nsearchives.nseindia.com/corporate/KILITCH_08102026164937_SubmissionOfDisclosure74_5.pdf
Sharp Chucks and Machines Limited,SCML,NSE,2026-10-08T16:51:46,announcement,Shareholders meeting,,https://nsearchives.nseindia.com/corporate/SHARPCHUCKS_08102026164808_EGM_NOTICE31102026.pdf
Paras Defence and Space Technologies Limited,PARAS,NSE,2026-10-08T16:51:24,announcement,"Certificate under SEBI (Depositories and Participants) Regulations, 2018",,https://nsearchives.nseindia.com/corporate/PARAS_08102026165119_DPCertificate30092026.pdf
Steelcast Limited,STEELCAS,NSE,2026-10-08T16:51:19,announcement,Updates,,https://nsearchives.nseindia.com/corporate/STEELCAS_08102026164747_MergedIRISSannouncment.pdf
Par Drugs and Chemicals Limited,PAR,NSE,2026-10-08T16:51:06,announcement,"Certificate under SEBI (Depositories and Participants) Regulations, 2018",,https://nsearchives.nseindia.com/corporate/PAR_08102026164941_SignedReg74_5_30092026.pdf
Puravankara Limited,PURVA,NSE,2026-10-08T16:51:00,announcement,"Certificate under SEBI (Depositories and Participants) Regulations, 2018",,https://nsearchives.nseindia.com/corporate/PURVA_08102026165037_CL.pdf
Suntech Infra Solutions Limited,SUNTECH,NSE,2026-10-08T16:50:37,announcement,Quarterly Compliance Report on Corporate governance - within 21 days from the end of the quarter,,https://nsearchives.nseindia.com/corporate/SUNTECH_08102026165008_Non_applicability_CG_NSE.pdf
PAKKA LIMITED,PAKKA,NSE,2026-10-08T16:50:27,announcement,General Updates,,https://nsearchives.nseindia.com/corporate/yashpakka_08102026165019_2610_NCD_Allotment_Outcome_08102026.pdf
Crompton Greaves Consumer Electricals Limited,CROMPTON,NSE,2026-10-08T16:50:25,announcement,Updates,,https://nsearchives.nseindia.com/corporate/Crompton123_08102026165012_SEIntimation.pdf
Sotac Pharmaceuticals Limited,SOTAC,NSE,2026-10-08T16:50:13,announcement,Shareholders meeting,,https://nsearchives.nseindia.com/corporate/SOTAC_08102026164956_EGM_Notice_Sign.pdf
Oswal Pumps Limited,OSWALPUMPS,NSE,2026-10-08T16:49:27,announcement,"Certificate under SEBI (Depositories and Participants) Regulations, 2018",,https://nsearchives.nseindia.com/corporate/OSWALPUMPS_08102026164825_SELetterDP745OPL08102026.pdf
Saregama India Limited,SAREGAMA,NSE,2026-10-08T16:48:43,announcement,"Certificate under SEBI (Depositories and Participants) Regulations, 2018",,https://nsearchives.nseindia.com/corporate/SAREGAMA_08102026164830_Covering_Letter_Reg_74_5__September_2026.pdf
Supriya Lifescience Limited,SUPRIYA,NSE,2026-10-08T16:48:32,announcement,General Updates,,https://nsearchives.nseindia.com/corporate/SUPRIYA_08102026164640_SEintimaition081026.pdf
Manomay Tex India Limited,MANOMAY,NSE,2026-10-08T16:48:26,announcement,"Certificate under SEBI (Depositories and Participants) Regulations, 2018",,https://nsearchives.nseindia.com/corporate/MANOMAY_08102026164817_Final74.pdf
Aditya Birla Lifestyle Brands Limited,ABLBL,NSE,2026-10-08T16:47:47,announcement,"Certificate under SEBI (Depositories and Participants) Regulations, 2018",,https://nsearchives.nseindia.com/corporate/ABLBL_08102026164736_SEIntimationReg74.pdf
Suntech Infra Solutions Limited,SUNTECH,NSE,2026-10-08T16:47:33,announcement,"Certificate under SEBI (Depositories and Participants) Regulations, 2018",,https://nsearchives.nseindia.com/corporate/SUNTECH_08102026164722_Certificate_under_Regulation_74_5__NSE.pdf
SML Mahindra Limited,SMLMAH,NSE,2026-10-08T16:47:28,announcement,Monthly Business Updates,,https://nsearchives.nseindia.com/corporate/SMLISUZU_08102026164630_059-SML-Production_September_2026PMSigned.pdf
Sanghvi Movers Limited,SANGHVIMOV,NSE,2026-10-08T16:47:11,announcement,"Certificate under SEBI (Depositories and Participants) Regulations, 2018",,https://nsearchives.nseindia.com/corporate/SANGHVIMOV_08102026163125_SE_INTEMATION_74_5__Q2.pdf
The Anup Engineering Limited,ANUP,NSE,2026-10-08T16:46:07,announcement,"Certificate under SEBI (Depositories and Participants) Regulations, 2018",,https://nsearchives.nseindia.com/corporate/ANUP_08102026164531_Reg74.pdf
Centum Electronics Limited,CENTUM,NSE,2026-10-08T16:45:03,announcement,"Certificate under SEBI (Depositories and Participants) Regulations, 2018",,https://nsearchives.nseindia.com/corporate/CENTUME_08102026164453_Intimation.pdf
Dhunseri Tea & Industries Limited,DTIL,NSE,2026-10-08T16:45:01,announcement,"Certificate under SEBI (Depositories and Participants) Regulations, 2018",,https://nsearchives.nseindia.com/corporate/DTIL_08102026164450_Reg_74_5_.pdf
Landsmill Green Limited,LANDSMILL,NSE,2026-10-08T16:44:13,announcement,"Certificate under SEBI (Depositories and Participants) Regulations, 2018",,https://nsearchives.nseindia.com/corporate/EXCEL_08102026164356_Covering_Letter.pdf
Bajaj Auto Limited,BAJAJ-AUTO,NSE,2026-10-08T16:42:39,announcement,Analysts/Institutional Investor Meet/Con. Call Updates,,https://nsearchives.nseindia.com/corporate/lkwalimbe_bajajauto_co_in_08102026164229_SE_-_Q2_FY27.pdf
Thinking Hats Entertainment Solutions Limited,THESL,NSE,2026-10-08T16:41:56,announcement,Quarterly Compliance Report on Corporate governance - within 21 days from the end of the quarter,,https://nsearchives.nseindia.com/corporate/THES_08102026164134_THESREG15CG.pdf
Silkflex Polymers (India) Limited,SILKFLEX,NSE,2026-10-08T16:40:09,announcement,"Certificate under SEBI (Depositories and Participants) Regulations, 2018",,https://nsearchives.nseindia.com/corporate/SILKFLEX_08102026163917_Letter.pdf
Iware Supplychain Services Limited,IWARE,NSE,2026-10-08T16:39:54,announcement,Structural Digital Database,,https://nsearchives.nseindia.com/corporate/IWARE_08102026163828_Iware_SDD_Compliance_Certificate_Sep_26.pdf
Rajoo Engineers Limited,RAJOOENG,NSE,2026-10-08T16:39:49,announcement,"Certificate under SEBI (Depositories and Participants) Regulations, 2018",,https://nsearchives.nseindia.com/corporate/RAJOO_08102026163332_SE_Disclosure_74_5_.pdf
Park Medi World Limited,PARKHOSPS,NSE,2026-10-08T16:39:41,announcement,"Certificate under SEBI (Depositories and Participants) Regulations, 2018",,https://nsearchives.nseindia.com/corporate/PARKMEDIWORLD2025_08102026163925_intimation74sep.pdf
Man Industries (India) Limited,MANINDS,NSE,2026-10-08T16:39:36,announcement,"Certificate under SEBI (Depositories and Participants) Regulations, 2018",,https://nsearchives.nseindia.com/corporate/MANINDS_08102026163924_MIIL_Reg_74_5__SEBI_DP_Reg_30092026.pdf
Jyoti CNC Automation Limited,JYOTICNC,NSE,2026-10-08T16:39:13,announcement,"Certificate under SEBI (Depositories and Participants) Regulations, 2018",,https://nsearchives.nseindia.com/corporate/JYOTICNC_NSE_08102026163903_DP745stockExchangeIntimationJCALsept2026.pdf
Onyx Biotec Limited,ONYX,NSE,2026-10-08T16:38:43,announcement,Updates,,https://nsearchives.nseindia.com/corporate/ONYX_08102026163250_IDC_Advertisement.pdf
Banswara Syntex Limited,BANSWRAS,NSE,2026-10-08T16:38:39,announcement,"Certificate under SEBI (Depositories and Participants) Regulations, 2018",,https://nsearchives.nseindia.com/corporate/BANSWRAS_08102026163814_Letter_to_SE_-_Reg_74_5_-1.pdf
Swastik Pipe Limited,SWASTIK,NSE,2026-10-08T16:37:38,announcement,"Certificate under SEBI (Depositories and Participants) Regulations, 2018",,https://nsearchives.nseindia.com/corporate/SWASTIKPIPE_08102026163706_NSE_Intimation_SPL.pdf
Shanthi Gears Limited,SHANTIGEAR,NSE,2026-10-08T16:37:30,announcement,"Certificate under SEBI (Depositories and Participants) Regulations, 2018",,https://nsearchives.nseindia.com/corporate/SHANTIGEAR_08102026163722_74.pdf
HB Stockholdings Limited,HBSL,NSE,2026-10-08T16:37:19,announcement,"Certificate under SEBI (Depositories and Participants) Regulations, 2018",,https://nsearchives.nseindia.com/corporate/HBSL_08102026163602_Intimation_certifcate74_5_.pdf
Paragon Fine and Speciality Chemical Limited,PARAGON,NSE,2026-10-08T16:37:17,announcement,"Certificate under SEBI (Depositories and Participants) Regulations, 2018",,https://nsearchives.nseindia.com/corporate/PARAGON_08102026163700_Intimation_f.pdf
Thinking Hats Entertainment Solutions Limited,THESL,NSE,2026-10-08T16:36:02,announcement,"Certificate under SEBI (Depositories and Participants) Regulations, 2018",,https://nsearchives.nseindia.com/corporate/THES_08102026163552_THESREG74_5_.pdf
Dam Capital Advisors Limited,DAMCAPITAL,NSE,2026-10-08T16:35:08,announcement,"Certificate under SEBI (Depositories and Participants) Regulations, 2018",,https://nsearchives.nseindia.com/corporate/DAMCAPITAL_08102026163453_Intimation.pdf
Liberty Shoes Limited,LIBERTSHOE,NSE,2026-10-08T16:34:44,announcement,Updates,,https://nsearchives.nseindia.com/corporate/LIBERTSHOE_08102026163411_Disclosure30libertyshoeslimited08102026.pdf
Linc Limited,LINC,NSE,2026-10-08T16:34:29,announcement,"Certificate under SEBI (Depositories and Participants) Regulations, 2018",,https://nsearchives.nseindia.com/corporate/DIPANKARDE_08102026163354_74_5_Q2_2627_S.pdf
ICRA Limited,ICRA,NSE,2026-10-08T16:33:52,announcement,Change in Management,,https://nsearchives.nseindia.com/corporate/ICRA_08102026163310_BSER3008102026.pdf
Dredging Corporation of India Limited,DREDGECORP,NSE,2026-10-08T16:33:37,announcement,"Certificate under SEBI (Depositories and Participants) Regulations, 2018",,https://nsearchives.nseindia.com/corporate/DREDGECORP_08102026163250_20261008_74_5__Certificate.pdf
S J Logistics (India) Limited,SJLOGISTIC,NSE,2026-10-08T16:33:33,announcement,"Certificate under SEBI (Depositories and Participants) Regulations, 2018",,https://nsearchives.nseindia.com/corporate/SJLOGISTICS_08102026163304_Reg74_5__Sept26.pdf
Premier Explosives Limited,PREMEXPLN,NSE,2026-10-08T16:32:39,announcement,Updates,,https://nsearchives.nseindia.com/corporate/team_bbodade_08102026162850_PREMEXPLN.zip
Axis Bank Limited,AXISBANK,NSE,2026-10-08T16:31:40,announcement,"Certificate under SEBI (Depositories and Participants) Regulations, 2018",,https://nsearchives.nseindia.com/corporate/AXISBANK_08102026163119_Reg74_5_Signed.pdf
Pearl Global Industries Limited,PGIL,NSE,2026-10-08T16:31:30,announcement,"Certificate under SEBI (Depositories and Participants) Regulations, 2018",,https://nsearchives.nseindia.com/corporate/PGIL_08102026163109_Intimation-74_5_.pdf
Manaksia Steels Limited,MANAKSTEEL,NSE,2026-10-08T16:31:03,announcement,"Certificate under SEBI (Depositories and Participants) Regulations, 2018",,https://nsearchives.nseindia.com/corporate/MANAKSTEEL_08102026163052_Covering_letter_Certificate_74_5__30092026_MSL_signed.pdf
GPT Infraprojects Limited,GPTINFRA,NSE,2026-10-08T16:31:00,announcement,"Certificate under SEBI (Depositories and Participants) Regulations, 2018",,https://nsearchives.nseindia.com/corporate/GPTINFRA_08102026163033_SE_Capital_reco_Sept_26_SGD.pdf
Pennar Industries Limited,PENIND,NSE,2026-10-08T16:30:25,announcement,Credit Rating,,https://nsearchives.nseindia.com/corporate/PENIND_08102026163017_Letter08102026.pdf
Navkar Corporation Limited,NAVKARCORP,NSE,2026-10-08T16:29:57,announcement,"Certificate under SEBI (Depositories and Participants) Regulations, 2018",,https://nsearchives.nseindia.com/corporate/NAVKARCORP_08102026162817_intimationsigned.pdf
Stanley Lifestyles Limited,STANLEY,NSE,2026-10-08T16:29:11,announcement,"Certificate under SEBI (Depositories and Participants) Regulations, 2018",,https://nsearchives.nseindia.com/corporate/STANLEY2023_08102026162855_Intimationsd.pdf
Dar Credit & Capital Limited,DCCL,NSE,2026-10-08T16:29:08,announcement,Updates,,https://nsearchives.nseindia.com/corporate/DARCREDIT_08102026162856_Clarification.pdf
IFB Agro Industries Limited,IFBAGRO,NSE,2026-10-08T16:28:34,announcement,Copy of Newspaper Publication,,https://nsearchives.nseindia.com/corporate/IFBAGRO_08102026162817_Special_window_letter_SE_Upload.pdf
Grand Foundry Limited,GFSTEELS,NSE,2026-10-08T16:28:28,announcement,"Certificate under SEBI (Depositories and Participants) Regulations, 2018",,https://nsearchives.nseindia.com/corporate/GFSTEELS_08102026162819_Reg_74__5_.pdf
Paramount Speciality Forgings Limited,PSFL,NSE,2026-10-08T16:28:22,announcement,"Certificate under SEBI (Depositories and Participants) Regulations, 2018",,https://nsearchives.nseindia.com/corporate/9820035987_08102026162802_Reg74.pdf
Nirman Agri Genetics Limited,NIRMAN,NSE,2026-10-08T16:28:14,announcement,"Certificate under SEBI (Depositories and Participants) Regulations, 2018",,https://nsearchives.nseindia.com/corporate/NIRMANAGRI_08102026162801_Reg_74__5__Certificate-Final.pdf
Schaeffler India Limited,SCHAEFFLER,NSE,2026-10-08T16:27:58,announcement,Change in Auditors,,https://nsearchives.nseindia.com/corporate/SCHAEFFLERUSER1_08102026162749_Schaeffler_SEIntimation_ResignationofCostAuditor.pdf
Vishnu Chemicals Limited,VISHNU,NSE,2026-10-08T16:27:24,announcement,Analysts/Institutional Investor Meet/Con. Call Updates,,https://nsearchives.nseindia.com/corporate/VISHNU_08102026162647_Investor_Meeting_Intimation_14th_Oct_2026_signed.pdf
Orient Electric Limited,ORIENTELEC,NSE,2026-10-08T16:27:22,announcement,Copy of Newspaper Publication,,https://nsearchives.nseindia.com/corporate/OEL_08102026162711_NewspaperAdvtSTxIntimation08102026.pdf
State Bank of India,SBIN,NSE,2026-10-08T16:27:09,announcement,"Certificate under SEBI (Depositories and Participants) Regulations, 2018",,https://nsearchives.nseindia.com/corporate/SBIN_08102026162654_BSE_NSE_74_5__08102026.pdf
Aurionpro Solutions Limited,AURIONPRO,NSE,2026-10-08T16:26:28,announcement,"Certificate under SEBI (Depositories and Participants) Regulations, 2018",,https://nsearchives.nseindia.com/corporate/AURIONPRO_08102026162615_ASL_Reg_74_5__30_09_2026_sd.pdf
Manaksia Coated Metals & Industries Limited,MANAKCOAT,NSE,2026-10-08T16:26:21,announcement,"Certificate under SEBI (Depositories and Participants) Regulations, 2018",,https://nsearchives.nseindia.com/corporate/MANAKCOAT_08102026162456_74_5__Q2s.pdf
IKIO Technologies Limited,IKIO,NSE,2026-10-08T16:25:31,announcement,Updates,,https://nsearchives.nseindia.com/corporate/IKIO_08102026162517_Royalux_and_Danube.pdf
Dabur India Limited,DABUR,NSE,2026-10-08T16:24:57,announcement,"Certificate under SEBI (Depositories and Participants) Regulations, 2018",,https://nsearchives.nseindia.com/corporate/DABURA_08102026162443_Letter.pdf
Cupid Limited,CUPID,NSE,2026-10-08T16:24:53,announcement,"Certificate under SEBI (Depositories and Participants) Regulations, 2018",,https://nsearchives.nseindia.com/corporate/CUPID_08102026162447_Certificate_74_5__BSE_NSE.pdf
Clay Craft India Limited,CLAYCRAFT,NSE,2026-10-08T16:22:33,announcement,Analysts/Institutional Investor Meet/Con. Call Updates,,https://nsearchives.nseindia.com/corporate/CLAYCRAFT_08102026161922_OutcomeofInvestorMeet08102026Moneybee.pdf
Ujjivan Small Finance Bank Limited,UJJIVANSFB,NSE,2026-10-08T16:22:14,announcement,Analysts/Institutional Investor Meet/Con. Call Updates,,https://nsearchives.nseindia.com/corporate/UJJIVANBANK_08102026162203_95_Intimation_Earnings_Call_Q2_FY27.pdf
Zensar Technologies Limited,ZENSARTECH,NSE,2026-10-08T16:21:45,announcement,"Certificate under SEBI (Depositories and Participants) Regulations, 2018",,https://nsearchives.nseindia.com/corporate/ZENSARTECH_08102026161946_SE_Intimation_74_5_.pdf
Vineet Laboratories Limited,VINEETLAB,NSE,2026-10-08T16:19:38,announcement,General Updates,,https://nsearchives.nseindia.com/corporate/VINEETLAB_08102026161838_Upload_FF.pdf
Craftsman Automation Limited,CRAFTSMAN,NSE,2026-10-08T16:19:00,announcement,"Certificate under SEBI (Depositories and Participants) Regulations, 2018",,https://nsearchives.nseindia.com/corporate/CRAFTSMAN_08102026161839_CraftsmanSEintimationLetterunderRegulation74_5_signed.pdf
KEI Industries Limited,KEI,NSE,2026-10-08T16:18:43,announcement,General Updates,,https://nsearchives.nseindia.com/corporate/KEI_08102026161829_Intimation_signed.pdf
Canarys Automations Limited,CANARYS,NSE,2026-10-08T16:18:00,announcement,"Certificate under SEBI (Depositories and Participants) Regulations, 2018",,https://nsearchives.nseindia.com/corporate/CANARYS_08102026161752_IntimationofcertificateReg74depositoriesansparticipantsdt08102026.pdf
Sadbhav Infrastructure Project Limited,SADBHIN,NSE,2026-10-08T16:17:50,announcement,Resignation,,https://nsearchives.nseindia.com/corporate/SADBHIN_08102026161733_SIPLResignationofCS08102026signed.pdf
D. P. Abhushan Limited,DPABHUSHAN,NSE,2026-10-08T16:16:56,announcement,Copy of Newspaper Publication,,https://nsearchives.nseindia.com/corporate/DPABHUSHAN_08102026161646_Regulation_47_Intimation_S.pdf
GPT Infraprojects Limited,GPTINFRA,NSE,2026-10-08T16:16:15,announcement,"Certificate under SEBI (Depositories and Participants) Regulations, 2018",,https://nsearchives.nseindia.com/corporate/GPTINFRA_08102026161556_GIL_SE_74_5__Sept26_SGD.pdf
VARVEE GLOBAL LIMITED,VGL,NSE,2026-10-08T16:15:56,announcement,"Certificate under SEBI (Depositories and Participants) Regulations, 2018",,https://nsearchives.nseindia.com/corporate/AARVEEDEN_08102026161526_Reg_74_5__Certificate.pdf
TIL Limited,TIL,NSE,2026-10-08T16:15:54,announcement,Committee Meeting Updates,,https://nsearchives.nseindia.com/corporate/TIL_08102026161458_OutcomeofRICMeeting.pdf
SEDEMAC Mechatronics Limited,SEDEMAC,NSE,2026-10-08T16:15:12,announcement,"Certificate under SEBI (Depositories and Participants) Regulations, 2018",,https://nsearchives.nseindia.com/corporate/SEDEMAC2007_08102026161506_20261008-CertificateUnderRegulation74_5_.pdf
Dishman Carbogen Amcis Limited,DCAL,NSE,2026-10-08T16:14:09,announcement,"Certificate under SEBI (Depositories and Participants) Regulations, 2018",,https://nsearchives.nseindia.com/corporate/DCAL_08102026161349_Reg74ofSEBIDP08102026.pdf
AMBANI ORGOCHEM LIMITED,AMBANIORGO,NSE,2026-10-08T16:13:18,announcement,"Certificate under SEBI (Depositories and Participants) Regulations, 2018",,https://nsearchives.nseindia.com/corporate/AMBANIORG_08102026161305_Reg_74_5__CERT_Sep_26_Ambani_Upload.pdf
SECUREKLOUD TECHNOLOGIES LIMITED,SECURKLOUD,NSE,2026-10-08T16:13:16,announcement,"Certificate under SEBI (Depositories and Participants) Regulations, 2018",,https://nsearchives.nseindia.com/corporate/SECURKLOUD_08102026161305_E29_SD.pdf
Titan Company Limited,TITAN,NSE,2026-10-08T16:12:50,announcement,Updates,,https://nsearchives.nseindia.com/corporate/TITAN_08102026161235_SECPRedemption08102026.pdf
Compuage Infocom Limited,COMPINFO,NSE,2026-10-08T16:12:21,announcement,"Certificate under SEBI (Depositories and Participants) Regulations, 2018",,https://nsearchives.nseindia.com/corporate/COMPINFO_08102026161211_CoverLetterReg74SEBIDP2018September2026signed.pdf
Globe International Carriers Limited,GICL,NSE,2026-10-08T16:12:05,announcement,"Certificate under SEBI (Depositories and Participants) Regulations, 2018",,https://nsearchives.nseindia.com/corporate/GICL_08102026161019_Regulation_74_5_30-09-26.pdf
Pitti Engineering Limited,PITTIENG,NSE,2026-10-08T16:11:42,announcement,Action(s) initiated or orders passed,,https://nsearchives.nseindia.com/corporate/PITTIENG_08102026161023_IntimationunderReg30.pdf
CREDITACCESS GRAMEEN LIMITED,CREDITACC,NSE,2026-10-08T16:11:42,announcement,"Certificate under SEBI (Depositories and Participants) Regulations, 2018",,https://nsearchives.nseindia.com/corporate/CREDITACC_08102026161132_CAGL74.pdf
Sadbhav Infrastructure Project Limited,SADBHIN,NSE,2026-10-08T16:10:32,announcement,Resignation of Director/KMP/SMP,,https://nsearchives.nseindia.com/corporate/SADBHIN_ROID_99986_KMP_Doc.zip
Vigor Plast India Limited,VIGOR,NSE,2026-10-08T16:10:28,announcement,"Certificate under SEBI (Depositories and Participants) Regulations, 2018",,https://nsearchives.nseindia.com/corporate/VIGORPLAST_08102026161011_Regulation_74_5__sd.pdf
Maheshwari Logistics Limited,MAHESHWARI,NSE,2026-10-08T16:10:20,announcement,"Certificate under SEBI (Depositories and Participants) Regulations, 2018",,https://nsearchives.nseindia.com/corporate/MAHESHWARI_08102026160951_IntimationunderDPReg74.pdf
IndusInd Bank Limited,INDUSINDBK,NSE,2026-10-08T16:10:01,announcement,Copy of Newspaper Publication,,https://nsearchives.nseindia.com/corporate/INDUSINDBK4_08102026160930_SEIntimation-SpecialWindowforRelodgementsigned.pdf
VRL Logistics Limited,VRLLOG,NSE,2026-10-08T16:08:36,announcement,Buyback,,https://nsearchives.nseindia.com/corporate/VRLLOGI_08102026160451_ShareholdersandBoardResBuyback08102026.pdf
United Breweries Limited,UBL,NSE,2026-10-08T16:07:37,announcement,"Certificate under SEBI (Depositories and Participants) Regulations, 2018",,https://nsearchives.nseindia.com/corporate/UBLSJR_08102026160717_Disclosure74September2026.pdf
Nahar Poly Films Limited,NAHARPOLY,NSE,2026-10-08T16:05:30,announcement,"Certificate under SEBI (Depositories and Participants) Regulations, 2018",,https://nsearchives.nseindia.com/corporate/NAHARPOLY_08102026160457_INTIMATION.pdf
Dollex Agrotech Limited,DOLLEX,NSE,2026-10-08T16:04:48,announcement,"Certificate under SEBI (Depositories and Participants) Regulations, 2018",,https://nsearchives.nseindia.com/corporate/DOLLEX_08102026160435_CoverletterRegulation74_signed.pdf
Sotac Pharmaceuticals Limited,SOTAC,NSE,2026-10-08T16:04:13,announcement,Outcome of Board Meeting,,https://nsearchives.nseindia.com/corporate/SOTAC_08102026160311_BMOutcomesd.pdf
JSW Steel Limited,JSWSTEEL,NSE,2026-10-08T16:04:02,announcement,Press Release,,https://nsearchives.nseindia.com/corporate/jessydenny_08102026160336_Production_Press_Release_Sept_26__1_.pdf
AMBANI ORGOCHEM LIMITED,AMBANIORGO,NSE,2026-10-08T16:03:05,announcement,"Certificate under SEBI (Depositories and Participants) Regulations, 2018",,https://nsearchives.nseindia.com/corporate/AMBANIORG_08102026160245_Reg_76_Reconciliation_CERT_Sep_26_Ambani.pdf
Rossell India Limited,ROSSELLIND,NSE,2026-10-08T16:01:22,announcement,Updates,,https://nsearchives.nseindia.com/corporate/ROSSELLIND_08102026160034_Rosselecon_30092026.pdf
CARYSIL LIMITED,CARYSIL,NSE,2026-10-08T16:01:17,announcement,Press Release,,https://nsearchives.nseindia.com/corporate/ACRYSIL_08102026155915_Intimation08102026.pdf
Jyothy Labs Limited,JYOTHYLAB,NSE,2026-10-08T16:01:13,announcement,"Certificate under SEBI (Depositories and Participants) Regulations, 2018",,https://nsearchives.nseindia.com/corporate/JYOTHYLAB_08102026160105_SE_Intimation.pdf
Dr. Reddy's Laboratories Limited,DRREDDY,NSE,2026-10-08T15:57:43,announcement,General Updates,,https://nsearchives.nseindia.com/corporate/DRREDDY_08102026155720_SE_intimation_08102026_signed.pdf
IIFL Capital Services Limited,IIFLCAPS,NSE,2026-10-08T15:57:36,announcement,Action(s) taken or orders passed,,https://nsearchives.nseindia.com/corporate/IIFLSEC_08102026155624_Intimationsigned.pdf
Indus Towers Limited,INDUSTOWER,NSE,2026-10-08T15:57:06,announcement,Copy of Newspaper Publication,,https://nsearchives.nseindia.com/corporate/BHARTIINFRATEL_08102026155652_NewspaperAdIEPFIndus08102026.pdf
CEAT Limited,CEATLTD,NSE,2026-10-08T15:56:59,announcement,Copy of Newspaper Publication,,https://nsearchives.nseindia.com/corporate/CEATLTD_08102026155647_CEATSENewspaperSpecialwindowforsign.pdf
Home First Finance Company India Limited,HOMEFIRST,NSE,2026-10-08T15:56:42,announcement,"Certificate under SEBI (Depositories and Participants) Regulations, 2018",,https://nsearchives.nseindia.com/corporate/HOMEFIRST_08102026155634_74_5__Cover_letter.pdf
Lyka Labs Limited,LYKALABS,NSE,2026-10-08T15:56:01,announcement,"Certificate under SEBI (Depositories and Participants) Regulations, 2018",,https://nsearchives.nseindia.com/corporate/LYKALABS_08102026155553_Covering_with_Regulation_74_5__certificate.pdf
De Nora India Limited,DENORA,NSE,2026-10-08T15:55:42,announcement,Copy of Newspaper Publication,,https://nsearchives.nseindia.com/corporate/DENORA_08102026155526_Reg30_Special_window_Newspaper.pdf
Agarwal Float Glass India Limited,AGARWALFT,NSE,2026-10-08T15:55:09,announcement,Updates,,https://nsearchives.nseindia.com/corporate/AGARWALFLOAT_08102026155419_Float_Books_of_Accounts_address.pdf
Radha Madhav Corporation Limited,RMCL,NSE,2026-10-08T15:53:43,announcement,"Certificate under SEBI (Depositories and Participants) Regulations, 2018",,https://nsearchives.nseindia.com/corporate/RMCL_08102026155300_Covering_Letter.pdf
VMS TMT Limited,VMSTMT,NSE,2026-10-08T15:53:35,announcement,"Certificate under SEBI (Depositories and Participants) Regulations, 2018",,https://nsearchives.nseindia.com/corporate/VMSTMTLTD_08102026155318_Covering_Letter_NSE_and_BSE.pdf
Shipping Corporation Of India Limited,SCI,NSE,2026-10-08T15:49:45,announcement,"Certificate under SEBI (Depositories and Participants) Regulations, 2018",,https://nsearchives.nseindia.com/corporate/SCI1_08102026154738_Finalsd.pdf
Aditya Birla Capital Limited,ABCAPITAL,NSE,2026-10-08T15:48:38,announcement,Credit Rating,,https://nsearchives.nseindia.com/corporate/rsrai_08102026154827_ABCAPITAL_ICRA_ratings_v1signed.pdf
Choice International Limited,CHOICEIN,NSE,2026-10-08T15:48:05,announcement,"Certificate under SEBI (Depositories and Participants) Regulations, 2018",,https://nsearchives.nseindia.com/corporate/CHOICE_08102026154751_upload.pdf
Indo Tech Transformers Limited,INDOTECH,NSE,2026-10-08T15:47:31,announcement,"Certificate under SEBI (Depositories and Participants) Regulations, 2018",,https://nsearchives.nseindia.com/corporate/INDOTECH_08102026153855_Upload.pdf
Shakti Pumps (India) Limited,SHAKTIPUMP,NSE,2026-10-08T15:47:11,announcement,Acquisition,,https://nsearchives.nseindia.com/corporate/SHAKTIPUMP_08102026154638_IntimationunderReg30ShaktiEnergy.pdf
Linc Limited,LINC,NSE,2026-10-08T15:46:16,announcement,Shareholders meeting,,https://nsearchives.nseindia.com/corporate/DIPANKARDE_08102026154106_Scrutinizers_Report_08102026_S.pdf
Tata Consultancy Services Limited,TCS,NSE,2026-10-08T15:44:45,announcement,General Updates,,https://nsearchives.nseindia.com/corporate/TCS_CORPCS_08102026154436_Post_BM_SE_Letter_fin.pdf
Tata Consultancy Services Limited,TCS,NSE,2026-10-08T15:43:32,announcement,Press Release,,https://nsearchives.nseindia.com/corporate/TCS_CORPCS_08102026154325_PressReleaseletter.pdf
VRL Logistics Limited,VRLLOG,NSE,2026-10-08T15:43:28,announcement,Public Announcement - Buyback of Shares,,https://nsearchives.nseindia.com/corporate/VRLLOGI_08102026154226_PublicAnnouncementBuyBack.pdf
V-Guard Industries Limited,VGUARD,NSE,2026-10-08T15:43:21,announcement,"Certificate under SEBI (Depositories and Participants) Regulations, 2018",,https://nsearchives.nseindia.com/corporate/VGIL1_08102026154252_Intimation.pdf
Simbhaoli Sugars Limited,SIMBHALS,NSE,2026-10-08T15:43:20,announcement,"Certificate under SEBI (Depositories and Participants) Regulations, 2018",,https://nsearchives.nseindia.com/corporate/SIMBHALS_08102026154249_Reg_74_5__31st_September_2026_Signed.pdf
Tata Consultancy Services Limited,TCS,NSE,2026-10-08T15:42:03,announcement,Dividend,,https://nsearchives.nseindia.com/corporate/TCS_CORPCS_08102026154152_Post_BM_SE_Letter_fin.pdf
Tata Consultancy Services Limited,TCS,NSE,2026-10-08T15:40:12,announcement,Outcome of Board Meeting,,https://nsearchives.nseindia.com/corporate/TCS_CORPCS_08102026153124_Post_BM_SE_Letter_fin.pdf
DCW Limited,DCW,NSE,2026-10-08T15:39:34,announcement,"Certificate under SEBI (Depositories and Participants) Regulations, 2018",,https://nsearchives.nseindia.com/corporate/DCW_08102026153918_BSE_NSE_Reg_74_5__sd.pdf
Manilam Industries India Limited,MANILAM,NSE,2026-10-08T15:39:32,announcement,"Certificate under SEBI (Depositories and Participants) Regulations, 2018",,https://nsearchives.nseindia.com/corporate/MANILAM_08102026153915_Disclosure_u_reg_74_5__signed.pdf
Eleganz Interiors Limited,ELGNZ,NSE,2026-10-08T15:37:54,announcement,"Certificate under SEBI (Depositories and Participants) Regulations, 2018",,https://nsearchives.nseindia.com/corporate/ELEGANZ_08102026153729_Disclosure_Certificate_Reg_74_5__SD.pdf
Pelatro Limited,PELATRO,NSE,2026-10-08T15:36:37,announcement,General Updates,,https://nsearchives.nseindia.com/corporate/PELATRO_08102026153554_Intimation_to_SE-Reg_30.pdf
Sonaselection India Limited,SONA,NSE,2026-10-08T15:36:36,announcement,"Certificate under SEBI (Depositories and Participants) Regulations, 2018",,https://nsearchives.nseindia.com/corporate/SONASELECTION_08102026153615_Certificateunder74.pdf
PNC Infratech Limited,PNCINFRA,NSE,2026-10-08T15:36:25,announcement,General Updates,,https://nsearchives.nseindia.com/corporate/PNCINFRA_08102026153545_Subsidiaryincorporation08102026.pdf
Bandhan Bank Limited,BANDHANBNK,NSE,2026-10-08T15:36:20,announcement,ESOP/ESOS/ESPS,,https://nsearchives.nseindia.com/corporate/BANDHANBNK_08102026153500_SE_IntimationESOPAllotmentOct2026.pdf
Orkla India Limited,ORKLAINDIA,NSE,2026-10-08T15:35:41,announcement,Press Release,,https://nsearchives.nseindia.com/corporate/ORKLA2025_08102026153530_SIGNEDPR.pdf
National Aluminium Company Limited,NATIONALUM,NSE,2026-10-08T15:35:24,announcement,"Certificate under SEBI (Depositories and Participants) Regulations, 2018",,https://nsearchives.nseindia.com/corporate/bharatsahu_08102026153513_SERTACERTIFICATE.pdf
Medicamen Organics Limited,MEDIORG,NSE,2026-10-08T15:34:35,announcement,"Certificate under SEBI (Depositories and Participants) Regulations, 2018",,https://nsearchives.nseindia.com/corporate/MEDICAMENORGANICS_08102026153416_Medicamen.pdf
Engineers India Limited,ENGINERSIN,NSE,2026-10-08T15:34:23,announcement,"Certificate under SEBI (Depositories and Participants) Regulations, 2018",,https://nsearchives.nseindia.com/corporate/ENGINERSIN_08102026153411_reg74.pdf
Affordable Robotic & Automation Limited,AFFORDABLE,NSE,2026-10-08T15:33:42,announcement,"Certificate under SEBI (Depositories and Participants) Regulations, 2018",,https://nsearchives.nseindia.com/corporate/AFFORDABLE_08102026152852_AFFORDABLEREG74.pdf
Aster DM Quality Care Limited,ASTERDM,NSE,2026-10-08T15:33:28,announcement,"Certificate under SEBI (Depositories and Participants) Regulations, 2018",,https://nsearchives.nseindia.com/corporate/ASTERDM2_08102026153148_Cert74Q2s.pdf
Piramal Finance Limited,PIRAMALFIN,NSE,2026-10-08T15:31:13,announcement,Analysts/Institutional Investor Meet/Con. Call Updates,,https://nsearchives.nseindia.com/corporate/PiramalFin_08102026145406_PFL_Debt_Investor_call_Intimation.pdf
Indogulf Cropsciences Limited,IGCL,NSE,2026-10-08T15:31:11,announcement,"Certificate under SEBI (Depositories and Participants) Regulations, 2018",,https://nsearchives.nseindia.com/corporate/INDOGULF_08102026153102_Final_under_reg_74_of_dp.pdf
UTI Asset Management Company Limited,UTIAMC,NSE,2026-10-08T15:30:48,announcement,Shareholders meeting,,https://nsearchives.nseindia.com/corporate/CSUTIAMC_08102026153018_Intimation_of_Outcome_of_Postal_Ballot.pdf
Utkal Speciality Industries India Limited,UTKAL,NSE,2026-10-08T15:29:50,announcement,Outcome of Board Meeting,,https://nsearchives.nseindia.com/corporate/UTKALIPOSME_08102026151155_Regulation33_3_outcomeBM-Utkal.pdf
SKIL Infrastructure Limited,SKIL,NSE,2026-10-08T15:29:25,announcement,Corporate Insolvency Resolution Process,,https://nsearchives.nseindia.com/corporate/Skilinfra_08102026152915_Letter_Postponement_Intimation_13th_COC.pdf
Arvind Limited,ARVIND,NSE,2026-10-08T15:28:32,announcement,"Certificate under SEBI (Depositories and Participants) Regulations, 2018",,https://nsearchives.nseindia.com/corporate/ARVIND1_08102026152824_Arvind.pdf
Manaksia Limited,MANAKSIA,NSE,2026-10-08T15:27:04,announcement,"Certificate under SEBI (Depositories and Participants) Regulations, 2018",,https://nsearchives.nseindia.com/corporate/MANAKSIA_08102026152652_Reg74.pdf
Bandhan Bank Limited,BANDHANBNK,NSE,2026-10-08T15:23:54,announcement,"Certificate under SEBI (Depositories and Participants) Regulations, 2018",,https://nsearchives.nseindia.com/corporate/BANDHANBNK_08102026151830_Certificate_Reg_74_5_08102026.pdf
Associated Alcohols & Breweries Ltd.,ASALCBR,NSE,2026-10-08T15:23:37,announcement,Copy of Newspaper Publication,,https://nsearchives.nseindia.com/corporate/ASALCBR_08102026152055_SE_Intimation_Newspaper_08102026.pdf
HEC Infra Projects Limited,HECPROJECT,NSE,2026-10-08T15:23:29,announcement,"Certificate under SEBI (Depositories and Participants) Regulations, 2018",,https://nsearchives.nseindia.com/corporate/HECPROJECT_08102026152320_reg_74_30092026.pdf
The Federal Bank  Limited,FEDERALBNK,NSE,2026-10-08T15:23:01,announcement,Analysts/Institutional Investor Meet/Con. Call Updates,,https://nsearchives.nseindia.com/corporate/FEDERALBNK_08102026143417_Exchange_Intimation_Analyst_Call_Q2FY27_Signed.pdf
Mos Utility Limited,MOS,NSE,2026-10-08T15:22:37,announcement,"Certificate under SEBI (Depositories and Participants) Regulations, 2018",,https://nsearchives.nseindia.com/corporate/MOS_08102026152228_Certificate_Reg_74_5_Sept_26.pdf
Optiemus Infracom Limited,OPTIEMUS,NSE,2026-10-08T15:22:32,announcement,"Certificate under SEBI (Depositories and Participants) Regulations, 2018",,https://nsearchives.nseindia.com/corporate/OPTIEMUS_08102026152220_OILCertificateUnderSec74_5_08102026.pdf
Godawari Power And Ispat limited,GPIL,NSE,2026-10-08T15:21:33,announcement,Allotment of Securities,,https://nsearchives.nseindia.com/corporate/GPIL_08102026152112_GPILNSEBSEWARRANTCONVERSION08102026.pdf
Visaman Global Sales Limited,VISAMAN,NSE,2026-10-08T15:21:07,announcement,"Certificate under SEBI (Depositories and Participants) Regulations, 2018",,https://nsearchives.nseindia.com/corporate/VISAMAN2019_08102026152006_Reg.pdf
Alembic Limited,ALEMBICLTD,NSE,2026-10-08T15:19:55,announcement,Copy of Newspaper Publication,,https://nsearchives.nseindia.com/corporate/ALEMBICLTD_08102026151407_AL_Intimation_Newspaper_Publication_08102026.pdf
Madhya Bharat Agro Products Limited,MBAPL,NSE,2026-10-08T15:19:19,announcement,Credit Rating,,https://nsearchives.nseindia.com/corporate/MBAPL_08102026151854_Credit_Rating.pdf
Raj Television Network Limited,RAJTV,NSE,2026-10-08T15:18:22,announcement,"Certificate under SEBI (Depositories and Participants) Regulations, 2018",,https://nsearchives.nseindia.com/corporate/RAJTV_08102026151813_Q2-Reg74_5_DP_Signed.pdf
The Great Eastern Shipping Company Limited,GESHIP,NSE,2026-10-08T15:17:50,announcement,"Certificate under SEBI (Depositories and Participants) Regulations, 2018",,https://nsearchives.nseindia.com/corporate/GESHIP_08102026151625_Cov_Ltr_Reg_74_5_30092026_with_report_Signed.pdf
Dharani Sugars & Chemicals Limited,DHARSUGAR,NSE,2026-10-08T15:17:15,announcement,Updates,,https://nsearchives.nseindia.com/corporate/dharanisugarsltd_08102026151708_DSCL-Re-Lodged_Shares_Sep2026.pdf
Avantel Limited,AVANTEL,NSE,2026-10-08T15:16:53,announcement,Credit Rating,,https://nsearchives.nseindia.com/corporate/AVANTEL_08102026151615_IntimationLetter08102026.pdf
Chemfab Alkalis Limited,CHEMFAB,NSE,2026-10-08T15:16:46,announcement,Credit Rating,,https://nsearchives.nseindia.com/corporate/CHEMFAB_08102026151345_CCAL_CreditratingSEIntimationFSD.pdf
Sterlite Technologies Limited,STLTECH,NSE,2026-10-08T15:15:21,announcement,"Certificate under SEBI (Depositories and Participants) Regulations, 2018",,https://nsearchives.nseindia.com/corporate/STLTECH_08102026151451_SEintimation_Reg74certificate_signed.pdf
Apollo Tyres Limited,APOLLOTYRE,NSE,2026-10-08T15:14:51,announcement,Shareholders meeting,,https://nsearchives.nseindia.com/corporate/APOLLOTYRE1_08102026151336_RESULTSINTIMATION.pdf
Newgen Software Technologies Limited,NEWGEN,NSE,2026-10-08T15:14:48,announcement,"Certificate under SEBI (Depositories and Participants) Regulations, 2018",,https://nsearchives.nseindia.com/corporate/NEWGEN2_08102026151416_74_5_30092026sign.pdf
Syncom Formulations (India) Limited,SYNCOMF,NSE,2026-10-08T15:14:01,announcement,"Certificate under SEBI (Depositories and Participants) Regulations, 2018",,https://nsearchives.nseindia.com/corporate/SFILFINANCE123_08102026151348_SELetterREG74_5_30092026.pdf
Bank of Baroda,BANKBARODA,NSE,2026-10-08T15:14:00,announcement,Copy of Newspaper Publication,,https://nsearchives.nseindia.com/corporate/BANKBARODA_08102026151353_SENP081026.pdf
Asian Paints Limited,ASIANPAINT,NSE,2026-10-08T15:13:26,announcement,Copy of Newspaper Publication,,https://nsearchives.nseindia.com/corporate/ASIANPAINT_08102026151258_SE_Intimation_Newspaper_Advertisement_signed.pdf
GTPL Hathway Limited,GTPL,NSE,2026-10-08T15:11:52,announcement,Analysts/Institutional Investor Meet/Con. Call Updates,,https://nsearchives.nseindia.com/corporate/GTPLHL_08102026151122_Conference_Call_Intimation.pdf
K S Oils Limited,KSOILS,NSE,2026-10-08T15:11:39,announcement,"Certificate under SEBI (Depositories and Participants) Regulations, 2018",,https://nsearchives.nseindia.com/corporate/KSOILS_08102026150432_Reg_74_5_.pdf
Capri Global Capital Limited,CGCL,NSE,2026-10-08T15:11:13,announcement,Updates,,https://nsearchives.nseindia.com/corporate/CGCL_08102026151016_InterestPaymentCertificate.pdf
Coal India Limited,COALINDIA,NSE,2026-10-08T15:10:50,announcement,"Certificate under SEBI (Depositories and Participants) Regulations, 2018",,https://nsearchives.nseindia.com/corporate/COALINDIA_08102026151037_Reg745_Sep2026.pdf
Paramount Communications Limited,PARACABLES,NSE,2026-10-08T15:10:48,announcement,"Certificate under SEBI (Depositories and Participants) Regulations, 2018",,https://nsearchives.nseindia.com/corporate/PARACABLES_08102026151024_Regulation74_5_.pdf
Elgi Rubber Company Limited,ELGIRUBCO,NSE,2026-10-08T15:10:30,announcement,"Certificate under SEBI (Depositories and Participants) Regulations, 2018",,https://nsearchives.nseindia.com/corporate/ELGIRUBCO_08102026151019_ELGIRUBCO_REG_74_5_.pdf
Anand Rathi Wealth Limited,ANANDRATHI,NSE,2026-10-08T15:10:25,announcement,Revised Record date,,https://nsearchives.nseindia.com/corporate/ANANDRATHI_08102026150807_InimationDividendRevisedRecordDate.pdf
Banaras Beads Limited,BANARBEADS,NSE,2026-10-08T15:10:09,announcement,Structural Digital Database,,https://nsearchives.nseindia.com/corporate/BANARBEADS_08102026150957_SDD.pdf
Digidrive Distributors Limited,DIGIDRIVE,NSE,2026-10-08T15:08:17,announcement,"Certificate under SEBI (Depositories and Participants) Regulations, 2018",,https://nsearchives.nseindia.com/corporate/DIGIDRIVE_08102026150757_74_5__Digidrive.pdf
Shivam Autotech Limited,SHIVAMAUTO,NSE,2026-10-08T15:07:59,announcement,Outcome of Board Meeting,,https://nsearchives.nseindia.com/corporate/SHIVAMAUTO_08102026150717_SignedOutcomeofRIC08102026.pdf
Shyam Dhani Industries Limited,SHYAMDHANI,NSE,2026-10-08T15:07:27,announcement,"Certificate under SEBI (Depositories and Participants) Regulations, 2018",,https://nsearchives.nseindia.com/corporate/SHYAM_08102026150709_Intimationsign.pdf
UMIYA BUILDCON LIMITED,UMIYA-MRO,NSE,2026-10-08T15:06:14,announcement,"Certificate under SEBI (Depositories and Participants) Regulations, 2018",,https://nsearchives.nseindia.com/corporate/MRO-TEK_08102026150516_74_5_signed.pdf
Innomet Advanced Materials Limited,INNOMET,NSE,2026-10-08T15:05:43,announcement,General Updates,,https://nsearchives.nseindia.com/corporate/INNOMET_08102026150247_SEINTIMATION_08_10_2026_signed.pdf
Central Bank of India,CENTRALBK,NSE,2026-10-08T15:05:24,announcement,General Updates,,https://nsearchives.nseindia.com/corporate/CENTRALBK_08102026150437_Final_SE_India_Ratings.pdf
Cemindia Projects Limited,CEMPRO,NSE,2026-10-08T15:05:11,announcement,"Certificate under SEBI (Depositories and Participants) Regulations, 2018",,https://nsearchives.nseindia.com/corporate/ITD_08102026150330_SCI_REG_74_5__Signed.pdf
Xtglobal Infotech Limited,XTGLOBAL,NSE,2026-10-08T15:04:31,announcement,"Certificate under SEBI (Depositories and Participants) Regulations, 2018",,https://nsearchives.nseindia.com/corporate/XTGLOBAL_08102026150419_Cover_letter_merged__5___1_.pdf
DPSC Limited,DPSCLTD,NSE,2026-10-08T15:03:38,announcement,Corporate Insolvency Resolution Process,,https://nsearchives.nseindia.com/corporate/DPSCLTD_08102026150325_ComplianceUnderReg_76_ofSEBI_DP_30092026.pdf
Juniper Hotels Limited,JUNIPER,NSE,2026-10-08T15:01:00,announcement,"Certificate under SEBI (Depositories and Participants) Regulations, 2018",,https://nsearchives.nseindia.com/corporate/9930371292_08102026150046_Regulation_74_5__signed.pdf
ShreeOswal Seeds And Chemicals Limited,OSWALSEEDS,NSE,2026-10-08T14:59:11,announcement,Price movement,,https://nsearchives.nseindia.com/corporate/OSWALSEEDS_08102026145814_Clarification_Letter_on_Price_Movement_Signed.pdf
Khaitan (India) Limited,KHAITANLTD,NSE,2026-10-08T14:56:09,announcement,"Certificate under SEBI (Depositories and Participants) Regulations, 2018",,https://nsearchives.nseindia.com/corporate/KHAITANLTD_08102026145600_Certificate.pdf
RPG Life Sciences Limited,RPGLIFE,NSE,2026-10-08T14:53:24,announcement,"Certificate under SEBI (Depositories and Participants) Regulations, 2018",,https://nsearchives.nseindia.com/corporate/RPGLIFE_08102026145301_initmation_of_cert_under_reg_74_5_.pdf
Chennai Petroleum Corporation Limited,CHENNPETRO,NSE,2026-10-08T14:52:52,announcement,Updates,,https://nsearchives.nseindia.com/corporate/CHENNPETRO_08102026145232_Reg30.pdf
Tube Investments of India Limited,TIINDIA,NSE,2026-10-08T14:51:51,announcement,"Certificate under SEBI (Depositories and Participants) Regulations, 2018",,https://nsearchives.nseindia.com/corporate/TIINDIA_08102026145134_Reg74QtrlyDematConfmCerttoNSEBSE.pdf
Apsis Aerocom Limited,APSISAERO,NSE,2026-10-08T14:51:02,announcement,"Certificate under SEBI (Depositories and Participants) Regulations, 2018",,https://nsearchives.nseindia.com/corporate/APSIS2025_08102026145000_Reg74_5_DP2018_30092026_Signed.pdf
Knack Packaging Limited,KNACK,NSE,2026-10-08T14:50:57,announcement,"Certificate under SEBI (Depositories and Participants) Regulations, 2018",,https://nsearchives.nseindia.com/corporate/KNACK_6101_08102026145043_Regulation74.pdf
CG Power and Industrial Solutions Limited,CGPOWER,NSE,2026-10-08T14:50:38,announcement,"Certificate under SEBI (Depositories and Participants) Regulations, 2018",,https://nsearchives.nseindia.com/corporate/CGPOWER_08102026145023_74_5__Cover_Letter.pdf
Pansari Developers Limited,PANSARI,NSE,2026-10-08T14:48:44,announcement,"Certificate under SEBI (Depositories and Participants) Regulations, 2018",,https://nsearchives.nseindia.com/corporate/PANSARI_08102026144755_Regulation_74_5_.pdf
Tata Communications Limited,TATACOMM,NSE,2026-10-08T14:48:19,announcement,Analysts/Institutional Investor Meet/Con. Call Updates,,https://nsearchives.nseindia.com/corporate/TATACOMM_08102026144809_18521.pdf
InterGlobe Aviation Limited,INDIGO,NSE,2026-10-08T14:48:10,announcement,"Certificate under SEBI (Depositories and Participants) Regulations, 2018",,https://nsearchives.nseindia.com/corporate/Indigo1_08102026144759_Disclosure_Reg_74_5_.pdf
Tata Teleservices (Maharashtra) Limited,TTML,NSE,2026-10-08T14:46:45,announcement,"Certificate under SEBI (Depositories and Participants) Regulations, 2018",,https://nsearchives.nseindia.com/corporate/TTML_08102026144624_TTML532371_74_5.pdf
Centrum Capital Limited,CENTRUM,NSE,2026-10-08T14:45:42,announcement,Allotment of Securities,,https://nsearchives.nseindia.com/corporate/CENTRUM_08102026144514_BSENSEAllotment.pdf
Talwalkars Better Value Fitness Limited,TALWALKARS,NSE,2026-10-08T14:43:52,announcement,"Certificate under SEBI (Depositories and Participants) Regulations, 2018",,https://nsearchives.nseindia.com/corporate/TALWALKARS1_08102026144342_74__5__08102026.pdf
Orient Technologies Limited,ORIENTTECH,NSE,2026-10-08T14:43:51,announcement,"Certificate under SEBI (Depositories and Participants) Regulations, 2018",,https://nsearchives.nseindia.com/corporate/Orient97_08102026144341_Covering_Letter_Reg_74_5__signed.pdf
Jindal Saw Limited,JINDALSAW,NSE,2026-10-08T14:41:58,announcement,Credit Rating,,https://nsearchives.nseindia.com/corporate/JINDALSAW_08102026144149_Credit_rating07102026.pdf
Datamatics Global Services Limited,DATAMATICS,NSE,2026-10-08T14:41:47,announcement,"Certificate under SEBI (Depositories and Participants) Regulations, 2018",,https://nsearchives.nseindia.com/corporate/DGSL_08102026144136_SEIntimation_Uploaded.pdf
Brand Concepts Limited,BCONCEPTS,NSE,2026-10-08T14:36:29,announcement,"Certificate under SEBI (Depositories and Participants) Regulations, 2018",,https://nsearchives.nseindia.com/corporate/BCONCEPTS_08102026143520_Reg74_5__30092026.pdf
SRG Housing Finance Limited,SRGHFL,NSE,2026-10-08T14:32:55,announcement,"Certificate under SEBI (Depositories and Participants) Regulations, 2018",,https://nsearchives.nseindia.com/corporate/SRGHOUSING_08102026143210_74_5__081026.pdf
Lancor Holdings Limited,LANCORHOL,NSE,2026-10-08T14:31:57,announcement,"Certificate under SEBI (Depositories and Participants) Regulations, 2018",,https://nsearchives.nseindia.com/corporate/LANCOR2023_08102026143142_Reg74_5__disclosure.pdf
NCL Industries Limited,NCLIND,NSE,2026-10-08T14:31:27,announcement,Monthly Business Updates,,https://nsearchives.nseindia.com/corporate/NCLIND_08102026143118_Production_and_dispatch_report_Sep2026.pdf
Dhunseri Investments Limited,DHUNINV,NSE,2026-10-08T14:30:41,announcement,"Certificate under SEBI (Depositories and Participants) Regulations, 2018",,https://nsearchives.nseindia.com/corporate/DHUNINV_08102026143031_74_5_.pdf
Astron Paper & Board Mill Limited,ASTRON,NSE,2026-10-08T14:30:21,announcement,Corporate Insolvency Resolution Process,,https://nsearchives.nseindia.com/corporate/ASTRON_08102026142934_Outcome-_5th_meeting.pdf
Knack Packaging Limited,KNACK,NSE,2026-10-08T14:29:56,announcement,Updates,,https://nsearchives.nseindia.com/corporate/KNACK_6101_08102026142905_ChangeCIN.pdf
Mercury Ev-Tech Limited,MERCURYEV,NSE,2026-10-08T14:28:37,announcement,"Certificate under SEBI (Depositories and Participants) Regulations, 2018",,https://nsearchives.nseindia.com/corporate/MERCURYEV_08102026142822_Cert_Reg-74_5_.pdf
Jana Small Finance Bank Limited,JSFB,NSE,2026-10-08T14:26:37,announcement,Updates,,https://nsearchives.nseindia.com/corporate/sanath_rao_janabank_com_08102026142622_CSRTA.pdf
Satin Creditcare Network Limited,SATIN,NSE,2026-10-08T14:25:33,announcement,"Certificate under SEBI (Depositories and Participants) Regulations, 2018",,https://nsearchives.nseindia.com/corporate/SATIN_08102026142427_SCNL_Certificate_Reg74_5_.pdf
Mrs. Bectors Food Specialities Limited,BECTORFOOD,NSE,2026-10-08T14:24:56,announcement,"Certificate under SEBI (Depositories and Participants) Regulations, 2018",,https://nsearchives.nseindia.com/corporate/BECTORFOOD_08102026142424_DEMAT_CERTIFICATE.pdf
Piccadily Agro Industries Limited,PICCADIL,NSE,2026-10-08T14:24:17,announcement,Press Release,,https://nsearchives.nseindia.com/corporate/CSPICCADILY_08102026142343_Pressrelease_Diwali.pdf
Kavveri Defence & Wireless Technologies Limited,KAVDEFENCE,NSE,2026-10-08T14:23:41,announcement,"Certificate under SEBI (Depositories and Participants) Regulations, 2018",,https://nsearchives.nseindia.com/corporate/KAVVERITEL_08102026142327_74_5_30092026s.pdf
Premier Polyfilm Limited,PREMIERPOL,NSE,2026-10-08T14:22:29,announcement,"Certificate under SEBI (Depositories and Participants) Regulations, 2018",,https://nsearchives.nseindia.com/corporate/PREMIERPOL_08102026142203_certificate74.pdf
Aye Finance Limited,AYE,NSE,2026-10-08T14:21:13,announcement,Updates,,https://nsearchives.nseindia.com/corporate/AYEFINANCE_08102026142105_AYE_Intimation.pdf
Mangalore Refinery and Petrochemicals Limited,MRPL,NSE,2026-10-08T14:19:53,announcement,General Updates,,https://nsearchives.nseindia.com/corporate/MRPL_08102026141943_CoveringLetterSD.pdf
Sai Parenterals Limited,SAIPARENT,NSE,2026-10-08T14:19:45,announcement,"Certificate under SEBI (Depositories and Participants) Regulations, 2018",,https://nsearchives.nseindia.com/corporate/SAIPARENTERALS_08102026141907_DPReg74.pdf
NK Industries Limited,NKIND,NSE,2026-10-08T14:18:49,announcement,"Certificate under SEBI (Depositories and Participants) Regulations, 2018",,https://nsearchives.nseindia.com/corporate/NKIND_08102026141832_Covering_Letter_74_5_.pdf
Jana Small Finance Bank Limited,JSFB,NSE,2026-10-08T14:18:32,announcement,"Certificate under SEBI (Depositories and Participants) Regulations, 2018",,https://nsearchives.nseindia.com/corporate/sanath_rao_janabank_com_08102026141814_74.pdf
Birla Corporation Limited,BIRLACORPN,NSE,2026-10-08T14:16:39,announcement,"Certificate under SEBI (Depositories and Participants) Regulations, 2018",,https://nsearchives.nseindia.com/corporate/BIRLACORP1_08102026141616_Reg74_5_SEcov30092026.pdf
Windsor Machines Limited,WINDMACHIN,NSE,2026-10-08T14:16:09,announcement,Copy of Newspaper Publication,,https://nsearchives.nseindia.com/corporate/WINDMACHIN_08102026141602_Covering_Letter_for_Newspaper_Postal_Ballot.pdf
Adani Total Gas Limited,ATGL,NSE,2026-10-08T14:13:37,announcement,"Certificate under SEBI (Depositories and Participants) Regulations, 2018",,https://nsearchives.nseindia.com/corporate/ATGL2024_08102026141327_ATGL_SE_Reg_74_5_08102026.pdf
Quess Corp Limited,QUESS,NSE,2026-10-08T14:13:05,announcement,"Certificate under SEBI (Depositories and Participants) Regulations, 2018",,https://nsearchives.nseindia.com/corporate/Quesscorp_08102026141246_SE_Intimation_Reg_74_5_.pdf
S D Retail Limited,SDREAMS,NSE,2026-10-08T14:10:37,announcement,Structural Digital Database,,https://nsearchives.nseindia.com/corporate/SDRETAIL_08102026141025_SDD_Compliance_Certificate.pdf
TATA CONSUMER PRODUCTS LIMITED,TATACONSUM,NSE,2026-10-08T14:10:07,announcement,Updates,,https://nsearchives.nseindia.com/corporate/Sukhvinder_08102026140942_SE_Intimation_Income_taxorder_FY_201920.pdf
Embassy Developments Limited,EMBDL,NSE,2026-10-08T14:09:17,announcement,General Updates,,https://nsearchives.nseindia.com/corporate/EMBDL_08102026140727_EDL_KeyOp_Q2_2027.pdf
IBL Finance Limited,IBLFL,NSE,2026-10-08T14:05:58,announcement,Copy of Newspaper Publication,,https://nsearchives.nseindia.com/corporate/IBLFL_08102026140547_Newspaper_Advertisment_08102026.pdf
TCI Express Limited,TCIEXP,NSE,2026-10-08T14:05:18,announcement,"Certificate under SEBI (Depositories and Participants) Regulations, 2018",,https://nsearchives.nseindia.com/corporate/TCIEXP_08102026140506_StockExchangeIntimation30092026.pdf
Baazar Style Retail Limited,STYLEBAAZA,NSE,2026-10-08T14:05:08,announcement,Updates,,https://nsearchives.nseindia.com/corporate/BSRL2024_08102026140450_Addendum_to_Outcome_of_Board_Meeting_final-signed.pdf
Syrma SGS Technology Limited,SYRMA,NSE,2026-10-08T14:03:44,announcement,"Certificate under SEBI (Depositories and Participants) Regulations, 2018",,https://nsearchives.nseindia.com/corporate/SYRMASGS_08102026140322_Regulation74_5_Q2202627Signed.pdf
Galaxy Medicare Limited,GML,NSE,2026-10-08T14:00:03,announcement,"Certificate under SEBI (Depositories and Participants) Regulations, 2018",,https://nsearchives.nseindia.com/corporate/GALAXYMEDIPO_08102026135949_CERTIFICATE_UNDER__DEPOSITORIES_AND_PARTICIPANTS__REGULATION_2018.pdf
Balaji Telefilms Limited,BALAJITELE,NSE,2026-10-08T13:58:44,announcement,"Certificate under SEBI (Depositories and Participants) Regulations, 2018",,https://nsearchives.nseindia.com/corporate/BALAJITELE_08102026135830_REG74SEPT302026.pdf
Focus Lighting and Fixtures Limited,FOCUS,NSE,2026-10-08T13:57:38,announcement,Resignation of Statutory Auditor,,https://nsearchives.nseindia.com/corporate/FOCUS_ROSA_99976_KMP_Doc.zip
Focus Lighting and Fixtures Limited,FOCUS,NSE,2026-10-08T13:56:39,announcement,Resignation of Statutory Auditor,,https://nsearchives.nseindia.com/corporate/FOCUS_ROSA_99974_KMP_Doc.zip
Balaji Telefilms Limited,BALAJITELE,NSE,2026-10-08T13:56:27,announcement,Shareholders meeting,,https://nsearchives.nseindia.com/corporate/BALAJITELE_08102026135617_MinutesAGM.pdf
LEEL Electricals Limited,LEEL,NSE,2026-10-08T13:53:47,announcement,"Certificate under SEBI (Depositories and Participants) Regulations, 2018",,https://nsearchives.nseindia.com/corporate/LEEL_08102026134945_RTA_Certificate__74_5.pdf
Clay Craft India Limited,CLAYCRAFT,NSE,2026-10-08T13:53:40,announcement,Analysts/Institutional Investor Meet/Con. Call Updates,,https://nsearchives.nseindia.com/corporate/CLAYCRAFT_08102026135258_OutcomeofInvestorMeet08102026LalaramJi.pdf
Entertainment Network (India) Limited,ENIL,NSE,2026-10-08T13:47:28,announcement,"Certificate under SEBI (Depositories and Participants) Regulations, 2018",,https://nsearchives.nseindia.com/corporate/ENIL_08102026134718_ENIL20261008Reg74DPreg.pdf
Aartech Solonics Limited,AARTECH,NSE,2026-10-08T13:47:19,announcement,"Certificate under SEBI (Depositories and Participants) Regulations, 2018",,https://nsearchives.nseindia.com/corporate/AARTECH_08102026134705_Reg_74.pdf
Wealth First Portfolio Managers Limited,WEALTH,NSE,2026-10-08T13:47:06,announcement,"Certificate under SEBI (Depositories and Participants) Regulations, 2018",,https://nsearchives.nseindia.com/corporate/WEALTH_08102026134642_CertificateUnderReg74__5_.pdf
Fermenta Biotech Limited,FERMENTA,NSE,2026-10-08T13:47:04,announcement,"Certificate under SEBI (Depositories and Participants) Regulations, 2018",,https://nsearchives.nseindia.com/corporate/FERMENTABIOTECH_08102026134657_Coverlettercertificate74_5_.pdf
Anant Raj Limited,ANANTRAJ,NSE,2026-10-08T13:46:54,announcement,"Certificate under SEBI (Depositories and Participants) Regulations, 2018",,https://nsearchives.nseindia.com/corporate/ANANTRAJ_08102026134636_Certificate_Reg_74_5_.pdf
PC Jeweller Limited,PCJEWELLER,NSE,2026-10-08T13:44:34,announcement,"Certificate under SEBI (Depositories and Participants) Regulations, 2018",,https://nsearchives.nseindia.com/corporate/PCJEWELLER_08102026134423_Regulation74_5_.pdf
Amiable Logistics (India) Limited,AMIABLE,NSE,2026-10-08T13:44:17,announcement,"Certificate under SEBI (Depositories and Participants) Regulations, 2018",,https://nsearchives.nseindia.com/corporate/AMIABLE_08102026133335_Final_Regulation_74_5__Certificate.pdf
Exicom Tele-Systems Limited,EXICOM,NSE,2026-10-08T13:42:03,announcement,"Certificate under SEBI (Depositories and Participants) Regulations, 2018",,https://nsearchives.nseindia.com/corporate/EXICOM_08102026134124_Intimation745combinedsigned.pdf
Indian Overseas Bank,IOB,NSE,2026-10-08T13:41:20,announcement,"Certificate under SEBI (Depositories and Participants) Regulations, 2018",,https://nsearchives.nseindia.com/corporate/IOB_08102026134054_FINAL_UPLOAD_FILE.pdf
OBSC Perfection Limited,OBSCP,NSE,2026-10-08T13:41:18,announcement,Bagging/Receiving of orders/contracts,,https://nsearchives.nseindia.com/corporate/OBSCPERFECTION_08102026134109_OBSCP_Disclosure_Receipt_of_Purchase_Order.pdf
Phoenix Overseas Limited,PHOGLOBAL,NSE,2026-10-08T13:38:50,announcement,"Certificate under SEBI (Depositories and Participants) Regulations, 2018",,https://nsearchives.nseindia.com/corporate/PHOGLOBAL_08102026133818_Reg74_5__Q2_Sept_26.pdf
Dar Credit & Capital Limited,DCCL,NSE,2026-10-08T13:37:59,announcement,Updates,,https://nsearchives.nseindia.com/corporate/DARCREDIT_08102026133628_Integrated_Filing_Governance.pdf
Univastu India Limited,UNIVASTU,NSE,2026-10-08T13:35:19,announcement,General Updates,,https://nsearchives.nseindia.com/corporate/UNIVASTU_08102026133501_Update_Subsidiary_incorporation_UNL.pdf
Univastu India Limited,UNIVASTU,NSE,2026-10-08T13:33:41,announcement,General Updates,,https://nsearchives.nseindia.com/corporate/UNIVASTU_08102026133329_RevisedIntimation_Subsidiary_incorporation_UUK.pdf
Phoenix Overseas Limited,PHOGLOBAL,NSE,2026-10-08T13:33:38,announcement,Updates,,https://nsearchives.nseindia.com/corporate/PHOGLOBAL_08102026133323_InvestorsComplaints_Q2_Sept_26.pdf
Archies Limited,ARCHIES,NSE,2026-10-08T13:32:15,announcement,"Certificate under SEBI (Depositories and Participants) Regulations, 2018",,https://nsearchives.nseindia.com/corporate/pankaj_08102026133207_Certificate_74_5__NSE_BSE.pdf
Brigade Enterprises Limited,BRIGADE,NSE,2026-10-08T13:29:22,announcement,Press Release,,https://nsearchives.nseindia.com/corporate/BRIGADE_08102026132909_Press_Release_Presentation.pdf
Hy-Tech Engineers Limited,HTEL,NSE,2026-10-08T13:27:57,announcement,"Certificate under SEBI (Depositories and Participants) Regulations, 2018",,https://nsearchives.nseindia.com/corporate/HYTECH_08102026132732_Cover_certificate.pdf
Tata Communications Limited,TATACOMM,NSE,2026-10-08T13:26:15,announcement,Change in Director(s),,https://nsearchives.nseindia.com/corporate/TATACOMM_08102026132547_18519.pdf
The State Trading Corporation of India Limited,STCINDIA,NSE,2026-10-08T13:24:53,announcement,Updates,,https://nsearchives.nseindia.com/corporate/STCINDIA_08102026132406_INTIMATION_08102026.pdf
Gayatri Projects Limited,GAYAPROJ,NSE,2026-10-08T13:20:39,announcement,"Certificate under SEBI (Depositories and Participants) Regulations, 2018",,https://nsearchives.nseindia.com/corporate/GAYAPROJ_08102026131938_Reg_74_5__30092026.pdf
ABM International Limited,ABMINTLLTD,NSE,2026-10-08T13:20:35,announcement,"Certificate under SEBI (Depositories and Participants) Regulations, 2018",,https://nsearchives.nseindia.com/corporate/ABMINTLLTD_08102026131705_74_5__ABM_INTERNATIONAL_LIMITED.pdf
Oil & Natural Gas Corporation Limited,ONGC,NSE,2026-10-08T13:17:19,announcement,General Updates,,https://nsearchives.nseindia.com/corporate/ONGC_08102026131706_petrochemjv08102026.pdf
Raymond Realty Limited,RAYMONDREL,NSE,2026-10-08T13:16:38,announcement,Shareholders meeting,,https://nsearchives.nseindia.com/corporate/RRL_08102026131630_SE_Proceedings.pdf
Travel Food Services Limited,TRAVELFOOD,NSE,2026-10-08T13:16:05,announcement,Updates,,https://nsearchives.nseindia.com/corporate/TRAVELFOOD_08102026130349_TFSDividendPaymentLetter08102026.pdf
Ather Energy Limited,ATHERENERG,NSE,2026-10-08T13:16:04,announcement,"Certificate under SEBI (Depositories and Participants) Regulations, 2018",,https://nsearchives.nseindia.com/corporate/ATHERENERGY_08102026131545_Reg74signed.pdf
Saurashtra Cement Limited,SAURASHCEM,NSE,2026-10-08T13:15:37,announcement,"Certificate under SEBI (Depositories and Participants) Regulations, 2018",,https://nsearchives.nseindia.com/corporate/Saurashtra_08102026131503_RegulationsignletterSept2026.pdf
Vedanta Power Limited,VEDPOWER,NSE,2026-10-08T13:14:24,announcement,"Certificate under SEBI (Depositories and Participants) Regulations, 2018",,https://nsearchives.nseindia.com/corporate/VedantaPower_08102026131331_VPLSEIntimationReg74Signed.pdf
Alok Industries Limited,ALOKINDS,NSE,2026-10-08T13:13:51,announcement,"Certificate under SEBI (Depositories and Participants) Regulations, 2018",,https://nsearchives.nseindia.com/corporate/ALOKIND_08102026131331_20261009-Stock_Exchange_Reg74.pdf
The Phoenix Mills Limited,PHOENIXLTD,NSE,2026-10-08T13:13:41,announcement,"Certificate under SEBI (Depositories and Participants) Regulations, 2018",,https://nsearchives.nseindia.com/corporate/PHOENIXLTD_08102026131334_PML_Reg74_5__sd.pdf
Vraj Iron and Steel Limited,VRAJ,NSE,2026-10-08T13:13:36,announcement,"Certificate under SEBI (Depositories and Participants) Regulations, 2018",,https://nsearchives.nseindia.com/corporate/VISL_08102026131314_Certificate_RTA.pdf
Kabra Extrusion Technik Limited,KABRAEXTRU,NSE,2026-10-08T13:13:08,announcement,General Updates,,https://nsearchives.nseindia.com/corporate/KABRAEXTRU_08102026131259_Intimation_Successful_Execution.pdf
Dr. Lal Path Labs Ltd.,LALPATHLAB,NSE,2026-10-08T13:12:43,announcement,General Updates,,https://nsearchives.nseindia.com/corporate/LALPATHLAB_08102026130353_IncomeTax08102026.pdf
Vedanta Limited,VEDL,NSE,2026-10-08T13:11:55,announcement,Dividend,,https://nsearchives.nseindia.com/corporate/VEDL_08102026131108_SEIntimationOutcomeofBM1stInterimDividendsigned.pdf
Molbio Diagnostics Limited,MOLBIO,NSE,2026-10-08T13:11:21,announcement,"Certificate under SEBI (Depositories and Participants) Regulations, 2018",,https://nsearchives.nseindia.com/corporate/MOLBIO_08102026131105_Certificate_under_74_5_.pdf
Globe Civil Projects Limited,GLOBECIVIL,NSE,2026-10-08T13:11:08,announcement,"Certificate under SEBI (Depositories and Participants) Regulations, 2018",,https://nsearchives.nseindia.com/corporate/GLOBE2024_08102026131056_Intimation.pdf
Max Estates Limited,MAXESTATES,NSE,2026-10-08T13:11:06,announcement,Pendency of Litigation(s)/dispute(s) or the outcome impacting the Company,,https://nsearchives.nseindia.com/corporate/MEL_08102026130642_20261008ShowCauseNoticeMEL.pdf
Senores Pharmaceuticals Limited,SENORES,NSE,2026-10-08T13:10:34,announcement,"Certificate under SEBI (Depositories and Participants) Regulations, 2018",,https://nsearchives.nseindia.com/corporate/SENORES_08102026131027_Intimationunderregulation74.pdf
EMS Limited,EMSLIMITED,NSE,2026-10-08T13:08:51,announcement,Bagging/Receiving of orders/contracts,,https://nsearchives.nseindia.com/corporate/EMSLIMITED_08102026130838_Intimation_LOA_Jodhpur.pdf
Shalby Limited,SHALBY,NSE,2026-10-08T13:07:57,announcement,Copy of Newspaper Publication,,https://nsearchives.nseindia.com/corporate/SHALBYLTD_08102026130719_58NewspaperAdIEPF.pdf
Aarti Industries Limited,AARTIIND,NSE,2026-10-08T13:06:05,announcement,Copy of Newspaper Publication,,https://nsearchives.nseindia.com/corporate/AARTIIND_08102026130538_AARTIIND_Newspaper.pdf
Hindustan Copper Limited,HINDCOPPER,NSE,2026-10-08T13:04:39,announcement,"Certificate under SEBI (Depositories and Participants) Regulations, 2018",,https://nsearchives.nseindia.com/corporate/HINDCOPPERMKD_08102026130411_Regulation74_5.pdf
Yaap Digital Limited,YAAP,NSE,2026-10-08T13:04:01,announcement,Change in Auditors,,https://nsearchives.nseindia.com/corporate/YAAPDIGITAL_08102026130353_Outcome_BM_08-10-2026.pdf
Yaap Digital Limited,YAAP,NSE,2026-10-08T13:02:42,announcement,Appointment,,https://nsearchives.nseindia.com/corporate/YAAPDIGITAL_08102026130232_Outcome_BM_08-10-2026.pdf
TGB Banquets And Hotels Limited,TGBHOTELS,NSE,2026-10-08T13:02:38,announcement,"Certificate under SEBI (Depositories and Participants) Regulations, 2018",,https://nsearchives.nseindia.com/corporate/TGBHOTELS_08102026130227_Regulation_74_5_.pdf
Wanbury Limited,WANBURY,NSE,2026-10-08T13:01:39,announcement,Press Release,,https://nsearchives.nseindia.com/corporate/WANBURY_08102026130129_PressRelease.pdf
Dar Credit & Capital Limited,DCCL,NSE,2026-10-08T13:00:32,announcement,"Certificate under SEBI (Depositories and Participants) Regulations, 2018",,https://nsearchives.nseindia.com/corporate/DARCREDIT_08102026130021_Certificate_under_Reg_74_5_.pdf
P. E. Analytics Limited,PROPEQUITY,NSE,2026-10-08T13:00:17,announcement,Shareholders meeting,,https://nsearchives.nseindia.com/corporate/PROPEQUITY_08102026130001_IntimationofEGM.pdf
Tejas Networks Limited,TEJASNET,NSE,2026-10-08T13:00:10,announcement,Press Release,,https://nsearchives.nseindia.com/corporate/TEJASNET_08102026125953_Tejas_Press_Release.pdf
National Fertilizers Limited,NFL,NSE,2026-10-08T12:58:50,announcement,Copy of Newspaper Publication,,https://nsearchives.nseindia.com/corporate/NFL_08102026125817_signedNSErelodgement.pdf
Insolation Energy Limited,INA,NSE,2026-10-08T12:53:19,announcement,"Certificate under SEBI (Depositories and Participants) Regulations, 2018",,https://nsearchives.nseindia.com/corporate/INA_08102026125054_BSE_NSE_Regulation_74_5__08_10_2026.pdf
Ecos (India) Mobility & Hospitality Limited,ECOSMOBLTY,NSE,2026-10-08T12:52:30,announcement,"Certificate under SEBI (Depositories and Participants) Regulations, 2018",,https://nsearchives.nseindia.com/corporate/7303087361_08102026125215_74__5__Sep_2026.pdf
P. E. Analytics Limited,PROPEQUITY,NSE,2026-10-08T12:51:53,announcement,Outcome of Board Meeting,,https://nsearchives.nseindia.com/corporate/PROPEQUITY_08102026124958_OutcomeofBM.pdf
Dhanlaxmi Bank Limited,DHANBANK,NSE,2026-10-08T12:50:42,announcement,"Certificate under SEBI (Depositories and Participants) Regulations, 2018",,https://nsearchives.nseindia.com/corporate/DHANBANK_08102026125005_Reg74.pdf
Divyadhan Recycling Industries Limited,DIVYADHAN,NSE,2026-10-08T12:50:29,announcement,Integrated Filing- Governance,,https://nsearchives.nseindia.com/corporate/DRIL_08102026125013_Regulation_13_DRIL.pdf
Piccadily Agro Industries Limited,PICCADIL,NSE,2026-10-08T12:50:27,announcement,"Certificate under SEBI (Depositories and Participants) Regulations, 2018",,https://nsearchives.nseindia.com/corporate/CSPICCADILY_08102026125015_AGRO74_5_26final.pdf
S.A.L. Steel Limited,SALSTEEL,NSE,2026-10-08T12:50:01,announcement,"Certificate under SEBI (Depositories and Participants) Regulations, 2018",,https://nsearchives.nseindia.com/corporate/SALSTEEL_08102026124946_Compliance_Cer_74_5_.pdf
Cineline India Limited,CINELINE,NSE,2026-10-08T12:49:32,announcement,"Certificate under SEBI (Depositories and Participants) Regulations, 2018",,https://nsearchives.nseindia.com/corporate/CINELINE_08102026124917_Regulation_74_5__Cineline_India_Limited.pdf
Antony Waste Handling Cell Limited,AWHCL,NSE,2026-10-08T12:48:32,announcement,Giving guarantees/indemnity/ becoming a surety for third party,,https://nsearchives.nseindia.com/corporate/AWHCLP_08102026124820_AWHCLCorporateGuarantee08102026.pdf
Zydus Wellness Limited,ZYDUSWELL,NSE,2026-10-08T12:46:43,announcement,"Certificate under SEBI (Depositories and Participants) Regulations, 2018",,https://nsearchives.nseindia.com/corporate/ZYDUSWELL_08102026124558_SEintimationReg745.pdf
Aarey Drugs & Pharmaceuticals Limited,AAREYDRUGS,NSE,2026-10-08T12:46:41,announcement,"Certificate under SEBI (Depositories and Participants) Regulations, 2018",,https://nsearchives.nseindia.com/corporate/AAREYDRUGS_08102026124630_74_5__sf.pdf
Ganesh Infraworld Limited,GANESHIN,NSE,2026-10-08T12:46:39,announcement,"Certificate under SEBI (Depositories and Participants) Regulations, 2018",,https://nsearchives.nseindia.com/corporate/GANESHINFRA_08102026124619_Letter_to_SE-08102026-s.pdf
Nuvama Wealth Management Limited,NUVAMA,NSE,2026-10-08T12:46:14,announcement,"Certificate under SEBI (Depositories and Participants) Regulations, 2018",,https://nsearchives.nseindia.com/corporate/NWML_08102026124514_SE_74_5__-_F.pdf
AION-TECH SOLUTIONS LIMITED,GOLDTECH,NSE,2026-10-08T12:45:58,announcement,"Certificate under SEBI (Depositories and Participants) Regulations, 2018",,https://nsearchives.nseindia.com/corporate/GOLDTECH_08102026124423_SCR_ATS_Q2.pdf
Sona BLW Precision Forgings Limited,SONACOMS,NSE,2026-10-08T12:45:04,announcement,"Certificate under SEBI (Depositories and Participants) Regulations, 2018",,https://nsearchives.nseindia.com/corporate/SONACOMS_08102026124442_74.pdf
Jindal Supreme (India) Limited,JSIPL,NSE,2026-10-08T12:42:24,announcement,Appointment,,https://nsearchives.nseindia.com/corporate/JINDALSUPREME_08102026124201_Regulation_30_Intimation__Appointment_of_SMP-1.pdf
Brigade Enterprises Limited,BRIGADE,NSE,2026-10-08T12:41:35,announcement,Press Release,,https://nsearchives.nseindia.com/corporate/BRIGADE_08102026124120_28PressReleaseBrigadeGroupCompleting40Years.pdf
Manba Finance Limited,MANBA,NSE,2026-10-08T12:41:25,announcement,Analysts/Institutional Investor Meet/Con. Call Updates,,https://nsearchives.nseindia.com/corporate/MANBA_08102026123957_SEIntimationsd.pdf
21st Century Management Services Limited,21STCENMGM,NSE,2026-10-08T12:39:27,announcement,"Certificate under SEBI (Depositories and Participants) Regulations, 2018",,https://nsearchives.nseindia.com/corporate/21STCENMGM_08102026123915_21STCENMGM745REPORTSEP2026.pdf
Interarch Building Solutions Limited,INTERARCH,NSE,2026-10-08T12:37:47,announcement,"Certificate under SEBI (Depositories and Participants) Regulations, 2018",,https://nsearchives.nseindia.com/corporate/INTERARCH1983_08102026123737_Intimation74_5_.pdf
GM Breweries Limited,GMBREW,NSE,2026-10-08T12:36:34,announcement,Outcome of Board Meeting,,https://nsearchives.nseindia.com/corporate/sab65d_08102026123516_outcome.pdf
Sahyadri Industries Limited,SAHYADRI,NSE,2026-10-08T12:35:20,announcement,"Certificate under SEBI (Depositories and Participants) Regulations, 2018",,https://nsearchives.nseindia.com/corporate/SAHYADRI_08102026123455_Regulation74_5_Q2FY27.pdf
Aditya Infotech Limited,CPPLUS,NSE,2026-10-08T12:33:43,announcement,"Certificate under SEBI (Depositories and Participants) Regulations, 2018",,https://nsearchives.nseindia.com/corporate/CPPLUS_08102026123246_signedstx.pdf
Skytech Infinite Platform Limited,SKYTECH,NSE,2026-10-08T12:33:25,announcement,"Certificate under SEBI (Depositories and Participants) Regulations, 2018",,https://nsearchives.nseindia.com/corporate/SKYTECH_08102026123228_Skytech_74_5__Certificate_form_RTA_Quarterly.pdf
Deccan Transcon Leasing Limited,DECCANTRAN,NSE,2026-10-08T12:33:17,announcement,"Certificate under SEBI (Depositories and Participants) Regulations, 2018",,https://nsearchives.nseindia.com/corporate/DECCAN_08102026122843_Reg_74_5__intimation_to_stock_exchange_signed.pdf
WE WIN LIMITED,WEWIN,NSE,2026-10-08T12:32:20,announcement,"Certificate under SEBI (Depositories and Participants) Regulations, 2018",,https://nsearchives.nseindia.com/corporate/SUREVIN_08102026123000_Certificate.pdf
Union Bank of India,UNIONBANK,NSE,2026-10-08T12:28:50,announcement,Credit Rating,,https://nsearchives.nseindia.com/corporate/UNIONBANK_08102026122830_CreditRating_Care_08102026.pdf
Advani Hotels & Resorts (India) Limited,ADVANIHOTR,NSE,2026-10-08T12:26:47,announcement,"Certificate under SEBI (Depositories and Participants) Regulations, 2018",,https://nsearchives.nseindia.com/corporate/ADVANIHOTR_08102026122624_20261008_Regu74Cert.pdf
Ganesh Benzoplast Limited,GANESHBE,NSE,2026-10-08T12:26:02,announcement,Copy of Newspaper Publication,,https://nsearchives.nseindia.com/corporate/GANESHBE_08102026122543_NewspaperPublicationSpecialwindow07102026.pdf
Poonawalla Fincorp Limited,POONAWALLA,NSE,2026-10-08T12:25:32,announcement,"Certificate under SEBI (Depositories and Participants) Regulations, 2018",,https://nsearchives.nseindia.com/corporate/POONAWALLA_08102026122524_PFL_Reg_74_5__Q2_FY27.pdf
Cedaar Textile Limited,CEDAAR,NSE,2026-10-08T12:24:33,announcement,Record Date,,https://nsearchives.nseindia.com/corporate/CEDAAR_08102026122305_Intimation_to_NSE_signed.pdf
ICICI Prudential Life Insurance Company Limited,ICICIPRULI,NSE,2026-10-08T12:23:57,announcement,General Updates,,https://nsearchives.nseindia.com/corporate/ICICIPRULI_08102026122339_SE_monthly_business_presentation_September_2026.pdf
HDFC Bank Limited,HDFCBANK,NSE,2026-10-08T12:23:50,announcement,General Updates,,https://nsearchives.nseindia.com/corporate/HDFCBANK3_08102026122324_SE_Intimation-_Newspaper_adv.pdf
A-One Steels India Limited,AONESTEELS,NSE,2026-10-08T12:22:52,announcement,Disruption of Operations,,https://nsearchives.nseindia.com/corporate/AONESTEELS_08102026122150_SE_Intimation_signed.pdf
Orkla India Limited,ORKLAINDIA,NSE,2026-10-08T12:22:49,announcement,"Certificate under SEBI (Depositories and Participants) Regulations, 2018",,https://nsearchives.nseindia.com/corporate/ORKLA2025_08102026122229_SIGNEDINTIMATION.pdf
M & B Engineering Limited,MBEL,NSE,2026-10-08T12:22:23,announcement,"Certificate under SEBI (Depositories and Participants) Regulations, 2018",,https://nsearchives.nseindia.com/corporate/MBENG_08102026122209_Intimation.pdf
Singer India Limited,SINGERIND,NSE,2026-10-08T12:20:55,announcement,"Certificate under SEBI (Depositories and Participants) Regulations, 2018",,https://nsearchives.nseindia.com/corporate/SINGERINDIA_08102026122034_Intimation_74.pdf
Bharat Heavy Electricals Limited,BHEL,NSE,2026-10-08T12:20:40,announcement,"Certificate under SEBI (Depositories and Participants) Regulations, 2018",,https://nsearchives.nseindia.com/corporate/BHEL_08102026121937_certificate.pdf
Glass Wall Systems (India) Limited,GLASSWALL,NSE,2026-10-08T12:19:24,announcement,"Certificate under SEBI (Depositories and Participants) Regulations, 2018",,https://nsearchives.nseindia.com/corporate/GLASSWALL_08102026121910_2026_10_08_-_Covering_-_Regulation_74_5_.pdf
Rudrabhishek Enterprises Limited,REPL,NSE,2026-10-08T12:19:10,announcement,Cessation,,https://nsearchives.nseindia.com/corporate/REPL_08102026121158_Announcement_Resignation_of_CFO.pdf
SPL Industries Limited,SPLIL,NSE,2026-10-08T12:19:00,announcement,General Updates,,https://nsearchives.nseindia.com/corporate/SPLIL_08102026121827_Reg30disclosuresSPL.pdf
Triveni Engineering & Industries Limited,TRIVENI,NSE,2026-10-08T12:15:58,announcement,Updates,,https://nsearchives.nseindia.com/corporate/TRIVENI_08102026121551_TEIL_74_5_SEP26.pdf
Dolphin Offshore Enterprises (India) Limited,DOLPHIN,NSE,2026-10-08T12:15:32,announcement,"Certificate under SEBI (Depositories and Participants) Regulations, 2018",,https://nsearchives.nseindia.com/corporate/DOLPHINOFFSHORE_08102026121520_Intimation.pdf
Laxmi Dental Limited,LAXMIDENTL,NSE,2026-10-08T12:15:20,announcement,"Certificate under SEBI (Depositories and Participants) Regulations, 2018",,https://nsearchives.nseindia.com/corporate/LAXMI_08102026121459_Regulation_74.pdf
Sahasra Electronic Solutions Limited,SAHASRA,NSE,2026-10-08T12:13:53,announcement,Quarterly Compliance Report on Corporate governance - within 21 days from the end of the quarter,,https://nsearchives.nseindia.com/corporate/SAHASRA_08102026121339_non_applicability_of_corporate_governance_report__2_.pdf
Greenlam Industries Limited,GREENLAM,NSE,2026-10-08T12:11:58,announcement,"Certificate under SEBI (Depositories and Participants) Regulations, 2018",,https://nsearchives.nseindia.com/corporate/GREENLAMAW_08102026121139_Certificate_under_Reg_74.pdf
Ador Welding Limited,ADOR,NSE,2026-10-08T12:11:53,announcement,"Certificate under SEBI (Depositories and Participants) Regulations, 2018",,https://nsearchives.nseindia.com/corporate/ADORWELD_08102026121140_Cover_letter_Reg74_5_sd.pdf
Maks Energy Solutions India Limited,MAKS,NSE,2026-10-08T12:11:14,announcement,"Certificate under SEBI (Depositories and Participants) Regulations, 2018",,https://nsearchives.nseindia.com/corporate/MAKSGROUP_08102026121049_74530926.pdf
Divyadhan Recycling Industries Limited,DIVYADHAN,NSE,2026-10-08T12:10:48,announcement,Quarterly Compliance Report on Corporate governance - within 21 days from the end of the quarter,,https://nsearchives.nseindia.com/corporate/DRIL_08102026121015_Covering_letter_for_reg_27_sd.pdf
DEE Development Engineers Limited,DEEDEV,NSE,2026-10-08T12:10:29,announcement,Bagging/Receiving of orders/contracts,,https://nsearchives.nseindia.com/corporate/DDEL_08102026120956_NSEBSE_DFIPL_order.pdf
Stel Holdings Limited,STEL,NSE,2026-10-08T12:10:20,announcement,"Certificate under SEBI (Depositories and Participants) Regulations, 2018",,https://nsearchives.nseindia.com/corporate/STEL_08102026120825_REG745300926UPLOAD.pdf
Servotech Renewable Power System Limited,SERVOTECH,NSE,2026-10-08T12:10:07,announcement,"Certificate under SEBI (Depositories and Participants) Regulations, 2018",,https://nsearchives.nseindia.com/corporate/SERVOTECH_08102026120736_NSE_74_5___3___1_.pdf
Railtel Corporation Of India Limited,RAILTEL,NSE,2026-10-08T12:09:27,announcement,Bagging/Receiving of orders/contracts,,https://nsearchives.nseindia.com/corporate/RAILTEL_08102026120917_Railtel_Order_Book_Company_Rep_081026.pdf
Landmark Cars Limited,LANDMARK,NSE,2026-10-08T12:08:40,announcement,"Certificate under SEBI (Depositories and Participants) Regulations, 2018",,https://nsearchives.nseindia.com/corporate/LANDMARK_08102026120557_Regulation74_5_DPRegulationSep2026.pdf
Divyadhan Recycling Industries Limited,DIVYADHAN,NSE,2026-10-08T12:08:21,announcement,"Certificate under SEBI (Depositories and Participants) Regulations, 2018",,https://nsearchives.nseindia.com/corporate/DRIL_08102026120804_Regulation_74_DRIL.pdf
Gopal Snacks Limited,GOPAL,NSE,2026-10-08T12:08:09,announcement,"Certificate under SEBI (Depositories and Participants) Regulations, 2018",,https://nsearchives.nseindia.com/corporate/GOPALSNACKS_08102026120755_GSLReg74_5_.pdf
Samvardhana Motherson International Limited,MOTHERSON,NSE,2026-10-08T12:08:07,announcement,Updates,,https://nsearchives.nseindia.com/corporate/MOTHERSON_08102026120642_Disclosure-Regulation74_5_.pdf
Alembic Pharmaceuticals Limited,APLLTD,NSE,2026-10-08T12:08:04,announcement,Copy of Newspaper Publication,,https://nsearchives.nseindia.com/corporate/APLLTD_08102026120732_APL_SE_Advt_Intimation_signed.pdf
HCL Technologies Limited,HCLTECH,NSE,2026-10-08T12:07:58,announcement,Updates,,https://nsearchives.nseindia.com/corporate/HCLTECH_08102026115718_Release8October2026.pdf
Mcleod Russel India Limited,MCLEODRUSS,NSE,2026-10-08T12:06:42,announcement,"Certificate under SEBI (Depositories and Participants) Regulations, 2018",,https://nsearchives.nseindia.com/corporate/MCLEODRUSS_08102026120556_Disclosure.pdf
Auro Impex  & Chemicals Limited,AUROIMPEX,NSE,2026-10-08T12:05:33,announcement,"Certificate under SEBI (Depositories and Participants) Regulations, 2018",,https://nsearchives.nseindia.com/corporate/AUROIMPEX_08102026120506_Certificate_under_Reg_74_5_.pdf
Striders Impex Limited,STRIDERS,NSE,2026-10-08T12:04:55,announcement,"Certificate under SEBI (Depositories and Participants) Regulations, 2018",,https://nsearchives.nseindia.com/corporate/9167865253_08102026120342_Regulation_74_5__of_SEBI_DP_September_2026.pdf
Shah Alloys Limited,SHAHALLOYS,NSE,2026-10-08T12:04:45,announcement,"Certificate under SEBI (Depositories and Participants) Regulations, 2018",,https://nsearchives.nseindia.com/corporate/SHAHALLOYS_08102026120426_SE_REG_74_5__DP_SHAH_30092026.pdf
Piramal Finance Limited,PIRAMALFIN,NSE,2026-10-08T11:58:59,announcement,Allotment of Securities,,https://nsearchives.nseindia.com/corporate/PiramalFin_08102026115741_PFL_COD_Allotment_Oct2026.pdf
Saatvik Green Energy Limited,SAATVIKGL,NSE,2026-10-08T11:58:50,announcement,"Certificate under SEBI (Depositories and Participants) Regulations, 2018",,https://nsearchives.nseindia.com/corporate/SAATVIK_08102026115355_Intimation_under_Reg_74_5__signed.pdf
Mahanagar Telephone Nigam Limited,MTNL,NSE,2026-10-08T11:57:37,announcement,Credit Rating,,https://nsearchives.nseindia.com/corporate/MTNL_08102026115653_SD_SE_R_08102026.pdf
Kritika Wires Limited,KRITIKA,NSE,2026-10-08T11:55:40,announcement,"Certificate under SEBI (Depositories and Participants) Regulations, 2018",,https://nsearchives.nseindia.com/corporate/KRITIKA_08102026115439_Kritika_Regulation_74_5__Certificate_30092026.pdf
ABH Healthcare Limited,ABH,NSE,2026-10-08T11:54:26,announcement,Resignation of Director/KMP/SMP,,https://nsearchives.nseindia.com/corporate/ABH_ROID_99966_KMP_Doc.zip
Finkurve Financial Services Limited,FINKURVE,NSE,2026-10-08T11:51:50,announcement,"Certificate under SEBI (Depositories and Participants) Regulations, 2018",,https://nsearchives.nseindia.com/corporate/FINKURVE_08102026115137_Intimation.pdf
SMC Global Securities Limited,SMCGLOBAL,NSE,2026-10-08T11:50:38,announcement,Committee Meeting Updates,,https://nsearchives.nseindia.com/corporate/SMCGLOBAL_08102026114916_Committee_Meeting_Outcome.pdf
Akme Fintrade (India) Limited,AFIL,NSE,2026-10-08T11:48:42,announcement,"Certificate under SEBI (Depositories and Participants) Regulations, 2018",,https://nsearchives.nseindia.com/corporate/AKMEFINTRADE_08102026114352_Intimation_signed.pdf
Vaibhav Global Limited,VAIBHAVGBL,NSE,2026-10-08T11:47:24,announcement,"Certificate under SEBI (Depositories and Participants) Regulations, 2018",,https://nsearchives.nseindia.com/corporate/VAIBHAVGBL_08102026114624_Regulation_74_5_SE.pdf
Rategain Travel Technologies Limited,RATEGAIN,NSE,2026-10-08T11:47:17,announcement,Press Release,,https://nsearchives.nseindia.com/corporate/RATEGAIN_08102026114658_RG_PR_081026.pdf
Virtual Galaxy Infotech Limited,VGINFOTECH,NSE,2026-10-08T11:46:32,announcement,Integrated Filing- Governance,,https://nsearchives.nseindia.com/corporate/VIRTUAL_08102026114613_2-_Non-Applicability_of_Corporate_Governance.pdf
Rossell India Limited,ROSSELLIND,NSE,2026-10-08T11:46:27,announcement,"Certificate under SEBI (Depositories and Participants) Regulations, 2018",,https://nsearchives.nseindia.com/corporate/ROSSELLIND_08102026114605_Certificate_Under_Regulation_74_5__DP_Regulations_30092026.pdf
Ganesh Green Bharat Limited,GGBL,NSE,2026-10-08T11:46:08,announcement,"Certificate under SEBI (Depositories and Participants) Regulations, 2018",,https://nsearchives.nseindia.com/corporate/GANESH_08102026114458_Certificate_under_Regulation_74_5__of_the_SEBI_30092026.pdf
Dhanuka Infra Realty Limited,DIRL,NSE,2026-10-08T11:44:32,announcement,"Certificate under SEBI (Depositories and Participants) Regulations, 2018",,https://nsearchives.nseindia.com/corporate/DRL_08102026114422_Attachment.pdf
SJVN Limited,SJVN,NSE,2026-10-08T11:42:45,announcement,"Certificate under SEBI (Depositories and Participants) Regulations, 2018",,https://nsearchives.nseindia.com/corporate/SJVN_08102026114235_74.pdf
Nandan Denim Limited,NDL,NSE,2026-10-08T11:42:16,announcement,"Certificate under SEBI (Depositories and Participants) Regulations, 2018",,https://nsearchives.nseindia.com/corporate/NDL_08102026114202_intimation.pdf
Agarwal Float Glass India Limited,AGARWALFT,NSE,2026-10-08T11:41:59,announcement,"Certificate under SEBI (Depositories and Participants) Regulations, 2018",,https://nsearchives.nseindia.com/corporate/AGARWALFLOAT_08102026114150_FLOAT_REG74.pdf
Ramco Industries Limited,RAMCOIND,NSE,2026-10-08T11:41:21,announcement,"Certificate under SEBI (Depositories and Participants) Regulations, 2018",,https://nsearchives.nseindia.com/corporate/RAMCOIND_08102026114043_Reg74_5__Q2_202627.pdf
Virtual Galaxy Infotech Limited,VGINFOTECH,NSE,2026-10-08T11:37:42,announcement,"Certificate under SEBI (Depositories and Participants) Regulations, 2018",,https://nsearchives.nseindia.com/corporate/VIRTUAL_08102026113714_1-Intimation_under_Reg_74_5_.pdf
Baba Food Processing (India) Limited,BABAFP,NSE,2026-10-08T11:36:59,announcement,Quarterly Compliance Report on Corporate governance - within 21 days from the end of the quarter,,https://nsearchives.nseindia.com/corporate/BABAFOOD_08102026113650_CG_Non_Applicability_Certificate.pdf
Globale Tessile Limited,GLOBALE,NSE,2026-10-08T11:36:31,announcement,"Certificate under SEBI (Depositories and Participants) Regulations, 2018",,https://nsearchives.nseindia.com/corporate/GLOBALE_08102026113609_GTL74_5_Signed.pdf
Housing & Urban Development Corporation Limited,HUDCO,NSE,2026-10-08T11:36:14,announcement,"Certificate under SEBI (Depositories and Participants) Regulations, 2018",,https://nsearchives.nseindia.com/corporate/HUDCO_08102026113432_BSENSE_Reg_74_5_.pdf
TVS Srichakra Limited,TVSSRICHAK,NSE,2026-10-08T11:35:39,announcement,General Updates,,https://nsearchives.nseindia.com/corporate/TVSSRICHAK_08102026113453_Reg30Intimationfordisinvestment08102026.pdf
Pashupati Cotspin Limited,PASHUPATI,NSE,2026-10-08T11:34:59,announcement,Copy of Newspaper Publication,,https://nsearchives.nseindia.com/corporate/PASHUPATI_08102026113451_Intimation_of_Newspaper_Publication.pdf
OCCL Limited,OCCLLTD,NSE,2026-10-08T11:32:23,announcement,General Updates,,https://nsearchives.nseindia.com/corporate/OCCLLTD_08102026113211_CVDIntimationsigned.pdf
Baba Food Processing (India) Limited,BABAFP,NSE,2026-10-08T11:31:15,announcement,"Certificate under SEBI (Depositories and Participants) Regulations, 2018",,https://nsearchives.nseindia.com/corporate/BABAFOOD_08102026113107_Compliance_Certificate.pdf
Patel Retail Limited,PATELRMART,NSE,2026-10-08T11:26:24,announcement,"Certificate under SEBI (Depositories and Participants) Regulations, 2018",,https://nsearchives.nseindia.com/corporate/PATEL_08102026112344_Reg74_PRL.pdf
Vedanta Iron and Steel Limited,VISL,NSE,2026-10-08T11:26:05,announcement,"Certificate under SEBI (Depositories and Participants) Regulations, 2018",,https://nsearchives.nseindia.com/corporate/VEDANTAIRONSTEEL_08102026112447_SEIntimationunderReg74_5_VISL.pdf
RFBL Flexi Pack Limited,RFBL,NSE,2026-10-08T11:24:38,announcement,"Certificate under SEBI (Depositories and Participants) Regulations, 2018",,https://nsearchives.nseindia.com/corporate/RFBL_08102026112356_CertificateSigned.pdf
Schneider Electric Infrastructure Limited,SCHNEIDER,NSE,2026-10-08T11:24:12,announcement,"Certificate under SEBI (Depositories and Participants) Regulations, 2018",,https://nsearchives.nseindia.com/corporate/SCHNEIDER_08102026112359_Certificat_Reg74_Sep_2026.pdf
Mahalaxmi Fabric Mills Limited,MFML,NSE,2026-10-08T11:23:53,announcement,"Certificate under SEBI (Depositories and Participants) Regulations, 2018",,https://nsearchives.nseindia.com/corporate/MFML2_08102026112331_MFML74_5_MergedSigned.pdf
Swan Defence and Heavy Industries Limited,SWANDEF,NSE,2026-10-08T11:22:00,announcement,Analysts/Institutional Investor Meet/Con. Call Updates,,https://nsearchives.nseindia.com/corporate/SWANRNEL_08102026112137_Investor_Meet_13102026.pdf
Orient Cables (India) Limited,ORIENTCABL,NSE,2026-10-08T11:21:19,announcement,Updates,,https://nsearchives.nseindia.com/corporate/ORIENTCABLES_08102026112105_OCIL_Disclosure30_5_.pdf
Blue Jet Healthcare Limited,BLUEJET,NSE,2026-10-08T11:20:53,announcement,"Certificate under SEBI (Depositories and Participants) Regulations, 2018",,https://nsearchives.nseindia.com/corporate/BLUEJET_08102026112029_SE_Upload_Reg_74_5__BJHL.pdf
Keystone Realtors Limited,RUSTOMJEE,NSE,2026-10-08T11:19:16,announcement,General Updates,,https://nsearchives.nseindia.com/corporate/RUSTOMJEE_08102026111902_KOD_Q2FY27.pdf
Dhanuka Infra Realty Limited,DIRL,NSE,2026-10-08T11:18:26,announcement,Integrated Filing- Governance,,https://nsearchives.nseindia.com/corporate/DRL_08102026111713_Attachment.pdf
SHREE CEMENT LIMITED,SHREECEM,NSE,2026-10-08T11:16:32,announcement,"Certificate under SEBI (Depositories and Participants) Regulations, 2018",,https://nsearchives.nseindia.com/corporate/SHREECEM_08102026111618_NSE_BSE_Reg_74_081026.pdf
TD Power Systems Limited,TDPOWERSYS,NSE,2026-10-08T11:15:33,announcement,"Certificate under SEBI (Depositories and Participants) Regulations, 2018",,https://nsearchives.nseindia.com/corporate/TDPOWERSYS_08102026111436_Regulation.pdf
SPR Auto Technologies Limited,SHRIPISTON,NSE,2026-10-08T11:14:33,announcement,"Certificate under SEBI (Depositories and Participants) Regulations, 2018",,https://nsearchives.nseindia.com/corporate/SHRIPISTON_08102026111421_REG745RTACERTIFICATESEPT2026.pdf
Interarch Building Solutions Limited,INTERARCH,NSE,2026-10-08T11:14:13,announcement,Bagging/Receiving of orders/contracts,,https://nsearchives.nseindia.com/corporate/INTERARCH1983_08102026111403_IntimationunderRegulation30BaggingAward08102026.pdf
Glottis Limited,GLOTTIS,NSE,2026-10-08T11:13:30,announcement,"Certificate under SEBI (Depositories and Participants) Regulations, 2018",,https://nsearchives.nseindia.com/corporate/GLOTTISLTD_08102026111318_Intimation_74_5.pdf
Twamev Construction and Infrastructure Limited,TICL,NSE,2026-10-08T11:13:22,announcement,"Certificate under SEBI (Depositories and Participants) Regulations, 2018",,https://nsearchives.nseindia.com/corporate/TCLCONS_08102026111314_ReconciliationOfSCASeptember2026.pdf
N R Vandana Tex Industries Limited,NRVANDANA,NSE,2026-10-08T11:12:26,announcement,"Certificate under SEBI (Depositories and Participants) Regulations, 2018",,https://nsearchives.nseindia.com/corporate/NRVANDANA_08102026111116_REG_74_5_.pdf
Mega Flex Plastics Limited,MEGAFLEX,NSE,2026-10-08T11:12:20,announcement,"Certificate under SEBI (Depositories and Participants) Regulations, 2018",,https://nsearchives.nseindia.com/corporate/MEGAFLEX_08102026111147_Reg_74_Of_SEBI_Depositories_And_Participants_Regulations_2018.pdf
Tata Power Company Limited,TATAPOWER,NSE,2026-10-08T11:11:40,announcement,Press Release,,https://nsearchives.nseindia.com/corporate/KSTPCL_08102026111125_PR.pdf
TechEra Engineering (India) Limited,TECHERA,NSE,2026-10-08T11:10:01,announcement,"Certificate under SEBI (Depositories and Participants) Regulations, 2018",,https://nsearchives.nseindia.com/corporate/TECHERA_08102026110950_Certificate.pdf
Viyash Scientific Limited,VIYASH,NSE,2026-10-08T11:09:44,announcement,ESOP/ESOS/ESPS,,https://nsearchives.nseindia.com/corporate/SEQUENT2_08102026110747_VSL_-_Allotment_of_Equity_Shares_under_ESOP.pdf
Tembo Global Industries Limited,TEMBO,NSE,2026-10-08T11:07:41,announcement,Updates,,https://nsearchives.nseindia.com/corporate/TEMBO_08102026110730_Intimation_to_nse-tembo__2__SD.pdf
Z-Tech (India) Limited,ZTECH,NSE,2026-10-08T11:07:23,announcement,"Certificate under SEBI (Depositories and Participants) Regulations, 2018",,https://nsearchives.nseindia.com/corporate/ZTECH_08102026110325_ilovepdf_merged__58_.pdf
DPSC Limited,DPSCLTD,NSE,2026-10-08T11:07:15,announcement,Corporate Insolvency Resolution Process,,https://nsearchives.nseindia.com/corporate/DPSCLTD_08102026110702_ComplianceUnderReg46ofSEBI_LODR_30092026.pdf
The Great Eastern Shipping Company Limited,GESHIP,NSE,2026-10-08T11:06:29,announcement,Copy of Newspaper Publication,,https://nsearchives.nseindia.com/corporate/GESHIP_08102026110613_GESL_Stock_Exchange_Notice_Loss_of_Share_Cert_08102026_Signed.pdf
Aditya Birla Fashion and Retail Limited,ABFRL,NSE,2026-10-08T11:05:58,announcement,"Certificate under SEBI (Depositories and Participants) Regulations, 2018",,https://nsearchives.nseindia.com/corporate/ABFRL_08102026110546_SE.pdf
ABH Healthcare Limited,ABH,NSE,2026-10-08T11:05:41,announcement,Cessation,,https://nsearchives.nseindia.com/corporate/ABHL_08102026110130_DISCLOSURE_OF_CESSATION_.pdf
DPSC Limited,DPSCLTD,NSE,2026-10-08T11:05:39,announcement,Corporate Insolvency Resolution Process,,https://nsearchives.nseindia.com/corporate/DPSCLTD_08102026110523_CertificateUnderRegulation74_5_ofSEBI_DP_30092026.pdf
Kanoria Chemicals & Industries Limited,KANORICHEM,NSE,2026-10-08T11:04:40,announcement,"Certificate under SEBI (Depositories and Participants) Regulations, 2018",,https://nsearchives.nseindia.com/corporate/KANORICHEM_08102026110413_Letter.pdf
Mastek Limited,MASTEK,NSE,2026-10-08T11:04:02,announcement,Press Release,,https://nsearchives.nseindia.com/corporate/MASTEK12_08102026110352_PressRelease08102026signed.pdf
Viyash Scientific Limited,VIYASH,NSE,2026-10-08T11:03:52,announcement,General Updates,,https://nsearchives.nseindia.com/corporate/SEQUENT2_08102026110331_VSL_-_Allotment_of_Equity_Shares_under_ESOP.pdf
Manaksia Aluminium Company Limited,MANAKALUCO,NSE,2026-10-08T11:03:08,announcement,"Certificate under SEBI (Depositories and Participants) Regulations, 2018",,https://nsearchives.nseindia.com/corporate/MANAKALUCO_08102026110252_COVERING_LETTER.pdf
BIRLASOFT LIMITED,BSOFT,NSE,2026-10-08T11:02:08,announcement,Press Release,,https://nsearchives.nseindia.com/corporate/Birlasoft_08102026110051_SEIntimationPR.pdf
Precision Wires India Limited,PRECWIRE,NSE,2026-10-08T11:01:49,announcement,"Certificate under SEBI (Depositories and Participants) Regulations, 2018",,https://nsearchives.nseindia.com/corporate/PRECWIRE_08102026110131_Certificate_74_5_-Upload.pdf
Lotus Eye Hospital and Institute Limited,LOTUSEYE,NSE,2026-10-08T11:00:49,announcement,"Certificate under SEBI (Depositories and Participants) Regulations, 2018",,https://nsearchives.nseindia.com/corporate/LOTUSEYE_08102026110037_74_5__3009.pdf
Tata Communications Limited,TATACOMM,NSE,2026-10-08T11:00:37,announcement,Press Release,,https://nsearchives.nseindia.com/corporate/TATACOMM_08102026105639_18523.pdf
Precision Wires India Limited,PRECWIRE,NSE,2026-10-08T11:00:27,announcement,"Certificate under SEBI (Depositories and Participants) Regulations, 2018",,https://nsearchives.nseindia.com/corporate/PRECWIRE_08102026110010_RECO30092026.pdf
Krishna Defence and Allied Industries Limited,KRISHNADEF,NSE,2026-10-08T10:59:20,announcement,Price movement,,https://nsearchives.nseindia.com/corporate/KRISHNA_08102026105907_Clarification_to_price_movement_Signed.pdf
ASK Automotive Limited,ASKAUTOLTD,NSE,2026-10-08T10:58:03,announcement,"Certificate under SEBI (Depositories and Participants) Regulations, 2018",,https://nsearchives.nseindia.com/corporate/8448091598_08102026105733_STXINTIMATION74_5_08102026sd.pdf
DPSC Limited,DPSCLTD,NSE,2026-10-08T10:57:36,announcement,"Certificate under SEBI (Depositories and Participants) Regulations, 2018",,https://nsearchives.nseindia.com/corporate/DPSCLTD_08102026105716_CertificateUnderRegulation74_5_ofSEBI_DP_30092026.pdf
Sahasra Electronic Solutions Limited,SAHASRA,NSE,2026-10-08T10:57:13,announcement,"Certificate under SEBI (Depositories and Participants) Regulations, 2018",,https://nsearchives.nseindia.com/corporate/SAHASRA_08102026105402_final_document.pdf
Elevate Campuses Limited,ELEVATE,NSE,2026-10-08T10:55:20,announcement,General Updates,,https://nsearchives.nseindia.com/corporate/ELEVATE_08102026105416_Reg_30_OCRPS_investment.pdf
DPSC Limited,DPSCLTD,NSE,2026-10-08T10:55:01,announcement,Updates,,https://nsearchives.nseindia.com/corporate/DPSCLTD_08102026105449_ComplianceUnderReg46ofSEBI_LODR_30092026.pdf
Orient Cables (India) Limited,ORIENTCABL,NSE,2026-10-08T10:53:21,announcement,Updates,,https://nsearchives.nseindia.com/corporate/ORIENTCABLES_08102026104022_OCIL_7_1__Intimation.pdf
Salona Cotspin Limited,SALONA,NSE,2026-10-08T10:52:39,announcement,"Certificate under SEBI (Depositories and Participants) Regulations, 2018",,https://nsearchives.nseindia.com/corporate/SALONA_08102026105227_Reg74.pdf
MIC Electronics Limited,MICEL,NSE,2026-10-08T10:47:51,announcement,Updates,,https://nsearchives.nseindia.com/corporate/MICEL_08102026104735_Intimation_under_Regulation_30_Trading_Approvaldocx.pdf
Vinati Organics Limited,VINATIORGA,NSE,2026-10-08T10:46:53,announcement,"Certificate under SEBI (Depositories and Participants) Regulations, 2018",,https://nsearchives.nseindia.com/corporate/VINATIORGA_08102026104628_524200_Reg_74_30092026.pdf
Mahindra & Mahindra Financial Services Limited,M&MFIN,NSE,2026-10-08T10:44:06,announcement,Credit Rating,,https://nsearchives.nseindia.com/corporate/M_MFIN_08102026104354_MMFSLCreditRating_08_Oct_2026signed.pdf
India Motor Parts and Accessories Limited,IMPAL,NSE,2026-10-08T10:43:39,announcement,"Certificate under SEBI (Depositories and Participants) Regulations, 2018",,https://nsearchives.nseindia.com/corporate/IMPAL_08102026104252_IMPALNSEDISCREG74_5_30092026sd.pdf
Satia Industries Limited,SATIA,NSE,2026-10-08T10:42:09,announcement,General Updates,,https://nsearchives.nseindia.com/corporate/SATIA_08102026104157_Restart_of_Paper_Machine_3__1_.pdf
Ginni Filaments Limited,GINNIFILA,NSE,2026-10-08T10:40:01,announcement,"Certificate under SEBI (Depositories and Participants) Regulations, 2018",,https://nsearchives.nseindia.com/corporate/GINNIFILA1_08102026103945_74_5_-.pdf
Advance Agrolife Limited,ADVANCE,NSE,2026-10-08T10:39:39,announcement,"Certificate under SEBI (Depositories and Participants) Regulations, 2018",,https://nsearchives.nseindia.com/corporate/ADVANCE_08102026103848_FADVANCESECRETARIAL2026-2766.pdf
Cochin Shipyard Limited,COCHINSHIP,NSE,2026-10-08T10:38:01,announcement,Shareholders meeting,,https://nsearchives.nseindia.com/corporate/Aswi4739_08102026103735_SE_Intimation_PB_Notice_08_10_2026_sd.pdf
Mukand Limited,MUKANDLTD,NSE,2026-10-08T10:35:43,announcement,"Certificate under SEBI (Depositories and Participants) Regulations, 2018",,https://nsearchives.nseindia.com/corporate/MUKANDLTD_08102026103459_MLRTAConfrmnCert_74_5_Sep2026_SD.pdf
Agi Infra Limited,AGIIL,NSE,2026-10-08T10:34:12,announcement,Copy of Newspaper Publication,,https://nsearchives.nseindia.com/corporate/AGIINFRA_08102026103312_NewspaperCuttings.pdf
Clean Science and Technology Limited,CLEAN,NSE,2026-10-08T10:30:19,announcement,"Certificate under SEBI (Depositories and Participants) Regulations, 2018",,https://nsearchives.nseindia.com/corporate/CLEAN_08102026103007_Intimation_74_5_Q2_FY27.pdf
Z-Tech (India) Limited,ZTECH,NSE,2026-10-08T10:29:47,announcement,Press Release,,https://nsearchives.nseindia.com/corporate/ZTECH_08102026102811_intimation08102026.pdf
Ashima Limited,ASHIMASYN,NSE,2026-10-08T10:28:35,announcement,"Certificate under SEBI (Depositories and Participants) Regulations, 2018",,https://nsearchives.nseindia.com/corporate/ASHIMASYN_08102026102829_Intimation.PDF
Tanla Platforms Limited,TANLA,NSE,2026-10-08T10:28:05,announcement,"Certificate under SEBI (Depositories and Participants) Regulations, 2018",,https://nsearchives.nseindia.com/corporate/TanlaPlatforms_08102026102734_SE_Intimation_Reg-74_5_.pdf
Rox Hi Tech Limited,ROXHITECH,NSE,2026-10-08T10:26:15,announcement,"Certificate under SEBI (Depositories and Participants) Regulations, 2018",,https://nsearchives.nseindia.com/corporate/ROX_2002_08102026102530_Reg_74_5_.pdf
Timescan Logistics (India) Limited,TIMESCAN,NSE,2026-10-08T10:25:48,announcement,"Certificate under SEBI (Depositories and Participants) Regulations, 2018",,https://nsearchives.nseindia.com/corporate/TIMESCAN_08102026102520_Regulation_-_74_5__Compliance_Certificate.pdf
UCO Bank,UCOBANK,NSE,2026-10-08T10:25:31,announcement,Updates,,https://nsearchives.nseindia.com/corporate/UCOBANK_08102026102055_NSEBSEMCLR08102026.pdf
Bharat Forge Limited,BHARATFORG,NSE,2026-10-08T10:20:47,announcement,"Certificate under SEBI (Depositories and Participants) Regulations, 2018",,https://nsearchives.nseindia.com/corporate/ANILSHINDE_08102026102032_SEIntimationReg74_5_.pdf
Service Care Limited,SERVICE,NSE,2026-10-08T10:20:33,announcement,"Certificate under SEBI (Depositories and Participants) Regulations, 2018",,https://nsearchives.nseindia.com/corporate/SERVICECARE_08102026102017_Reg_74_5__NSE_filing_Sept_26.pdf
Supreme Power Equipment Limited,SUPREMEPWR,NSE,2026-10-08T10:15:23,announcement,"Certificate under SEBI (Depositories and Participants) Regulations, 2018",,https://nsearchives.nseindia.com/corporate/SPEL_08102026101507_SPEL.pdf
Transformers And Rectifiers (India) Limited,TARIL,NSE,2026-10-08T10:14:45,announcement,"Certificate under SEBI (Depositories and Participants) Regulations, 2018",,https://nsearchives.nseindia.com/corporate/TRIL_08102026101436_Intimation74530092026.pdf
Gaja Alternative Asset Management Limited,GAJA,NSE,2026-10-08T10:12:37,announcement,"Certificate under SEBI (Depositories and Participants) Regulations, 2018",,https://nsearchives.nseindia.com/corporate/GAAML2025_08102026101227_GAJACS232026-27.pdf
Jain Irrigation Systems Limited,JISLJALEQS,NSE,2026-10-08T10:07:27,announcement,Spurt in Volume,,https://nsearchives.nseindia.com/corporate/JISLJALEQS_08102026100652_JISL_Spurt_in_Volume_Reply_NSE_08102026.pdf
Precot Limited,PRECOT,NSE,2026-10-08T10:02:51,announcement,"Certificate under SEBI (Depositories and Participants) Regulations, 2018",,https://nsearchives.nseindia.com/corporate/PRECOT_08102026100227_SE30092026.pdf
STEEL EXCHANGE INDIA LIMITED,STEELXIND,NSE,2026-10-08T10:01:41,announcement,Press Release,,https://nsearchives.nseindia.com/corporate/STEELXIND_08102026100116_Intimation_of_Press_Release_08102026_Final_Signed.pdf
Persistent Systems Limited,PERSISTENT,NSE,2026-10-08T09:52:50,announcement,Analysts/Institutional Investor Meet/Con. Call Updates,,https://nsearchives.nseindia.com/corporate/PERSISTENTUSER1_08102026095146_PSLIntimationofEarningsCallOctober152026Sd.pdf
MphasiS Limited,MPHASIS,NSE,2026-10-08T09:48:16,announcement,ESOP/ESOS/ESPS,,https://nsearchives.nseindia.com/corporate/MPHASIS_08102026094742_Intimation_Grant_Stock_Options_08102026_sd.pdf
Yes Bank Limited,YESBANK,NSE,2026-10-08T09:47:01,announcement,Analysts/Institutional Investor Meet/Con. Call Updates,,https://nsearchives.nseindia.com/corporate/YESBANK_08102026094647_YBL_SE_Intimation_Earnings_Call_Q2_FY_2027_Signed.pdf
Alankit Limited,ALANKIT,NSE,2026-10-08T09:46:51,announcement,Committee Meeting Updates,,https://nsearchives.nseindia.com/corporate/ALANKIT_08102026094635_Allotment_Outcomesd.pdf
Chembond Chemicals Limited,CHEMBONDCH,NSE,2026-10-08T09:40:40,announcement,"Certificate under SEBI (Depositories and Participants) Regulations, 2018",,https://nsearchives.nseindia.com/corporate/CHEMBONDSPECIALTIES_08102026094007_reg74final.pdf
Computer Age Management Services Limited,CAMS,NSE,2026-10-08T09:32:19,announcement,"Certificate under SEBI (Depositories and Participants) Regulations, 2018",,https://nsearchives.nseindia.com/corporate/Nandhini_08102026093208_Certificate_on_Regulation_74_5_.pdf
Info Edge (India) Limited,NAUKRI,NSE,2026-10-08T09:19:20,announcement,Updates,,https://nsearchives.nseindia.com/corporate/NAUKRI2_08102026091904_SE_Disclosure_-_Q2_FY27.pdf
Bajaj Consumer Care Limited,BAJAJCON,NSE,2026-10-08T08:55:06,announcement,Analysts/Institutional Investor Meet/Con. Call Updates,,https://nsearchives.nseindia.com/corporate/BAJAJCON_08102026085459_Exchanges_Concall_intimation.pdf
Tracxn Technologies Limited,TRACXN,NSE,2026-10-08T08:34:29,announcement,ESOP/ESOS/ESPS,,https://nsearchives.nseindia.com/corporate/TRACXN_08102026083406_Intimation_for_Allotment_October_08-10-2026.pdf
Muthoot Microfin Limited,MUTHOOTMF,NSE,2026-10-08T08:34:13,announcement,General Updates,,https://nsearchives.nseindia.com/corporate/muthootmicrofin_08102026083142_KeyBusinessUpdateforQuarterendedSeptember302026SD.pdf
Shah Metacorp Limited,SHAH,NSE,2026-10-08T00:32:10,announcement,"Certificate under SEBI (Depositories and Participants) Regulations, 2018",,https://nsearchives.nseindia.com/corporate/GAL_08102026003157_Reg74_5_30092026.pdf
Dynamic Services & Security Limited,DYNAMIC,NSE,2026-10-08T00:12:36,announcement,Awarding of order(s)/contract(s),,https://nsearchives.nseindia.com/corporate/DYNAMIC_08102026001228_Intimation_Dynamic_07_Oct.pdf
Tata Consultancy Services Limited,TCS,NSE,2026-10-08T00:00:00,upcoming event,Financial Results/Dividend,,
GM Breweries Limited,GMBREW,NSE,2026-10-08T00:00:00,upcoming event,Financial Results,,
Highway Infrastructure Limited,HILINFRA,NSE,2026-10-08T00:00:00,upcoming event,Fund Raising/Other business matters,,
Shivam Autotech Limited,SHIVAMAUTO,NSE,2026-10-08T00:00:00,upcoming event,Other business matters,,
Vedanta Limited,VEDL,NSE,2026-10-08T00:00:00,upcoming event,Dividend,,
Highway Infrastructure Limited,HILINFRA,NSE,2026-10-08T00:00:00,upcoming event,Board meeting Rescheduled,,
Ola Electric Mobility Limited,OLAELEC,NSE,2026-10-07T23:58:14,announcement,Updates,,https://nsearchives.nseindia.com/corporate/OLAELECTRIC_07102026235805_IntimationLetterofOfferOctober072026.pdf
Zen Technologies Limited,ZENTEC,NSE,2026-10-07T23:47:04,announcement,ESOP/ESOS/ESPS,,https://nsearchives.nseindia.com/corporate/ZENTEC_07102026234544_SEIntimationEsop_2000_Shares_Signed.pdf
Sati Poly Plast Limited,SATIPOLY,NSE,2026-10-07T23:28:44,announcement,"Certificate under SEBI (Depositories and Participants) Regulations, 2018",,https://nsearchives.nseindia.com/corporate/SATI_07102026232831_Certificate_under_Regulation_74_5__F.pdf
Xtranet Technologies Limited,XTRANET,NSE,2026-10-07T23:25:52,announcement,"Certificate under SEBI (Depositories and Participants) Regulations, 2018",,https://nsearchives.nseindia.com/corporate/XTRANET_07102026232434_Intimation_74_5__XTL.pdf
SIGMA ADVANCED SYSTEMS LIMITED,SIGMAADV,NSE,2026-10-07T23:19:26,announcement,"Certificate under SEBI (Depositories and Participants) Regulations, 2018",,https://nsearchives.nseindia.com/corporate/MEGASOFT_07102026231846_Reg_74_5_-signed.pdf
Central Bank of India,CENTRALBK,NSE,2026-10-07T23:09:56,announcement,Credit Rating,,https://nsearchives.nseindia.com/corporate/CENTRALBK_07102026230941_SE_CARE_0710SIGNED.pdf
Continental Seeds and Chemicals Limited,CONTI,NSE,2026-10-07T22:50:22,announcement,"Certificate under SEBI (Depositories and Participants) Regulations, 2018",,https://nsearchives.nseindia.com/corporate/CONTI_07102026225010_Compiance_Certificate_with_Letter_Qtr_2_2026.pdf
Clean Max Enviro Energy Solutions Limited,CLEANMAX,NSE,2026-10-07T22:48:05,announcement,Giving guarantees/indemnity/ becoming a surety for third party,,https://nsearchives.nseindia.com/corporate/CLEANMAX_07102026224758_Intimation-Outcome_of_RMC.pdf
Polycab India Limited,POLYCAB,NSE,2026-10-07T22:45:52,announcement,General Updates,,https://nsearchives.nseindia.com/corporate/POLYCAB_07102026224543_Intimationtostockexchange.pdf
Reliance Industries Limited,RELIANCE,NSE,2026-10-07T22:36:08,announcement,Action(s) taken or orders passed,,https://nsearchives.nseindia.com/corporate/PVIVINMA_07102026223504_RIL_SEletter07102026.pdf
RPSG VENTURES LIMITED,RPSGVENT,NSE,2026-10-07T22:29:53,announcement,Rumour Verification - Regulation 30(11),,https://nsearchives.nseindia.com/corporate/RPSGVENT_07102026222926_RVL_Stock_Exchange_Clarification.pdf
Continental Seeds and Chemicals Limited,CONTI,NSE,2026-10-07T22:28:03,announcement,Integrated Filing- Governance,,https://nsearchives.nseindia.com/corporate/CONTI_07102026222744_Share_Capital_Audit_Report_Letter_Qtr_2.pdf
Kanohar Electricals Limited,KANOHAR,NSE,2026-10-07T22:25:07,announcement,Updates,,https://nsearchives.nseindia.com/corporate/KANOHARNSE2026_07102026222320_Intimation_under_30_5_-updated_contacts.pdf
Innomet Advanced Materials Limited,INNOMET,NSE,2026-10-07T22:24:00,announcement,General Updates,,https://nsearchives.nseindia.com/corporate/INNOMET_07102026222336_SE_Intimation_PCS_Certificate_signed.pdf
JSW Steel Limited,JSWSTEEL,NSE,2026-10-07T22:14:02,announcement,General Updates,,https://nsearchives.nseindia.com/corporate/jessydenny_07102026221350_Redemption_of_Notes.pdf
Continental Seeds and Chemicals Limited,CONTI,NSE,2026-10-07T22:10:56,announcement,Structural Digital Database,,https://nsearchives.nseindia.com/corporate/CONTI_07102026220909_Letter_SDD_Certificate_Qtr_2_2026.pdf
SBI Life Insurance Company Limited,SBILIFE,NSE,2026-10-07T21:56:20,announcement,ESOP/ESOS/ESPS,,https://nsearchives.nseindia.com/corporate/SBILIFE_07102026215457_SE07102026_signed.pdf
Eppeltone Engineers Limited,EEPL,NSE,2026-10-07T21:55:13,announcement,"Certificate under SEBI (Depositories and Participants) Regulations, 2018",,https://nsearchives.nseindia.com/corporate/EPPELTONE_07102026215454_certificate_under_74_5_.pdf
Nandani Creation Limited,JAIPURKURT,NSE,2026-10-07T21:54:42,announcement,Outcome of Board Meeting,,https://nsearchives.nseindia.com/corporate/JAIPURKURT_07102026215425_NSEINTIMATION07102026.pdf
Tata Steel Limited,TATASTEEL,NSE,2026-10-07T21:52:55,announcement,Press Release,,https://nsearchives.nseindia.com/corporate/NIDHIFADNAVIS_07102026215052_BSENSE.pdf
Standard Engineering Technology Limited,SETL,NSE,2026-10-07T21:36:26,announcement,General Updates,,https://nsearchives.nseindia.com/corporate/SGLTPL_07102026213554_SETL_Clarification_NSE_Reg30_07Oct2026.pdf
Larsen & Toubro Limited,LT,NSE,2026-10-07T21:29:23,announcement,Change in Management,,https://nsearchives.nseindia.com/corporate/PAM_07102026212904_IntimationSRMGT07102026.pdf
Sudarshan Chemical Industries Limited,SUDARSCHEM,NSE,2026-10-07T21:27:47,announcement,Action(s) taken or orders passed,,https://nsearchives.nseindia.com/corporate/SUDARSCHEM_07102026212739_SEIntimationsearchcomplete07102026.pdf
AVP Infracon Limited,AVPINFRA,NSE,2026-10-07T21:27:17,announcement,"Certificate under SEBI (Depositories and Participants) Regulations, 2018",,https://nsearchives.nseindia.com/corporate/AVPIPO_07102026212704_AIL_Regulation_74_5_.pdf
Shankara Buildpro Limited,BUILDPRO,NSE,2026-10-07T21:21:36,announcement,Updates,,https://nsearchives.nseindia.com/corporate/BUILDPRO_07102026212127_Letter.pdf
360 ONE WAM LIMITED,360ONE,NSE,2026-10-07T21:15:58,announcement,Analysts/Institutional Investor Meet/Con. Call Updates,,https://nsearchives.nseindia.com/corporate/IIFLWAM_07102026211235_IntimationofBMSigned.pdf
Emmvee Photovoltaic Power Limited,EMMVEE,NSE,2026-10-07T21:14:45,announcement,Analysts/Institutional Investor Meet/Con. Call Updates,,https://nsearchives.nseindia.com/corporate/EMMVEE_07102026211332_Stock_Exchange_Prior_Intimation_Board_Meeting_Q2FY27.pdf
Fractal Analytics Limited,FRACTAL,NSE,2026-10-07T21:07:14,announcement,Acquisition,,https://nsearchives.nseindia.com/corporate/FRACTAL_07102026210433_Incorporation_of_subsidiary_in_QFZ.pdf
The Federal Bank  Limited,FEDERALBNK,NSE,2026-10-07T21:06:01,announcement,Product launch,,https://nsearchives.nseindia.com/corporate/FEDERALBNK_07102026210508_SE_Intimation_Product_Launch_Verto_Savings_Account_S.pdf
Univastu India Limited,UNIVASTU,NSE,2026-10-07T20:59:14,announcement,Outcome of Board Meeting,,https://nsearchives.nseindia.com/corporate/UNIVASTU_07102026205830_BM_OUTCOME_06102026.pdf
Univastu India Limited,UNIVASTU,NSE,2026-10-07T20:56:38,announcement,General Updates,,https://nsearchives.nseindia.com/corporate/UNIVASTU_07102026205628_Update_Subsidiary.pdf
Hexaware Technologies Limited,HEXT,NSE,2026-10-07T20:50:27,announcement,Updates,,https://nsearchives.nseindia.com/corporate/HEXAWARETECH_07102026205017_Press_Release.pdf
Foseco India Limited,FOSECOIND,NSE,2026-10-07T20:47:11,announcement,Copy of Newspaper Publication,,https://nsearchives.nseindia.com/corporate/FOSECOIND_07102026204636_SEFiling_Advt-SpecialWindow_5.pdf
Asian Paints Limited,ASIANPAINT,NSE,2026-10-07T20:44:07,announcement,Shareholders meeting,,https://nsearchives.nseindia.com/corporate/ASIANPAINT_07102026204250_SE_Intimation_-_Postal_ballot_Notice.pdf
Abans Financial Services Limited,AFSL,NSE,2026-10-07T20:39:04,announcement,Acquisition,,https://nsearchives.nseindia.com/corporate/AHL_07102026203856_AFSL_Reg_30_AFPL_SPA_07102026.pdf
Agastya Energy and Infrastructure Limited,AGASTYAEN,NSE,2026-10-07T20:30:38,announcement,Amendment to AOA/MOA,,https://nsearchives.nseindia.com/corporate/SANGINITA_07102026203020_Intimation_under_Regulation_30.pdf
Agastya Energy and Infrastructure Limited,AGASTYAEN,NSE,2026-10-07T20:28:32,announcement,General Updates,,https://nsearchives.nseindia.com/corporate/SANGINITA_07102026202742_Intimation_under_Regulation_30.pdf
Polyplex Corporation Limited,POLYPLEX,NSE,2026-10-07T20:28:27,announcement,Capacity addition,,https://nsearchives.nseindia.com/corporate/POLYPLEX_07102026202813_PCL_Reg30_Disclosure_PTL_BOPP_Machine.pdf
DJ Mediaprint & Logistics Limited,DJML,NSE,2026-10-07T20:24:39,announcement,"Certificate under SEBI (Depositories and Participants) Regulations, 2018",,https://nsearchives.nseindia.com/corporate/DJML_07102026202358_74_5_Sept2026.pdf
Hy-Tech Engineers Limited,HTEL,NSE,2026-10-07T20:10:57,announcement,General Updates,,https://nsearchives.nseindia.com/corporate/HYTECH_07102026201042_Incorporation_intimation.pdf
Freshara Agro Exports Limited,FRESHARA,NSE,2026-10-07T20:08:44,announcement,Conversion,,https://nsearchives.nseindia.com/corporate/FRESHARA_07102026200837_Reg_30_Conversion_of_warrants_BM_dt_07102026_final.pdf
Balaji Phosphates Limited,BALAJIPHOS,NSE,2026-10-07T20:08:35,announcement,Updates,,https://nsearchives.nseindia.com/corporate/BALAJIPHOSPHATES_07102026200818_Reg_57__5_.pdf
Agastya Energy and Infrastructure Limited,AGASTYAEN,NSE,2026-10-07T20:07:08,announcement,Shareholders meeting,,https://nsearchives.nseindia.com/corporate/SANGINITA_07102026200655_Intimation_for_Voting_results_and_Scrutinizer_Report.pdf
Bank of Baroda,BANKBARODA,NSE,2026-10-07T20:06:49,announcement,General Updates,,https://nsearchives.nseindia.com/corporate/BANKBARODA_07102026200629_SERATING.pdf
HEG Advanced Materials Limited,HEGAM,NSE,2026-10-07T20:06:38,announcement,"Certificate under SEBI (Depositories and Participants) Regulations, 2018",,https://nsearchives.nseindia.com/corporate/HEGAM_07102026200624_STEX_74_5_.pdf
HEG Advanced Materials Limited,HEGAM,NSE,2026-10-07T20:04:49,announcement,Updates,,https://nsearchives.nseindia.com/corporate/HEGAM_07102026200415_STEX_Relodgement.pdf
Balaji Phosphates Limited,BALAJIPHOS,NSE,2026-10-07T20:04:42,announcement,"Certificate under SEBI (Depositories and Participants) Regulations, 2018",,https://nsearchives.nseindia.com/corporate/BALAJIPHOSPHATES_07102026200429_Reg_74_5__.pdf
Century Extrusions Limited,CENTEXT,NSE,2026-10-07T20:03:43,announcement,General Updates,,https://nsearchives.nseindia.com/corporate/CENTEXT_07102026200304_OutcomeofRIC07102026.pdf
Adani Ports and Special Economic Zone Limited,ADANIPORTS,NSE,2026-10-07T20:02:20,announcement,"Certificate under SEBI (Depositories and Participants) Regulations, 2018",,https://nsearchives.nseindia.com/corporate/rkbhagia_07102026200206_SEINTIMATION.pdf
Emami Realty Limited,EMAMIREAL,NSE,2026-10-07T19:58:34,announcement,Shareholders meeting,,https://nsearchives.nseindia.com/corporate/EMAMIREAL_07102026195821_ERLAgmMinutes2026.pdf
Karnika Industries Limited,KARNIKA,NSE,2026-10-07T19:58:15,announcement,Analysts/Institutional Investor Meet/Con. Call Updates,,https://nsearchives.nseindia.com/corporate/KARNIKA_07102026195748_Earnings_Confernce_Call_Intimation_for_H1FY27.pdf
Rox Hi Tech Limited,ROXHITECH,NSE,2026-10-07T19:58:00,announcement,Press Release,,https://nsearchives.nseindia.com/corporate/ROX_2002_07102026195638_Press_release.pdf
Balaji Phosphates Limited,BALAJIPHOS,NSE,2026-10-07T19:56:24,announcement,Quarterly Compliance Report on Corporate governance - within 21 days from the end of the quarter,,https://nsearchives.nseindia.com/corporate/BALAJIPHOSPHATES_07102026195607_Corporate_Governance_Certificate.pdf
Ola Electric Mobility Limited,OLAELEC,NSE,2026-10-07T19:55:14,announcement,Updates,,https://nsearchives.nseindia.com/corporate/OLAELECTRIC_07102026195359_CompanyStatementOctober072026.pdf
Godrej Consumer Products Limited,GODREJCP,NSE,2026-10-07T19:55:02,announcement,Shareholders meeting,,https://nsearchives.nseindia.com/corporate/GODREJCP_07102026195229_SE_Scrutinizer_Report_Voting_Result-Signed.pdf
Jaiprakash Power Ventures Limited,JPPOWER,NSE,2026-10-07T19:52:02,announcement,"Certificate under SEBI (Depositories and Participants) Regulations, 2018",,https://nsearchives.nseindia.com/corporate/JPPOWER_07102026195145_Reg_74_5_.pdf
Utkal Speciality Industries India Limited,UTKAL,NSE,2026-10-07T19:51:37,announcement,Updates,,https://nsearchives.nseindia.com/corporate/UTKALIPOSME_07102026195122_BoardComments-07102026.pdf
Agastya Energy and Infrastructure Limited,AGASTYAEN,NSE,2026-10-07T19:50:24,announcement,Shareholders meeting,,https://nsearchives.nseindia.com/corporate/SANGINITA_07102026194805_Proceedings_of_EGM_07102026.pdf
RBL Bank Limited,RBLBANK,NSE,2026-10-07T19:47:02,announcement,Analysts/Institutional Investor Meet/Con. Call Updates,,https://nsearchives.nseindia.com/corporate/RBLBANK_07102026194633_ConcallInviteIntimationSigned12102026.pdf
Spandana Sphoorty Financial Limited,SPANDANA,NSE,2026-10-07T19:46:50,announcement,Credit Rating,,https://nsearchives.nseindia.com/corporate/SPANDANA_07102026194541_SEcreditrating07102026.pdf
S.J.S. Enterprises Limited,SJS,NSE,2026-10-07T19:46:17,announcement,Capacity addition,,https://nsearchives.nseindia.com/corporate/SJS_07102026194608_Reg30SJSEnterprisesCapacityAddition.pdf
Acme Solar Holdings Limited,ACMESOLAR,NSE,2026-10-07T19:45:33,announcement,Credit Rating,,https://nsearchives.nseindia.com/corporate/ACMECS_07102026194149_Intimation07102026.pdf
IndusInd Bank Limited,INDUSINDBK,NSE,2026-10-07T19:45:22,announcement,"Certificate under SEBI (Depositories and Participants) Regulations, 2018",,https://nsearchives.nseindia.com/corporate/INDUSINDBK1_07102026194507_Reg_74_5_asonseptember_30_2026_Signed.pdf
S.J.S. Enterprises Limited,SJS,NSE,2026-10-07T19:43:36,announcement,"Certificate under SEBI (Depositories and Participants) Regulations, 2018",,https://nsearchives.nseindia.com/corporate/SJS_07102026194323_IntimationofRegulation74_5_Q2FY27.pdf
Encompass Design India Limited,ENCOMPAS,NSE,2026-10-07T19:41:41,announcement,General Updates,,https://nsearchives.nseindia.com/corporate/EDILIPO_07102026194058_Disclosure_under_Regulation_30_ENCOMPAS.pdf
Max Healthcare Institute Limited,MAXHEALTH,NSE,2026-10-07T19:36:56,announcement,"Certificate under SEBI (Depositories and Participants) Regulations, 2018",,https://nsearchives.nseindia.com/corporate/MAXHEALTH_07102026193634_SE_Intimation.pdf
Kalpataru Projects International Limited,KPIL,NSE,2026-10-07T19:36:38,announcement,"Certificate under SEBI (Depositories and Participants) Regulations, 2018",,https://nsearchives.nseindia.com/corporate/KALPATPOWR_07102026193624_CetificateReg74_5_DPRSep2026.pdf
Torrent Pharmaceuticals Limited,TORNTPHARM,NSE,2026-10-07T19:32:28,announcement,Credit Rating,,https://nsearchives.nseindia.com/corporate/TORNTPHARM_07102026193222_SEIntimationIndiaRatings071026.pdf
Spandana Sphoorty Financial Limited,SPANDANA,NSE,2026-10-07T19:31:56,announcement,"Certificate under SEBI (Depositories and Participants) Regulations, 2018",,https://nsearchives.nseindia.com/corporate/SPANDANA_07102026193115_SEcertificate07102026.pdf
Surani Steel Tubes Limited,SURANI,NSE,2026-10-07T19:31:01,announcement,Outcome of Board Meeting,,https://nsearchives.nseindia.com/corporate/SURANI_07102026193045_OutcomeOfBMSurani07102026signed.pdf
Bank of Baroda,BANKBARODA,NSE,2026-10-07T19:30:33,announcement,General Updates,,https://nsearchives.nseindia.com/corporate/BANKBARODA_07102026192944_SEintimation.pdf
Vaibhav Global Limited,VAIBHAVGBL,NSE,2026-10-07T19:30:11,announcement,Credit Rating,,https://nsearchives.nseindia.com/corporate/VAIBHAVGBL_07102026192900_CreditSE.pdf
Mahindra Logistics Limited,MAHLOG,NSE,2026-10-07T19:30:05,announcement,"Certificate under SEBI (Depositories and Participants) Regulations, 2018",,https://nsearchives.nseindia.com/corporate/MAHLOG24_07102026192946_SEIntimation_74_5_30092026_Signed.pdf
Surani Steel Tubes Limited,SURANI,NSE,2026-10-07T19:29:46,announcement,Outcome of Board Meeting,,https://nsearchives.nseindia.com/corporate/SURANI_07102026192927_OutcomeOfBMSurani07102026signed.pdf
Paushak Limited,PAUSHAKLTD,NSE,2026-10-07T19:29:06,announcement,"Certificate under SEBI (Depositories and Participants) Regulations, 2018",,https://nsearchives.nseindia.com/corporate/PAUSHAKLTD_07102026192851_Intimation_-_Regulation-74_5__-_SE.pdf
Aarti Drugs Limited,AARTIDRUGS,NSE,2026-10-07T19:29:00,announcement,"Certificate under SEBI (Depositories and Participants) Regulations, 2018",,https://nsearchives.nseindia.com/corporate/AARTIDRUGS_07102026192845_AARTIDRUGS.pdf
Trident Techlabs Limited,TECHLABS,NSE,2026-10-07T19:28:00,announcement,"Certificate under SEBI (Depositories and Participants) Regulations, 2018",,https://nsearchives.nseindia.com/corporate/TRIDENTTECHLABS_07102026192748_Regulation74Signed.pdf
Kshitij Polyline Limited,KSHITIJPOL,NSE,2026-10-07T19:27:57,announcement,Resignation of Director/KMP/SMP,,https://nsearchives.nseindia.com/corporate/KSHITIJPOL_ROID_99951_KMP_Doc.zip
Aeron Composite Limited,AERON,NSE,2026-10-07T19:27:33,announcement,"Certificate under SEBI (Depositories and Participants) Regulations, 2018",,https://nsearchives.nseindia.com/corporate/AERON_07102026192725_REGULATION74_5_30092026.pdf
Brainbees Solutions Limited,FIRSTCRY,NSE,2026-10-07T19:26:05,announcement,Sale or disposal,,https://nsearchives.nseindia.com/corporate/BRAINBEES_07102026192542_Disclosureunderregulation30_MOUtosellMush.pdf
Suryoday Small Finance Bank Limited,SURYODAY,NSE,2026-10-07T19:25:48,announcement,"Certificate under SEBI (Depositories and Participants) Regulations, 2018",,https://nsearchives.nseindia.com/corporate/SURYODAY_07102026192322_SSFB_Reg_74_5_Sep_30_2026_sd.pdf
Kshitij Polyline Limited,KSHITIJPOL,NSE,2026-10-07T19:24:33,announcement,Resignation of Director/KMP/SMP,,https://nsearchives.nseindia.com/corporate/KSHITIJPOL_ROID_99949_KMP_Doc.zip
MITCON Consultancy & Engineering Services Limited,MITCON,NSE,2026-10-07T19:23:51,announcement,General Updates,,https://nsearchives.nseindia.com/corporate/MITCON_07102026192340_Regulation_30.pdf
Om Power Transmission Limited,OMPOWER,NSE,2026-10-07T19:23:42,announcement,Bagging/Receiving of orders/contracts,,https://nsearchives.nseindia.com/corporate/OMPOWER_07102026192335_V0_Intimation_receipt_of_order.pdf
Enfuse Solutions Limited,ENFUSE,NSE,2026-10-07T19:23:37,announcement,Change in Director(s),,https://nsearchives.nseindia.com/corporate/ENFUSE_07102026192325_Respone-F.pdf
Ravindra Energy Limited,RELTD,NSE,2026-10-07T19:22:09,announcement,Updates,,https://nsearchives.nseindia.com/corporate/RAVINDRA_07102026192146_Final.pdf
Silver Touch Technologies Limited,SILVERTUC,NSE,2026-10-07T19:22:03,announcement,Bagging/Receiving of orders/contracts,,https://nsearchives.nseindia.com/corporate/SILVERTUC_07102026192149_Receipt_of_Order.pdf
Aarti Industries Limited,AARTIIND,NSE,2026-10-07T19:20:28,announcement,Updates,,https://nsearchives.nseindia.com/corporate/AARTIIND_07102026192005_AARTIIND_Re_classification.pdf
ICRA Limited,ICRA,NSE,2026-10-07T19:19:42,announcement,"Certificate under SEBI (Depositories and Participants) Regulations, 2018",,https://nsearchives.nseindia.com/corporate/ICRA_07102026191901_BSER7407102026.pdf
MPS Limited,MPSLTD,NSE,2026-10-07T19:18:08,announcement,"Certificate under SEBI (Depositories and Participants) Regulations, 2018",,https://nsearchives.nseindia.com/corporate/MPSLIMITED_07102026191747_Stx_IntimationReg74Q2.pdf
Acme Solar Holdings Limited,ACMESOLAR,NSE,2026-10-07T19:17:18,announcement,"Certificate under SEBI (Depositories and Participants) Regulations, 2018",,https://nsearchives.nseindia.com/corporate/ACMECS_07102026191522_Intimation07102026.pdf
Indian Overseas Bank,IOB,NSE,2026-10-07T19:17:00,announcement,General Updates,,https://nsearchives.nseindia.com/corporate/IOB_07102026191630_EBLR.pdf
Whirlpool of India Limited,WHIRLPOOL,NSE,2026-10-07T19:16:57,announcement,General Updates,,https://nsearchives.nseindia.com/corporate/WHIRLPOOL_07102026191643_SE_Intimation__ESOP_trustees__signed__1_.pdf
PC Jeweller Limited,PCJEWELLER,NSE,2026-10-07T19:16:01,announcement,Disclosure of material issue,,https://nsearchives.nseindia.com/corporate/PCJEWELLER_07102026191523_update07102026.pdf
Remus Pharmaceuticals Limited,REMUS,NSE,2026-10-07T19:15:30,announcement,Shareholders meeting,,https://nsearchives.nseindia.com/corporate/REMUS_07102026191521_OutcomeofPostalBallotsigned.pdf
Heads UP Ventures Limited,HEADSUP,NSE,2026-10-07T19:13:40,announcement,Resignation,,https://nsearchives.nseindia.com/corporate/TMRVL_07102026191330_Final_Intimation_Sign.pdf
Vertexplus Technologies Limited,VERTEXPLUS,NSE,2026-10-07T19:13:40,announcement,"Certificate under SEBI (Depositories and Participants) Regulations, 2018",,https://nsearchives.nseindia.com/corporate/VERTEXPLUS_07102026191330_Regulation_74_5__Final.pdf
SBI Funds Management Limited,SBIFUNDS,NSE,2026-10-07T19:12:49,announcement,Appointment,,https://nsearchives.nseindia.com/corporate/SBIMF2026_07102026191002_Appointment_of_SMP_final.pdf
Bluspring Enterprises Limited,BLUSPRING,NSE,2026-10-07T19:11:55,announcement,"Certificate under SEBI (Depositories and Participants) Regulations, 2018",,https://nsearchives.nseindia.com/corporate/BLUSPRING_07102026191118_Bluspring_-_Reg_74_5__-_Sep_2026_SE_1.pdf
Heads UP Ventures Limited,HEADSUP,NSE,2026-10-07T19:10:54,announcement,Cessation,,https://nsearchives.nseindia.com/corporate/TMRVL_07102026191043_Final_Intimation_Sign.pdf
Davangere Sugar Company Limited,DAVANGERE,NSE,2026-10-07T19:10:44,announcement,General Updates,,https://nsearchives.nseindia.com/corporate/DAVANGERESUGAR_07102026191004_DSCL_Corrigendum_Final.pdf
Karur Vysya Bank Limited,KARURVYSYA,NSE,2026-10-07T19:09:57,announcement,General Updates,,https://nsearchives.nseindia.com/corporate/KARURVYSYA_07102026190754_Intimation_DSC.pdf
The Karnataka Bank Limited,KTKBANK,NSE,2026-10-07T19:09:51,announcement,"Certificate under SEBI (Depositories and Participants) Regulations, 2018",,https://nsearchives.nseindia.com/corporate/KTKBANK_07102026190940_7745SD.pdf
Vedant Fashions Limited,MANYAVAR,NSE,2026-10-07T19:09:45,announcement,ESOP/ESOS/ESPS,,https://nsearchives.nseindia.com/corporate/MANYAVAR_07102026190926_Intimationallotment07102026NSE.pdf
Kshitij Polyline Limited,KSHITIJPOL,NSE,2026-10-07T19:07:56,announcement,Appointment,,https://nsearchives.nseindia.com/corporate/KSHITIJPOL_07102026190745_Outcome_sd.pdf
Castrol India Limited,CASTROLIND,NSE,2026-10-07T19:06:19,announcement,Analysts/Institutional Investor Meet/Con. Call Updates,,https://nsearchives.nseindia.com/corporate/CASTROLINDIA_07102026190531_SE_Intimation_Post_Earnings_Call_26Oct2026.pdf
Williamson Magor & Company Limited,WILLAMAGOR,NSE,2026-10-07T19:06:18,announcement,"Certificate under SEBI (Depositories and Participants) Regulations, 2018",,https://nsearchives.nseindia.com/corporate/WILLAMAGOR_07102026190604_SE7430092026.pdf
The Karnataka Bank Limited,KTKBANK,NSE,2026-10-07T19:04:42,announcement,Updates,,https://nsearchives.nseindia.com/corporate/KTKBANK_07102026190230_Regulation67signed.pdf
Strides Pharma Science Limited,STAR,NSE,2026-10-07T19:04:14,announcement,"Certificate under SEBI (Depositories and Participants) Regulations, 2018",,https://nsearchives.nseindia.com/corporate/STRIDES_07102026185728_SE_Intimation.pdf
Asset Reconstruction Company (India) Limited,ARCIL,NSE,2026-10-07T19:03:21,announcement,General Updates,,https://nsearchives.nseindia.com/corporate/ARCIL_07102026190253_Audio_Recording_Upload.pdf
Talwalkars Better Value Fitness Limited,TALWALKARS,NSE,2026-10-07T19:03:15,announcement,Appointment,,https://nsearchives.nseindia.com/corporate/TALWALKARS1_07102026190302_Outcome_without_Intimation_of_Board_Meeting_07102026_Signed.pdf
Borana Weaves Limited,BORANA,NSE,2026-10-07T19:03:12,announcement,"Certificate under SEBI (Depositories and Participants) Regulations, 2018",,https://nsearchives.nseindia.com/corporate/BORANA_07102026190149_BWL_74_5__SEP_2026.pdf
Pramodini Medicare Limited,PRAMODINI,NSE,2026-10-07T19:02:14,announcement,Structural Digital Database,,https://nsearchives.nseindia.com/corporate/PRAMODINI26_07102026190137_Covering_and_PCS_Cerificate_SDD.pdf
Swiggy Limited,SWIGGY,NSE,2026-10-07T19:01:29,announcement,Analysts/Institutional Investor Meet/Con. Call Updates,,https://nsearchives.nseindia.com/corporate/SWIGGY_07102026185956_Earningscall_Q2FY27_Signed.pdf
Talwalkars Better Value Fitness Limited,TALWALKARS,NSE,2026-10-07T19:00:30,announcement,Outcome of Board Meeting,,https://nsearchives.nseindia.com/corporate/TALWALKARS1_07102026190011_Outcome_without_Intimation_of_Board_Meeting_07102026_Signed.pdf
Pramodini Medicare Limited,PRAMODINI,NSE,2026-10-07T18:59:53,announcement,Integrated Filing- Governance,,https://nsearchives.nseindia.com/corporate/PRAMODINI26_07102026185910_Covering_and_CG_Compliance_Certificate.pdf
TD Power Systems Limited,TDPOWERSYS,NSE,2026-10-07T18:59:39,announcement,General Updates,,https://nsearchives.nseindia.com/corporate/TDPOWERSYS_07102026185931_FRC_Outcome-SG.pdf
Ola Electric Mobility Limited,OLAELEC,NSE,2026-10-07T18:59:27,announcement,Record Date,,https://nsearchives.nseindia.com/corporate/OLAELECTRIC_07102026185643_OutcomeRightsIssueOctober072026.pdf
Anand Rathi Wealth Limited,ANANDRATHI,NSE,2026-10-07T18:59:20,announcement,Record Date,,https://nsearchives.nseindia.com/corporate/ANANDRATHI_07102026185821_IntimationRecordDateSD.pdf
HRH Next Services Limited,HRHNEXT,NSE,2026-10-07T18:59:16,announcement,Updates,,https://nsearchives.nseindia.com/corporate/HRHNEXT_07102026185800_Covering_letter.pdf
Kshitij Polyline Limited,KSHITIJPOL,NSE,2026-10-07T18:58:04,announcement,Resignation,,https://nsearchives.nseindia.com/corporate/KSHITIJPOL_07102026185715_Covering_sd_.pdf
Ola Electric Mobility Limited,OLAELEC,NSE,2026-10-07T18:55:16,announcement,Rights Issue,,https://nsearchives.nseindia.com/corporate/OLAELECTRIC_07102026185359_OutcomeRightsIssueOctober072026.pdf
Adani Green Energy Limited,ADANIGREEN,NSE,2026-10-07T18:53:44,announcement,Analysts/Institutional Investor Meet/Con. Call Updates,,https://nsearchives.nseindia.com/corporate/ADANIGREEN_07102026185331_Letter.pdf
Veritaas Advertising Limited,VERITAAS,NSE,2026-10-07T18:53:40,announcement,"Certificate under SEBI (Depositories and Participants) Regulations, 2018",,https://nsearchives.nseindia.com/corporate/VARITAAS_07102026185331_Intimation_74_5__VAL_SEPTEMBER.pdf
Kshitij Polyline Limited,KSHITIJPOL,NSE,2026-10-07T18:53:16,announcement,Outcome of Board Meeting,,https://nsearchives.nseindia.com/corporate/KSHITIJPOL_07102026185253_Outcome_sd.pdf
Bajaj Finance Limited,BAJFINANCE,NSE,2026-10-07T18:52:28,announcement,"Certificate under SEBI (Depositories and Participants) Regulations, 2018",,https://nsearchives.nseindia.com/corporate/BAJFINANCE_07102026185211_74_5__sd.pdf
Jupiter Life Line Hospitals Limited,JLHL,NSE,2026-10-07T18:51:49,announcement,"Certificate under SEBI (Depositories and Participants) Regulations, 2018",,https://nsearchives.nseindia.com/corporate/JUPITER2023_07102026185122_Reg_74_5_.pdf
Kfin Technologies Limited,KFINTECH,NSE,2026-10-07T18:49:56,announcement,Analysts/Institutional Investor Meet/Con. Call Updates,,https://nsearchives.nseindia.com/corporate/KFINTECHNSE_07102026184948_Intimation.pdf
Veegaland Developers Limited,VEEGALAND,NSE,2026-10-07T18:49:47,announcement,Credit Rating- New,,https://nsearchives.nseindia.com/corporate/VEEGALAND_07102026184807_Intimation_of_credit_rating_sd.pdf
J.G.Chemicals Limited,JGCHEM,NSE,2026-10-07T18:49:12,announcement,Analysts/Institutional Investor Meet/Con. Call Updates,,https://nsearchives.nseindia.com/corporate/9903318000_07102026184859_Investor_Meet_Intimation_12102026.pdf
DLF Limited,DLF,NSE,2026-10-07T18:49:08,announcement,Updates,,https://nsearchives.nseindia.com/corporate/DLF_07102026184832_Letter.pdf
Torrent Power Limited,TORNTPOWER,NSE,2026-10-07T18:48:50,announcement,General Updates,,https://nsearchives.nseindia.com/corporate/TORNTPOWER_07102026184836_Termination_of_Agreement.pdf
Papadmalji Agro Foods Limited,PAPADMALJI,NSE,2026-10-07T18:48:34,announcement,Updates,,https://nsearchives.nseindia.com/corporate/PAPADMALJI_07102026184817_KMP_materiality.pdf
Chennai Petroleum Corporation Limited,CHENNPETRO,NSE,2026-10-07T18:46:52,announcement,Appointment,,https://nsearchives.nseindia.com/corporate/CHENNPETRO_07102026184627_Reg30.pdf
Skipper Limited,SKIPPER,NSE,2026-10-07T18:46:38,announcement,Updates,,https://nsearchives.nseindia.com/corporate/skipper_07102026184613_priorintimation.pdf
Fractal Analytics Limited,FRACTAL,NSE,2026-10-07T18:46:20,announcement,"Certificate under SEBI (Depositories and Participants) Regulations, 2018",,https://nsearchives.nseindia.com/corporate/FRACTAL_07102026184555_Reg_74_5_Intimation.pdf
Punjab National Bank,PNB,NSE,2026-10-07T18:44:52,announcement,General Updates,,https://nsearchives.nseindia.com/corporate/pnb2_07102026184312_Intimation_InterestRateChange_07102026_DS.pdf
Power Mech Projects Limited,POWERMECH,NSE,2026-10-07T18:44:41,announcement,"Certificate under SEBI (Depositories and Participants) Regulations, 2018",,https://nsearchives.nseindia.com/corporate/POWERMECH_07102026184434_CL.pdf
Wakefit Innovations Limited,WAKEFIT,NSE,2026-10-07T18:44:38,announcement,"Certificate under SEBI (Depositories and Participants) Regulations, 2018",,https://nsearchives.nseindia.com/corporate/WAKEFIT2025_07102026184339_SE_certificate74_5.pdf
SG Finserve Limited,SGFIN,NSE,2026-10-07T18:43:56,announcement,"Certificate under SEBI (Depositories and Participants) Regulations, 2018",,https://nsearchives.nseindia.com/corporate/SGFINSERVE_07102026184342_Depository_toupload.pdf
Papadmalji Agro Foods Limited,PAPADMALJI,NSE,2026-10-07T18:42:19,announcement,Updates,,https://nsearchives.nseindia.com/corporate/PAPADMALJI_07102026184153_CS_CO.pdf
Glass Wall Systems (India) Limited,GLASSWALL,NSE,2026-10-07T18:41:22,announcement,Updates,,https://nsearchives.nseindia.com/corporate/GLASSWALL_07102026184110_2026_10_07_-_Intimation_for_CIN_Change.pdf
Onyx Biotec Limited,ONYX,NSE,2026-10-07T18:39:25,announcement,Committee Meeting Updates,,https://nsearchives.nseindia.com/corporate/ONYX_07102026183104_Meeing_Outcome.pdf
Orient Cement Limited,ORIENTCEM,NSE,2026-10-07T18:35:51,announcement,Analysts/Institutional Investor Meet/Con. Call Updates,,https://nsearchives.nseindia.com/corporate/ORIENTCEM_07102026183207_OCL_Investormeet_07102026.pdf
Pashupati Cotspin Limited,PASHUPATI,NSE,2026-10-07T18:34:16,announcement,"Certificate under SEBI (Depositories and Participants) Regulations, 2018",,https://nsearchives.nseindia.com/corporate/PASHUPATI_07102026183403_Regulation-74_5_.pdf
Cohance Lifesciences Limited,COHANCE,NSE,2026-10-07T18:34:12,announcement,"Certificate under SEBI (Depositories and Participants) Regulations, 2018",,https://nsearchives.nseindia.com/corporate/SUVENPHARMSUSHEEL_07102026183316_COHANCE_Certificate_Reg_74_5__30092026.pdf
Utkal Speciality Industries India Limited,UTKAL,NSE,2026-10-07T18:33:31,announcement,Updates,,https://nsearchives.nseindia.com/corporate/UTKALIPOSME_07102026183222_Regulation33_3_outcomeBM-Utkal.pdf
Aavas Financiers Limited,AAVAS,NSE,2026-10-07T18:32:40,announcement,Allotment of Securities,,https://nsearchives.nseindia.com/corporate/AAVAS_07102026183218_SE_Intimation.pdf
ETERNAL LIMITED,ETERNAL,NSE,2026-10-07T18:30:10,announcement,"Certificate under SEBI (Depositories and Participants) Regulations, 2018",,https://nsearchives.nseindia.com/corporate/ZOMATO_07102026182413_SignedCertificateSeptember2026.pdf
Indian Bank,INDIANB,NSE,2026-10-07T18:28:11,announcement,General Updates,,https://nsearchives.nseindia.com/corporate/INDIANB_07102026182738_SE_Revision_Interest__Rate07102026.pdf
Sar Televenture Limited,SARTELE,NSE,2026-10-07T18:28:08,announcement,Copy of Newspaper Publication,,https://nsearchives.nseindia.com/corporate/SARTELEVENTURE2023_07102026182800_SAR_Newspaper.pdf
Natco Pharma Limited,NATCOPHARM,NSE,2026-10-07T18:27:59,announcement,Copy of Newspaper Publication,,https://nsearchives.nseindia.com/corporate/NATCOPHARM_07102026182719_PaperPublicationsRights.pdf
Aeroflex Enterprises Limited,AEROENTER,NSE,2026-10-07T18:26:18,announcement,"Certificate under SEBI (Depositories and Participants) Regulations, 2018",,https://nsearchives.nseindia.com/corporate/SATINDUSTRIES_07102026182604_AEL_Coveringlettersigned.pdf
D. P. Abhushan Limited,DPABHUSHAN,NSE,2026-10-07T18:24:57,announcement,Shareholders meeting,,https://nsearchives.nseindia.com/corporate/DPABHUSHAN_07102026182412_Intimation_Notice_of_EoGM_29102026_Signed.pdf
MRF Limited,MRF,NSE,2026-10-07T18:23:26,announcement,Pendency of Litigation(s)/dispute(s) or the outcome impacting the Company,,https://nsearchives.nseindia.com/corporate/MRF_07102026182247_STOCKEXCHANGE071026.pdf
Rajshree Sugars & Chemicals Limited,RAJSREESUG,NSE,2026-10-07T18:23:05,announcement,"Certificate under SEBI (Depositories and Participants) Regulations, 2018",,https://nsearchives.nseindia.com/corporate/RAJSREESUG2_07102026182230_RSCL_to_StockExchanges_Reg74_300926_sd.pdf
WeWork India Management Limited,WEWORK,NSE,2026-10-07T18:22:32,announcement,"Certificate under SEBI (Depositories and Participants) Regulations, 2018",,https://nsearchives.nseindia.com/corporate/WEWORK_07102026182140_WeWork_-_Reg_74_5.pdf
Shri Ram Switchgears Limited,SRIRAM,NSE,2026-10-07T18:22:22,announcement,"Certificate under SEBI (Depositories and Participants) Regulations, 2018",,https://nsearchives.nseindia.com/corporate/SRIRAM_07102026182202_Reg_74_5_.pdf
R.P.P. Infra Projects Limited,RPPINFRA,NSE,2026-10-07T18:20:35,announcement,General Updates,,https://nsearchives.nseindia.com/corporate/RPPINFRA_07102026181711_Stock_Exchange_intimation-Legend_96-withdrawal_of_the_proposal.pdf
Papadmalji Agro Foods Limited,PAPADMALJI,NSE,2026-10-07T18:19:43,announcement,Trading Window,,https://nsearchives.nseindia.com/corporate/PAPADMALJI_07102026181917_TWC.pdf
Arisinfra Solutions Limited,ARIS,NSE,2026-10-07T18:19:37,announcement,"Certificate under SEBI (Depositories and Participants) Regulations, 2018",,https://nsearchives.nseindia.com/corporate/ARISINFRA2024_07102026181425_ASL_Intimation_74_5__sd.pdf
Compuage Infocom Limited,COMPINFO,NSE,2026-10-07T18:19:35,announcement,Corporate Insolvency Resolution Process,,https://nsearchives.nseindia.com/corporate/COMPINFO_07102026181914_Intimation_letter_for_outcome_of_meeting_signed.pdf
Agastya Energy and Infrastructure Limited,AGASTYAEN,NSE,2026-10-07T18:18:55,announcement,Shareholders meeting,,https://nsearchives.nseindia.com/corporate/SANGINITA_07102026181831_EGM_Proceedings.pdf
Indian Terrain Fashions Limited,INDTERRAIN,NSE,2026-10-07T18:17:51,announcement,Copy of Newspaper Publication,,https://nsearchives.nseindia.com/corporate/INDTERRAIN_07102026181743_CoveringLetterNewsAdSpecialWindowSd.pdf
V R Infraspace Limited,VR,NSE,2026-10-07T18:17:35,announcement,Bagging/Receiving of orders/contracts,,https://nsearchives.nseindia.com/corporate/VRIL_07102026181714_Letter_AmreliWork.pdf
Rajshree Sugars & Chemicals Limited,RAJSREESUG,NSE,2026-10-07T18:17:05,announcement,Monthly Business Updates,,https://nsearchives.nseindia.com/corporate/RAJSREESUG2_07102026181601_Operational_Data_Sep2026_3Units_sd.pdf
Tata Elxsi Limited,TATAELXSI,NSE,2026-10-07T18:16:38,announcement,"Certificate under SEBI (Depositories and Participants) Regulations, 2018",,https://nsearchives.nseindia.com/corporate/TELNSE_07102026181621_Reg74Certificate.pdf
The South Indian Bank Limited,SOUTHBANK,NSE,2026-10-07T18:16:11,announcement,"Certificate under SEBI (Depositories and Participants) Regulations, 2018",,https://nsearchives.nseindia.com/corporate/SOUTHBANK_07102026181535_SD_STT_74_5_OFSEBIDP_07OCT2026.pdf
Ugro Capital Limited,UGROCAP,NSE,2026-10-07T18:16:10,announcement,Suspension of Trading,,-
Axita Cotton Limited,AXITA,NSE,2026-10-07T18:16:01,announcement,"Certificate under SEBI (Depositories and Participants) Regulations, 2018",,https://nsearchives.nseindia.com/corporate/AXITA_07102026181436_Disclosure_Reg_74_5_-Q-2-30-09-2026_S.pdf
JK Cement Limited,JKCEMENT,NSE,2026-10-07T18:15:49,announcement,"Certificate under SEBI (Depositories and Participants) Regulations, 2018",,https://nsearchives.nseindia.com/corporate/JKCEMENT_07102026181534_Regulation_74_5__of_SEBI__DP_.pdf
Adani Enterprises Limited,ADANIENT,NSE,2026-10-07T18:15:26,announcement,"Certificate under SEBI (Depositories and Participants) Regulations, 2018",,https://nsearchives.nseindia.com/corporate/nishant_joshi_adani_com_07102026181520_74_5_CoveringLetterseptember2026.pdf
Radiant Cash Management Services Limited,RADIANTCMS,NSE,2026-10-07T18:15:10,announcement,"Certificate under SEBI (Depositories and Participants) Regulations, 2018",,https://nsearchives.nseindia.com/corporate/RADIANTCASH_07102026181450_RCMSRegualtions74_SD.pdf
Greenchef Appliances Limited,GREENCHEF,NSE,2026-10-07T18:14:36,announcement,Change in Management,,https://nsearchives.nseindia.com/corporate/GREENCHEF_07102026181404_Change_in_Management_CS_Appintment_Signed.pdf
Campus Activewear Limited,CAMPUS,NSE,2026-10-07T18:13:53,announcement,ESOP/ESOS/ESPS,,https://nsearchives.nseindia.com/corporate/CAMPUSSHOES_07102026181232_NRCOUTCOME0710SIGNED.pdf
Kanoria Chemicals & Industries Limited,KANORICHEM,NSE,2026-10-07T18:13:53,announcement,Press Release,,https://nsearchives.nseindia.com/corporate/KANORICHEM_07102026181240_Letter.pdf
Bhagyanagar India Limited,BHAGYANGR,NSE,2026-10-07T18:12:52,announcement,Change in Management,,https://nsearchives.nseindia.com/corporate/BHAGYANGR_07102026181227_Cessation.pdf
Greenchef Appliances Limited,GREENCHEF,NSE,2026-10-07T18:12:31,announcement,Appointment,,https://nsearchives.nseindia.com/corporate/GREENCHEF_07102026181205_Change_in_Management_CS_Appintment_Signed.pdf
Adani Enterprises Limited,ADANIENT,NSE,2026-10-07T18:11:40,announcement,Credit Rating,,https://nsearchives.nseindia.com/corporate/nishant_joshi_adani_com_07102026181135_AELIntimationCreditRating07102026.pdf
SKY GOLD AND DIAMONDS LIMITED,SKYGOLD,NSE,2026-10-07T18:11:35,announcement,Acquisition,,https://nsearchives.nseindia.com/corporate/SKYGOLD_07102026181115_IntimationAcq.pdf
EPL Limited,EPL,NSE,2026-10-07T18:11:22,announcement,Credit Rating,,https://nsearchives.nseindia.com/corporate/Sonia_Gupte_07102026181114_CreditRatingSd.pdf
Jainik Power Cables Limited,JAINIK,NSE,2026-10-07T18:10:03,announcement,"Certificate under SEBI (Depositories and Participants) Regulations, 2018",,https://nsearchives.nseindia.com/corporate/JAINIK_07102026180855_RSCAR_PCS_Certificate.pdf
Tinna Rubber and Infrastructure Limited,TINNARUBR,NSE,2026-10-07T18:09:08,announcement,General Updates,,https://nsearchives.nseindia.com/corporate/TINNARUBBER_07102026180128_TRIL_SEIntimation_Tinna_Chile_07Oct26.pdf
Greenchef Appliances Limited,GREENCHEF,NSE,2026-10-07T18:09:03,announcement,Change in Company Secretary/Compliance Officer,,https://nsearchives.nseindia.com/corporate/GREENCHEF_07102026180848_Change_in_Management_CS_Appintment_Signed.pdf
Jain Resource Recycling Limited,JAINREC,NSE,2026-10-07T18:08:31,announcement,General Updates,,https://nsearchives.nseindia.com/corporate/JAINMETAL_07102026180735_NSEBSEIPOPB.pdf
HDB Financial Services Limited,HDBFS,NSE,2026-10-07T18:07:49,announcement,"Certificate under SEBI (Depositories and Participants) Regulations, 2018",,https://nsearchives.nseindia.com/corporate/HDBF_07102026180401_Regulation_74_5__-_30092026.pdf
DIC India Limited,DICIND,NSE,2026-10-07T18:07:16,announcement,"Certificate under SEBI (Depositories and Participants) Regulations, 2018",,https://nsearchives.nseindia.com/corporate/DICIND_07102026180705_Regulation_74_5__certificate_sd.pdf
Greenchef Appliances Limited,GREENCHEF,NSE,2026-10-07T18:07:00,announcement,Outcome of Board Meeting,,https://nsearchives.nseindia.com/corporate/GREENCHEF_07102026180250_BM_Outcome_07102026_Signed.pdf
Britannia Industries Limited,BRITANNIA,NSE,2026-10-07T18:05:51,announcement,Copy of Newspaper Publication,,https://nsearchives.nseindia.com/corporate/BRITANNIA1_07102026180510_SE_Intimation.pdf
D P Wires Limited,DPWIRES,NSE,2026-10-07T18:04:25,announcement,Price movement,,-
Krishna Defence and Allied Industries Limited,KRISHNADEF,NSE,2026-10-07T18:04:16,announcement,Price movement,,-
Windsor Machines Limited,WINDMACHIN,NSE,2026-10-07T18:03:32,announcement,Shareholders meeting,,https://nsearchives.nseindia.com/corporate/WINDMACHIN_07102026180128_Covering_Letter_for_Postal_Ballot_Notice.pdf
Jain Irrigation Systems Limited,JISLJALEQS,NSE,2026-10-07T18:03:12,announcement,Spurt in Volume,,-
Jai Balaji Industries Limited,JAIBALAJI,NSE,2026-10-07T18:02:44,announcement,Updates,,https://nsearchives.nseindia.com/corporate/JAIBALAJI_07102026180232_INTIMATIONSIGNED.pdf
Kirloskar Industries Limited,KIRLOSIND,NSE,2026-10-07T18:02:03,announcement,Updates,,https://nsearchives.nseindia.com/corporate/KIRLOSIND_07102026180144_Intimation.pdf
VA Tech Wabag Limited,WABAG,NSE,2026-10-07T17:59:31,announcement,"Certificate under SEBI (Depositories and Participants) Regulations, 2018",,https://nsearchives.nseindia.com/corporate/VATECH_07102026175430_SI_Reg74_5__30092026.pdf
TVS Holdings Limited,TVSHLTD,NSE,2026-10-07T17:58:35,announcement,Copy of Newspaper Publication,,https://nsearchives.nseindia.com/corporate/SUNCLAYLTD_07102026175822_BSENSEINTIMATIONSGD.pdf
Adani Power Limited,ADANIPOWER,NSE,2026-10-07T17:58:28,announcement,Analysts/Institutional Investor Meet/Con. Call Updates,,https://nsearchives.nseindia.com/corporate/ADANIPOWER_07102026175819_APLinteractionwithInvestors07102026.pdf
Kalyani Forge Limited,KALYANIFRG,NSE,2026-10-07T17:58:14,announcement,"Certificate under SEBI (Depositories and Participants) Regulations, 2018",,https://nsearchives.nseindia.com/corporate/KALYANIFRG_07102026175713_KFL_Reg_74_disclosure_-_Signed.pdf
KEI Industries Limited,KEI,NSE,2026-10-07T17:58:03,announcement,ESOP/ESOS/ESPS,,https://nsearchives.nseindia.com/corporate/KEI_07102026175750_Signed_ESOP_Intimation.pdf
OCCL Limited,OCCLLTD,NSE,2026-10-07T17:57:20,announcement,"Certificate under SEBI (Depositories and Participants) Regulations, 2018",,https://nsearchives.nseindia.com/corporate/OCCLLTD_07102026175710_Disclsoure74.pdf
PTC India Limited,PTC,NSE,2026-10-07T17:56:47,announcement,"Certificate under SEBI (Depositories and Participants) Regulations, 2018",,https://nsearchives.nseindia.com/corporate/PTC_07102026175625_Reg_74_5_intimation.pdf
Innova Captab Limited,INNOVACAP,NSE,2026-10-07T17:56:33,announcement,"Certificate under SEBI (Depositories and Participants) Regulations, 2018",,https://nsearchives.nseindia.com/corporate/INNOVACAPTAB_07102026175407_Intimation_pursuant_to_Reg_74_5__SEBI__DP__signed.pdf
ASK Automotive Limited,ASKAUTOLTD,NSE,2026-10-07T17:56:01,announcement,Action(s) initiated or orders passed,,https://nsearchives.nseindia.com/corporate/8448091598_07102026175541_Stxintimation_.pdf
Jet Knitwears Limited,JETKNIT,NSE,2026-10-07T17:55:41,announcement,"Certificate under SEBI (Depositories and Participants) Regulations, 2018",,https://nsearchives.nseindia.com/corporate/JETKNIT_07102026175526_74-5_SE_oct.pdf
Go Fashion (India) Limited,GOCOLORS,NSE,2026-10-07T17:55:00,announcement,General Updates,,https://nsearchives.nseindia.com/corporate/GOCOLORS_07102026175415_Reg-30CTCSigned.pdf
B.A.G Films and Media Limited,BAGFILMS,NSE,2026-10-07T17:54:20,announcement,"Certificate under SEBI (Depositories and Participants) Regulations, 2018",,https://nsearchives.nseindia.com/corporate/BAGFILMS_07102026174841_BAGFILMSCCUR7430092026.pdf
Moschip Technologies Limited,MOSCHIP,NSE,2026-10-07T17:53:56,announcement,"Certificate under SEBI (Depositories and Participants) Regulations, 2018",,https://nsearchives.nseindia.com/corporate/MOSCHIP_07102026175340_Reg_74_5__certificate_to_Stock_Exchanges.pdf
Tech Mahindra Limited,TECHM,NSE,2026-10-07T17:53:55,announcement,"Certificate under SEBI (Depositories and Participants) Regulations, 2018",,https://nsearchives.nseindia.com/corporate/Apekshakhemka_07102026175315_Signed_SE_Certificate_under74_5__Q2.pdf
Adisoft Technologies Limited,ADISOFT,NSE,2026-10-07T17:53:47,announcement,Press Release,,https://nsearchives.nseindia.com/corporate/ADISOFT_07102026175322_ATL_Press_Release.pdf
Garware Hi-Tech Films Limited,GRWRHITECH,NSE,2026-10-07T17:53:22,announcement,"Certificate under SEBI (Depositories and Participants) Regulations, 2018",,https://nsearchives.nseindia.com/corporate/GRWRHITECH_07102026175314_GHFL-_Intimation_Certificate_UR_74_5_.pdf
Indo-National Limited,NIPPOBATRY,NSE,2026-10-07T17:53:03,announcement,Acquisition,,https://nsearchives.nseindia.com/corporate/NIPPOBATRY_07102026175237_INL_Stock_Exchange_Disclosuresd.pdf
Amara Raja Energy & Mobility Limited,ARE&M,NSE,2026-10-07T17:53:00,announcement,"Certificate under SEBI (Depositories and Participants) Regulations, 2018",,https://nsearchives.nseindia.com/corporate/AMARARAJA_07102026175207_Reg74_5_.pdf
IRM Energy Limited,IRMENERGY,NSE,2026-10-07T17:53:00,announcement,Credit Rating,,https://nsearchives.nseindia.com/corporate/IRMENERGY_07102026175251_creditrating071026signed.pdf
Vedanta Aluminium Metal Limited,VAML,NSE,2026-10-07T17:52:59,announcement,"Certificate under SEBI (Depositories and Participants) Regulations, 2018",,https://nsearchives.nseindia.com/corporate/VAML_07102026175200_VAMLSEIntimationReg74_5_Q2FY27signed.pdf
AGI Greenpac Limited,AGI,NSE,2026-10-07T17:52:46,announcement,Structural Digital Database,,https://nsearchives.nseindia.com/corporate/HSIL_07102026175229_AGICertificateforcomplianceofSDD.pdf
Berger Paints (I) Limited,BERGEPAINT,NSE,2026-10-07T17:52:42,announcement,Shareholders meeting,,https://nsearchives.nseindia.com/corporate/PAINTBERGE_07102026175132_Reg44PostalBalot.pdf
NACL Industries Limited,NACLIND,NSE,2026-10-07T17:52:35,announcement,"Certificate under SEBI (Depositories and Participants) Regulations, 2018",,https://nsearchives.nseindia.com/corporate/NACLIND_07102026175144_Certificate_under_Regualtion_74_5_.pdf
Senco Gold Limited,SENCO,NSE,2026-10-07T17:52:07,announcement,General Updates,,https://nsearchives.nseindia.com/corporate/Sencogold_07102026175129_SE_Intimation_Business_Update_07102026.pdf
Automotive Axles Limited,AUTOAXLES,NSE,2026-10-07T17:51:48,announcement,"Certificate under SEBI (Depositories and Participants) Regulations, 2018",,https://nsearchives.nseindia.com/corporate/AUTOAXLES_07102026175128_RTAConfirmationQ2.pdf
Crizac Limited,CRIZAC,NSE,2026-10-07T17:51:35,announcement,"Certificate under SEBI (Depositories and Participants) Regulations, 2018",,https://nsearchives.nseindia.com/corporate/CRIZAC0301_07102026175119_Certificate_under_SEBI_DP_Regulations_2018.pdf
Oriental Aromatics Limited,OAL,NSE,2026-10-07T17:51:24,announcement,"Certificate under SEBI (Depositories and Participants) Regulations, 2018",,https://nsearchives.nseindia.com/corporate/OAL_07102026175106_Intimation.pdf
Apollo Tyres Limited,APOLLOTYRE,NSE,2026-10-07T17:51:17,announcement,"Certificate under SEBI (Depositories and Participants) Regulations, 2018",,https://nsearchives.nseindia.com/corporate/APOLLOTYRE1_07102026175111_intimationcertificate745.pdf
Refractory Shapes Limited,REFRACTORY,NSE,2026-10-07T17:51:12,announcement,Resignation of Director/KMP/SMP,,https://nsearchives.nseindia.com/corporate/REFRACTORY_ROID_99932_KMP_Doc.zip
Race Eco Chain Limited,RACE,NSE,2026-10-07T17:51:03,announcement,"Certificate under SEBI (Depositories and Participants) Regulations, 2018",,https://nsearchives.nseindia.com/corporate/RACEECOCHAIN_07102026175048_Reg_74_5_.pdf
Timken India Limited,TIMKEN,NSE,2026-10-07T17:50:49,announcement,"Certificate under SEBI (Depositories and Participants) Regulations, 2018",,https://nsearchives.nseindia.com/corporate/TIMKEN_07102026174806_Letter07102026.pdf
Eris Lifesciences Limited,ERIS,NSE,2026-10-07T17:50:37,announcement,"Certificate under SEBI (Depositories and Participants) Regulations, 2018",,https://nsearchives.nseindia.com/corporate/ERIS_07102026175020_Intimationsigned.pdf
ICICI Prudential Asset Management Company Limited,ICICIAMC,NSE,2026-10-07T17:49:36,announcement,Analysts/Institutional Investor Meet/Con. Call Updates,,https://nsearchives.nseindia.com/corporate/AMCSECRETARIAL_07102026174847_ICICIINTIMATIONMEDIACALL.pdf
STEEL EXCHANGE INDIA LIMITED,STEELXIND,NSE,2026-10-07T17:49:22,announcement,Updates,,https://nsearchives.nseindia.com/corporate/STEELXIND_07102026174708_Intimation_Regulation_57_of_LODR_October_Interest_and_Principal.pdf
Godrej Properties Limited,GODREJPROP,NSE,2026-10-07T17:49:12,announcement,Press Release,,https://nsearchives.nseindia.com/corporate/GODREJPROP_07102026174857_SEIntimationPressRelease07102026.pdf
Pudumjee Paper Products Limited,PDMJEPAPER,NSE,2026-10-07T17:48:07,announcement,Sale or disposal,,https://nsearchives.nseindia.com/corporate/PDMJEPAPER_07102026174757_PPPLRegulation30DisinvesmentMitcon07102026.pdf
Lodha Developers Limited,LODHA,NSE,2026-10-07T17:48:06,announcement,Allotment of Securities,,https://nsearchives.nseindia.com/corporate/LODHA_07102026174741_AllotmentunderESOP07102026.pdf
CLC Industries Limited,CLCIND,NSE,2026-10-07T17:47:54,announcement,"Certificate under SEBI (Depositories and Participants) Regulations, 2018",,https://nsearchives.nseindia.com/corporate/SPENTEX_BVR_07102026174737_intimationSF.pdf
Ganesh Benzoplast Limited,GANESHBE,NSE,2026-10-07T17:47:47,announcement,Analysts/Institutional Investor Meet/Con. Call Updates,,https://nsearchives.nseindia.com/corporate/GANESHBE_07102026174703_covering_letter_CONCALL_AUDIO.pdf
Adisoft Technologies Limited,ADISOFT,NSE,2026-10-07T17:47:29,announcement,General Updates,,https://nsearchives.nseindia.com/corporate/ADISOFT_07102026174703_ATL_Press_Release.pdf
Jubilant Ingrevia Limited,JUBLINGREA,NSE,2026-10-07T17:47:18,announcement,Utilisation of Funds,,https://nsearchives.nseindia.com/corporate/JUBLINGREA_07102026174711_CP_Utilization_sept_2026.pdf
Sharp Chucks and Machines Limited,SCML,NSE,2026-10-07T17:47:17,announcement,Resignation of Director/KMP/SMP,,https://nsearchives.nseindia.com/corporate/SCML_ROID_99931_KMP_Doc.zip
Glass Wall Systems (India) Limited,GLASSWALL,NSE,2026-10-07T17:47:10,announcement,Analysts/Institutional Investor Meet/Con. Call Updates,,https://nsearchives.nseindia.com/corporate/GLASSWALL_07102026174533_2026_10_07_-_Outcome_of_Audio_Recording_-_s.pdf
Mangalam Global Enterprise Limited,MGEL,NSE,2026-10-07T17:46:41,announcement,"Certificate under SEBI (Depositories and Participants) Regulations, 2018",,https://nsearchives.nseindia.com/corporate/MGEL_07102026174615_REGULATION74_5_ANNOUCEMENT_SIGNED.pdf
Apollo Tyres Limited,APOLLOTYRE,NSE,2026-10-07T17:46:19,announcement,Copy of Newspaper Publication,,https://nsearchives.nseindia.com/corporate/APOLLOTYRE1_07102026174609_intimationnewspaperadv.pdf
LIC Housing Finance Limited,LICHSGFIN,NSE,2026-10-07T17:44:53,announcement,"Certificate under SEBI (Depositories and Participants) Regulations, 2018",,https://nsearchives.nseindia.com/corporate/LICHSGFIN_07102026174442_Certicate_Reg_74_5Q2.pdf
RSWM Limited,RSWM,NSE,2026-10-07T17:44:17,announcement,General Updates,,https://nsearchives.nseindia.com/corporate/RSWM_07102026174408_Relodgement_report.pdf
Mahalaxmi Rubtech Limited,MHLXMIRU,NSE,2026-10-07T17:43:13,announcement,"Certificate under SEBI (Depositories and Participants) Regulations, 2018",,https://nsearchives.nseindia.com/corporate/MHLXMIRU_07102026174303_74_5_.pdf
Tamilnad Mercantile Bank Limited,TMB,NSE,2026-10-07T17:43:03,announcement,General Updates,,https://nsearchives.nseindia.com/corporate/9659523378_07102026174238_76.pdf
CEAT Limited,CEATLTD,NSE,2026-10-07T17:42:16,announcement,"Certificate under SEBI (Depositories and Participants) Regulations, 2018",,https://nsearchives.nseindia.com/corporate/CEATLTD_07102026174153_CEATSELetterReg74signed.pdf
Prudent Corporate Advisory Services Limited,PRUDENT,NSE,2026-10-07T17:41:37,announcement,"Certificate under SEBI (Depositories and Participants) Regulations, 2018",,https://nsearchives.nseindia.com/corporate/PRUDENT9992_07102026174126_Intimation.pdf
Yaap Digital Limited,YAAP,NSE,2026-10-07T17:40:52,announcement,"Certificate under SEBI (Depositories and Participants) Regulations, 2018",,https://nsearchives.nseindia.com/corporate/YAAPDIGITAL_07102026174043_Reg_74_5__SEBI__DP__Reg_2018.pdf
Identical Brains Studios Limited,IDENTICAL,NSE,2026-10-07T17:39:43,announcement,Price movement,,https://nsearchives.nseindia.com/corporate/-
Renol Polychem Limited,RNPL,NSE,2026-10-07T17:39:35,announcement,Price movement,,https://nsearchives.nseindia.com/corporate/-
Sundaram Finance Limited,SUNDARMFIN,NSE,2026-10-07T17:39:34,announcement,Updates,,https://nsearchives.nseindia.com/corporate/SUNDARMFIN_07102026173914_Sd.pdf
Refractory Shapes Limited,REFRACTORY,NSE,2026-10-07T17:39:28,announcement,Resignation,,https://nsearchives.nseindia.com/corporate/RSL_07102026173914_Covering_sw.pdf
Vigor Plast India Limited,VIGOR,NSE,2026-10-07T17:39:27,announcement,Price movement,,https://nsearchives.nseindia.com/corporate/-
Kirloskar Pneumatic Company Limited,KIRLPNU,NSE,2026-10-07T17:39:16,announcement,Copy of Newspaper Publication,,https://nsearchives.nseindia.com/corporate/revatideshpande_07102026173906_SEDisclosure.pdf
Tata Power Company Limited,TATAPOWER,NSE,2026-10-07T17:38:18,announcement,Press Release,,https://nsearchives.nseindia.com/corporate/KSTPCL_07102026173803_PR07102026.pdf
Best Agrolife Limited,BESTAGRO,NSE,2026-10-07T17:37:56,announcement,General Updates,,https://nsearchives.nseindia.com/corporate/BESTAGRO_07102026173742_SE_Reg_30_Brazil_subsi.pdf
PDS Limited,PDSL,NSE,2026-10-07T17:37:41,announcement,"Certificate under SEBI (Depositories and Participants) Regulations, 2018",,https://nsearchives.nseindia.com/corporate/PDSL_07102026173731_Ltr_Reg74_5_07102026.pdf
Kalyani Steels Limited,KSL,NSE,2026-10-07T17:37:30,announcement,"Certificate under SEBI (Depositories and Participants) Regulations, 2018",,https://nsearchives.nseindia.com/corporate/KSL_07102026173713_BSE_NSE_Certificate_74_5_30092026.pdf
Greenpanel Industries Limited,GREENPANEL,NSE,2026-10-07T17:36:58,announcement,"Certificate under SEBI (Depositories and Participants) Regulations, 2018",,https://nsearchives.nseindia.com/corporate/GREENPANEL_07102026173643_Reg_74_5_20260930.pdf
Nippon Life India Asset Management Limited,NAM-INDIA,NSE,2026-10-07T17:36:40,announcement,"Certificate under SEBI (Depositories and Participants) Regulations, 2018",,https://nsearchives.nseindia.com/corporate/RNLAM_07102026173627_SE_intimation74_5_.pdf
Triveni Turbine Limited,TRITURBINE,NSE,2026-10-07T17:36:09,announcement,"Certificate under SEBI (Depositories and Participants) Regulations, 2018",,https://nsearchives.nseindia.com/corporate/TRITURBINE_07102026173551_STX_74_5__30092026_sd.pdf
360 ONE WAM LIMITED,360ONE,NSE,2026-10-07T17:35:40,announcement,"Certificate under SEBI (Depositories and Participants) Regulations, 2018",,https://nsearchives.nseindia.com/corporate/IIFLWAM_07102026173528_20261007Reg74_5_CertificateSigned.pdf
Praxis Home Retail Limited,PRAXIS,NSE,2026-10-07T17:35:32,announcement,"Certificate under SEBI (Depositories and Participants) Regulations, 2018",,https://nsearchives.nseindia.com/corporate/PRAXIS_07102026172918_Cover_letter_sg.pdf
Bhageria Industries Limited,BHAGERIA,NSE,2026-10-07T17:34:59,announcement,Credit Rating,,https://nsearchives.nseindia.com/corporate/BHAGERIA_07102026173448_BSE_NSE-CREDIT_RATING.pdf
Gloster Limited,GLOSTERLTD,NSE,2026-10-07T17:33:04,announcement,"Certificate under SEBI (Depositories and Participants) Regulations, 2018",,https://nsearchives.nseindia.com/corporate/GLOSTER_07102026173241_74_5_for_upload.pdf
Teamlease Services Limited,TEAMLEASE,NSE,2026-10-07T17:32:15,announcement,Shareholders meeting,,https://nsearchives.nseindia.com/corporate/TEAMLEASE_07102026172817_TeamLeaseIntimationonPBNotice.pdf
Hindware Home Innovation Limited,HINDWAREAP,NSE,2026-10-07T17:31:55,announcement,Structural Digital Database,,https://nsearchives.nseindia.com/corporate/SHIL_07102026172906_HHILCertificateforcomplianceofSDD.pdf
Nahar Capital and Financial Services Limited,NAHARCAP,NSE,2026-10-07T17:31:12,announcement,"Certificate under SEBI (Depositories and Participants) Regulations, 2018",,https://nsearchives.nseindia.com/corporate/NAHARCAP_07102026173054_NCFSCERT74.pdf
Berger Paints (I) Limited,BERGEPAINT,NSE,2026-10-07T17:28:22,announcement,Shareholders meeting,,https://nsearchives.nseindia.com/corporate/PAINTBERGE_07102026172713_OtcomePostalBallot.pdf
Voltamp Transformers Limited,VOLTAMP,NSE,2026-10-07T17:28:10,announcement,Commencement of commercial production/operations,,https://nsearchives.nseindia.com/corporate/VOLTAMP_07102026172733_SE_INTIMATION.pdf
Lincoln Pharmaceuticals Limited,LINCOLN,NSE,2026-10-07T17:27:56,announcement,"Certificate under SEBI (Depositories and Participants) Regulations, 2018",,https://nsearchives.nseindia.com/corporate/LINCOLN_07102026172735_Covering_Letter_merged.pdf
Sudeep Pharma Limited,SUDEEPPHRM,NSE,2026-10-07T17:27:54,announcement,"Certificate under SEBI (Depositories and Participants) Regulations, 2018",,https://nsearchives.nseindia.com/corporate/SUDEEPPHARMALIMITED_07102026172733_Submission_of_Certificate_under_Regulation_74_5__of_SEBI.pdf
Hexagon Nutrition Limited,HEXAGON,NSE,2026-10-07T17:27:04,announcement,General Updates,,https://nsearchives.nseindia.com/corporate/HEXAGONNUTRITION_07102026172529_Letter_to_Shareholders_Final.pdf
GE Vernova T&D India Limited,GVT&D,NSE,2026-10-07T17:26:34,announcement,"Certificate under SEBI (Depositories and Participants) Regulations, 2018",,https://nsearchives.nseindia.com/corporate/GETDIL1_07102026172622_GETDILIntimationofRTACertificateSep2026.pdf
Maharashtra Seamless Limited,MAHSEAMLES,NSE,2026-10-07T17:26:34,announcement,Scheme of Arrangement,,https://nsearchives.nseindia.com/corporate/MAHSEAMLES_07102026172556_MSLIntimationDemerger.pdf
SHREE CEMENT LIMITED,SHREECEM,NSE,2026-10-07T17:25:35,announcement,General Updates,,https://nsearchives.nseindia.com/corporate/SHREECEM_07102026172459_NSE_BSE_Demand_order_071026.pdf
Murudeshwar Ceramics Limited,MURUDCERA,NSE,2026-10-07T17:25:29,announcement,"Certificate under SEBI (Depositories and Participants) Regulations, 2018",,https://nsearchives.nseindia.com/corporate/MURUDCERA_07102026172504_ComplianceCertificateReg74DP2018.pdf
Orbit Exports Limited,ORBTEXP,NSE,2026-10-07T17:25:22,announcement,"Certificate under SEBI (Depositories and Participants) Regulations, 2018",,https://nsearchives.nseindia.com/corporate/ORBTEXP_07102026172512_SEBIRegulation74_5__signed.pdf
KEC International Limited,KEC,NSE,2026-10-07T17:24:37,announcement,"Certificate under SEBI (Depositories and Participants) Regulations, 2018",,https://nsearchives.nseindia.com/corporate/KEC_07102026172416_SEintimation74_5_.pdf
Hexagon Nutrition Limited,HEXAGON,NSE,2026-10-07T17:23:36,announcement,Copy of Newspaper Publication,,https://nsearchives.nseindia.com/corporate/HEXAGONNUTRITION_07102026172304_Newspaper_Advertisement_Final_to_upload.pdf
Geojit Financial Services Limited,GEOJITFSL,NSE,2026-10-07T17:23:05,announcement,"Certificate under SEBI (Depositories and Participants) Regulations, 2018",,https://nsearchives.nseindia.com/corporate/MEGHAGEOJIT_07102026172249_Reg745DPNSEBSE30092026.pdf
Maral Overseas Limited,MARALOVER,NSE,2026-10-07T17:22:55,announcement,Updates,,https://nsearchives.nseindia.com/corporate/MARALOVER_07102026172110_MOL_SEintimationrelodgment.pdf
Sarda Energy & Minerals Limited,SARDAEN,NSE,2026-10-07T17:20:49,announcement,Shareholders meeting,,https://nsearchives.nseindia.com/corporate/SARDAEN_07102026171945_SEML.pdf
ATLANTAA LIMITED,ATLANTAA,NSE,2026-10-07T17:20:32,announcement,"Certificate under SEBI (Depositories and Participants) Regulations, 2018",,https://nsearchives.nseindia.com/corporate/ATLANTA_07102026172005_Revised.pdf
Dynacons Systems & Solutions Limited,DSSL,NSE,2026-10-07T17:20:28,announcement,"Certificate under SEBI (Depositories and Participants) Regulations, 2018",,https://nsearchives.nseindia.com/corporate/DSSL_07102026172002_COMPLIANCECERTIFICATE74_5_SEPT2026.pdf
UFLEX Limited,UFLEX,NSE,2026-10-07T17:20:16,announcement,"Certificate under SEBI (Depositories and Participants) Regulations, 2018",,https://nsearchives.nseindia.com/corporate/DineshSharma_07102026171931_SIGNEDUFLEXNSEBSEREG74530SEP26.pdf
Sakthi Sugars Limited,SAKHTISUG,NSE,2026-10-07T17:20:02,announcement,"Certificate under SEBI (Depositories and Participants) Regulations, 2018",,https://nsearchives.nseindia.com/corporate/SAKHTISUG_07102026171949_Reg_74_5_.pdf
One Point One Solutions Limited,ONEPOINT,NSE,2026-10-07T17:19:24,announcement,Updates,,https://nsearchives.nseindia.com/corporate/ONEPOINT_07102026171708_ONEPOINT.pdf
NBCC (India) Limited,NBCC,NSE,2026-10-07T17:19:11,announcement,"Certificate under SEBI (Depositories and Participants) Regulations, 2018",,https://nsearchives.nseindia.com/corporate/NBCC_07102026171900_Intimation.pdf
HandsOn Global Management (HGM) Limited,HGM,NSE,2026-10-07T17:18:43,announcement,"Certificate under SEBI (Depositories and Participants) Regulations, 2018",,https://nsearchives.nseindia.com/corporate/HOVS_07102026171824_HGMDeposiCert74Q2Sept302026.pdf
Alivus Life Sciences Limited,ALIVUS,NSE,2026-10-07T17:18:05,announcement,General Updates,,https://nsearchives.nseindia.com/corporate/GLS_07102026170648_Torrent_Disclosure_Update_Signed.pdf
Allcargo Terminals Limited,ATL,NSE,2026-10-07T17:17:41,announcement,Monthly Business Updates,,https://nsearchives.nseindia.com/corporate/ALLCARGOTERMINALS_07102026171724_SEuploadfinal.pdf
Deccan Transcon Leasing Limited,DECCANTRAN,NSE,2026-10-07T17:16:48,announcement,Resignation of Director/KMP/SMP,,https://nsearchives.nseindia.com/corporate/DECCANTRAN_ROID_99926_KMP_Doc.zip
Ascom Leasing & Investments Limited,ASCOM,NSE,2026-10-07T17:15:59,announcement,"Certificate under SEBI (Depositories and Participants) Regulations, 2018",,https://nsearchives.nseindia.com/corporate/Ascom2019_07102026171532_Reg_74.pdf
HCL Technologies Limited,HCLTECH,NSE,2026-10-07T17:15:28,announcement,"Certificate under SEBI (Depositories and Participants) Regulations, 2018",,https://nsearchives.nseindia.com/corporate/HCLTECH_07102026171438_Regulation_74_5_.pdf
Tinna Rubber and Infrastructure Limited,TINNARUBR,NSE,2026-10-07T17:15:15,announcement,"Certificate under SEBI (Depositories and Participants) Regulations, 2018",,https://nsearchives.nseindia.com/corporate/TINNARUBBER_07102026170621_SEIntimationTRIL-Reg74_5__Q2FY26-27_07Oct2026.pdf
OnEMI Technology Solutions Limited,KISSHT,NSE,2026-10-07T17:15:03,announcement,"Certificate under SEBI (Depositories and Participants) Regulations, 2018",,https://nsearchives.nseindia.com/corporate/ONEMI_07102026171448_OnEMI_74_5_certificate.pdf
Blue Blends (I) Limited,BLUEBLENDS,NSE,2026-10-07T17:14:53,announcement,"Certificate under SEBI (Depositories and Participants) Regulations, 2018",,https://nsearchives.nseindia.com/corporate/BLUEBLENDS_07102026171357_74_5__Sept_2026_Signed.pdf
Grand Continent Hotels Limited,GCHOTELS,NSE,2026-10-07T17:14:22,announcement,"Certificate under SEBI (Depositories and Participants) Regulations, 2018",,https://nsearchives.nseindia.com/corporate/GCHOTELS_07102026171412_Reg_74_5__07102026.pdf
Allcargo Terminals Limited,ATL,NSE,2026-10-07T17:14:08,announcement,"Certificate under SEBI (Depositories and Participants) Regulations, 2018",,https://nsearchives.nseindia.com/corporate/ALLCARGOTERMINALS_07102026170920_SEUpload.pdf
Nimbus Projects Limited,NIMBSPROJ,NSE,2026-10-07T17:13:50,announcement,General Updates,,https://nsearchives.nseindia.com/corporate/NIMBUS_07102026171339_Intimation_Strategic_Investment_Agreement.pdf
C & C Constructions Limited,CANDC,NSE,2026-10-07T17:11:26,announcement,"Certificate under SEBI (Depositories and Participants) Regulations, 2018",,https://nsearchives.nseindia.com/corporate/CANDC_07102026171120_CANDC.pdf
Ircon International Limited,IRCON,NSE,2026-10-07T17:11:00,announcement,"Certificate under SEBI (Depositories and Participants) Regulations, 2018",,https://nsearchives.nseindia.com/corporate/IRCON_07102026171053_STXLETTER74signed.pdf
TRANSWORLD SHIPPING LINES LIMITED,TRANSWORLD,NSE,2026-10-07T17:11:00,announcement,"Certificate under SEBI (Depositories and Participants) Regulations, 2018",,https://nsearchives.nseindia.com/corporate/TRANSWORLD_07102026170857_Regulation74TSLLsigned.pdf
Cummins India Limited,CUMMINSIND,NSE,2026-10-07T17:10:52,announcement,"Certificate under SEBI (Depositories and Participants) Regulations, 2018",,https://nsearchives.nseindia.com/corporate/CUMMINSIND_07102026171024_FinalSEintimationReg74_5_Sep2026.pdf
Deep Industries Limited,DEEPINDS,NSE,2026-10-07T17:09:42,announcement,"Certificate under SEBI (Depositories and Participants) Regulations, 2018",,https://nsearchives.nseindia.com/corporate/DEEPINDS_07102026170905_Cover.pdf
Avenue Supermarts Limited,DMART,NSE,2026-10-07T17:09:21,announcement,"Certificate under SEBI (Depositories and Participants) Regulations, 2018",,https://nsearchives.nseindia.com/corporate/DMART_07102026170847_ASLComplianceCertificateUnderRegulation74_5_30092026.pdf
Deccan Transcon Leasing Limited,DECCANTRAN,NSE,2026-10-07T17:09:07,announcement,Resignation of Director/KMP/SMP,,https://nsearchives.nseindia.com/corporate/DECCANTRAN_ROID_99925_KMP_Doc.zip
Jupiter Wagons Limited,JWL,NSE,2026-10-07T17:09:06,announcement,"Certificate under SEBI (Depositories and Participants) Regulations, 2018",,https://nsearchives.nseindia.com/corporate/CEBBCO_07102026170824_SEREG74_5_.pdf
Godfrey Phillips India Limited,GODFRYPHLP,NSE,2026-10-07T17:09:05,announcement,"Certificate under SEBI (Depositories and Participants) Regulations, 2018",,https://nsearchives.nseindia.com/corporate/PANKAJCHAWLA_07102026170848_Regulation_74_5_-30092026.pdf
Gujarat Pipavav Port Limited,GPPL,NSE,2026-10-07T17:09:00,announcement,General Updates,,https://nsearchives.nseindia.com/corporate/GPPL_07102026170834_Operational_Data.pdf
Ashoka Buildcon Limited,ASHOKA,NSE,2026-10-07T17:08:39,announcement,General Updates,,https://nsearchives.nseindia.com/corporate/ASHOKA_07102026170645_505_ABL_BSE_NSE_CP_Redemtion_071026.pdf
Sundaram Multi Pap Limited,SUNDARAM,NSE,2026-10-07T17:08:30,announcement,"Certificate under SEBI (Depositories and Participants) Regulations, 2018",,https://nsearchives.nseindia.com/corporate/SUNDARAM_07102026170734_74_5_.pdf
Prabha Energy Limited,PRABHA,NSE,2026-10-07T17:08:05,announcement,"Certificate under SEBI (Depositories and Participants) Regulations, 2018",,https://nsearchives.nseindia.com/corporate/PRABHAENR_07102026170757_Intimation.pdf
Texmaco Infrastructure & Holdings Limited,TEXINFRA,NSE,2026-10-07T17:07:55,announcement,"Certificate under SEBI (Depositories and Participants) Regulations, 2018",,https://nsearchives.nseindia.com/corporate/TEXINFRA2_07102026170730_Texinfra_74_5__Sep_2026.pdf
Godrej Consumer Products Limited,GODREJCP,NSE,2026-10-07T17:07:31,announcement,Analysts/Institutional Investor Meet/Con. Call Updates,,https://nsearchives.nseindia.com/corporate/GODREJCP_07102026170559_GCPL_Q2FY27_Concall_Invite-signed.pdf
Indo Thai Securities Limited,INDOTHAI,NSE,2026-10-07T17:07:23,announcement,Allotment of Securities,,https://nsearchives.nseindia.com/corporate/INDOTHAI_07102026170653_Outcome07102026.pdf
Bharat Forge Limited,BHARATFORG,NSE,2026-10-07T17:06:44,announcement,General Updates,,https://nsearchives.nseindia.com/corporate/ANILSHINDE_07102026170628_SEIntimationTKJain.pdf
ACC Limited,ACC,NSE,2026-10-07T17:06:34,announcement,Analysts/Institutional Investor Meet/Con. Call Updates,,https://nsearchives.nseindia.com/corporate/ACC_1_07102026170619_CoveringACC07102026.pdf
India Pesticides Limited,IPL,NSE,2026-10-07T17:05:56,announcement,"Certificate under SEBI (Depositories and Participants) Regulations, 2018",,https://nsearchives.nseindia.com/corporate/IPL_07102026170457_Certificate_under_regulation_74_5_.pdf
Pashupati Cotspin Limited,PASHUPATI,NSE,2026-10-07T17:05:56,announcement,Shareholders meeting,,https://nsearchives.nseindia.com/corporate/PASHUPATI_07102026170432_CoveringLetterAndPostalBallotNotice.pdf
Ventive Hospitality Limited,VENTIVE,NSE,2026-10-07T17:03:56,announcement,"Certificate under SEBI (Depositories and Participants) Regulations, 2018",,https://nsearchives.nseindia.com/corporate/VENTIVE_07102026170340_VHL74_5_DraftIntimation3009.pdf
Nimbus Projects Limited,NIMBSPROJ,NSE,2026-10-07T17:03:43,announcement,General Updates,,https://nsearchives.nseindia.com/corporate/NIMBUS_07102026170331_Reg_30_Loan_by_NPL_WRL.pdf
Indo Thai Securities Limited,INDOTHAI,NSE,2026-10-07T17:03:41,announcement,Committee Meeting Updates,,https://nsearchives.nseindia.com/corporate/INDOTHAI_07102026165929_Outcome07102026.pdf
Ndr Auto Components Limited,NDRAUTO,NSE,2026-10-07T17:03:36,announcement,"Certificate under SEBI (Depositories and Participants) Regulations, 2018",,https://nsearchives.nseindia.com/corporate/NDRAUTO_07102026170320_SE_INTIMATIONSD.pdf
Ambuja Cements Limited,AMBUJACEM,NSE,2026-10-07T17:02:44,announcement,Analysts/Institutional Investor Meet/Con. Call Updates,,https://nsearchives.nseindia.com/corporate/AMBUJACEM_07102026170101_ACL_Investor_singapore07102026.pdf
Avenue Supermarts Limited,DMART,NSE,2026-10-07T17:01:22,announcement,ESOP/ESOS/ESPS,,https://nsearchives.nseindia.com/corporate/DMART_07102026170028_ASLESOPAllotment_07102026.pdf
Jubilant Foodworks Limited,JUBLFOOD,NSE,2026-10-07T17:00:59,announcement,Updates,,https://nsearchives.nseindia.com/corporate/JUBLFOOD_07102026170048_Q2FY27_Business_Update.pdf
Deccan Transcon Leasing Limited,DECCANTRAN,NSE,2026-10-07T17:00:16,announcement,Resignation,,https://nsearchives.nseindia.com/corporate/DECCAN_07102026165721_Resignation_of_ID_Signed.pdf
Banco Products (I) Limited,BANCOINDIA,NSE,2026-10-07T16:59:51,announcement,"Certificate under SEBI (Depositories and Participants) Regulations, 2018",,https://nsearchives.nseindia.com/corporate/BANCOINDIA_07102026165913_BSENSE_CC_74_sd300926.pdf
Can Fin Homes Limited,CANFINHOME,NSE,2026-10-07T16:58:45,announcement,Analysts/Institutional Investor Meet/Con. Call Updates,,https://nsearchives.nseindia.com/corporate/CANFINHOME_07102026165809_Earnings_Call_Intimation_Q2_FY27.pdf
Tata Technologies Limited,TATATECH,NSE,2026-10-07T16:57:49,announcement,"Certificate under SEBI (Depositories and Participants) Regulations, 2018",,https://nsearchives.nseindia.com/corporate/TTLNSE_07102026165717_Reg74Q2FY27_S.pdf
IOL Chemicals and Pharmaceuticals Limited,IOLCP,NSE,2026-10-07T16:57:27,announcement,"Certificate under SEBI (Depositories and Participants) Regulations, 2018",,https://nsearchives.nseindia.com/corporate/IOLCP_07102026165654_Certificate_74.pdf
Karamtara Engineering Limited,KARAMTARA,NSE,2026-10-07T16:56:21,announcement,Analysts/Institutional Investor Meet/Con. Call Updates,,https://nsearchives.nseindia.com/corporate/9833315135_07102026164300_Earning_call_audio_recording.pdf
Veranda Learning Solutions Limited,VERANDA,NSE,2026-10-07T16:55:49,announcement,General Updates,,https://nsearchives.nseindia.com/corporate/Verandaipo_07102026165454_Reg30071012026.pdf
Physicswallah Limited,PWL,NSE,2026-10-07T16:55:04,announcement,ESOP/ESOS/ESPS,,https://nsearchives.nseindia.com/corporate/NEAPSPW_07102026165422_Intimation.pdf
Madhya Bharat Agro Products Limited,MBAPL,NSE,2026-10-07T16:53:47,announcement,"Certificate under SEBI (Depositories and Participants) Regulations, 2018",,https://nsearchives.nseindia.com/corporate/MBAPL_07102026165321_MBAPL.pdf
Indian Railway Finance Corporation Limited,IRFC,NSE,2026-10-07T16:53:28,announcement,Record Date,,https://nsearchives.nseindia.com/corporate/IRFC_07102026165147_SEINTIMATIONBM07102026.pdf
Mcnally Bharat Engineering Company Limited,MBECL,NSE,2026-10-07T16:53:25,announcement,Updates,,https://nsearchives.nseindia.com/corporate/MBECL_SEC_07102026165315_LoanDefaultStatement30092026.pdf
Zuari Agro Chemicals Limited,ZUARI,NSE,2026-10-07T16:52:50,announcement,"Certificate under SEBI (Depositories and Participants) Regulations, 2018",,https://nsearchives.nseindia.com/corporate/ZUARI_07102026165225_Zaclreg74_5_Sept26dtd07102026.pdf
Apollo Pipes Limited,APOLLOPIPE,NSE,2026-10-07T16:51:49,announcement,"Certificate under SEBI (Depositories and Participants) Regulations, 2018",,https://nsearchives.nseindia.com/corporate/APOLLOPIPE_07102026165129_Reg74Certificate.pdf
Global Vectra Helicorp Limited,GLOBALVECT,NSE,2026-10-07T16:51:11,announcement,"Certificate under SEBI (Depositories and Participants) Regulations, 2018",,https://nsearchives.nseindia.com/corporate/GLOBALVECT_07102026165039_Reg_74__5__30092026.pdf
GUJARAT ENERGY LIMITED,GUJENERGY,NSE,2026-10-07T16:51:08,announcement,"Certificate under SEBI (Depositories and Participants) Regulations, 2018",,https://nsearchives.nseindia.com/corporate/GUJGASLTD_07102026165052_1626SEIDPCERTIFICATE30092026.pdf
Steel Authority of India Limited,SAIL,NSE,2026-10-07T16:50:58,announcement,Credit Rating- Revision,,https://nsearchives.nseindia.com/corporate/SAIL_07102026164807_crrat.pdf
Bharat Seats Limited,BHARATSE,NSE,2026-10-07T16:50:48,announcement,"Certificate under SEBI (Depositories and Participants) Regulations, 2018",,https://nsearchives.nseindia.com/corporate/BHARATSEATS_07102026165025_SE_itimation.pdf
Mukka Proteins Limited,MUKKA,NSE,2026-10-07T16:49:50,announcement,Credit Rating,,https://nsearchives.nseindia.com/corporate/MUKKA_07102026164923_Intimation_of_Credit_Rating.pdf
Amines & Plasticizers Limited,AMNPLST,NSE,2026-10-07T16:49:43,announcement,"Certificate under SEBI (Depositories and Participants) Regulations, 2018",,https://nsearchives.nseindia.com/corporate/OMKAR_07102026164930_SESubmission_Reg_74_5__SD.pdf
GUJARAT ENERGY LIMITED,GUJENERGY,NSE,2026-10-07T16:49:11,announcement,Copy of Newspaper Publication,,https://nsearchives.nseindia.com/corporate/GUJGASLTD_07102026164833_1627SEC5thNoticeRelodgement.pdf
Onward Technologies Limited,ONWARDTEC,NSE,2026-10-07T16:49:03,announcement,"Certificate under SEBI (Depositories and Participants) Regulations, 2018",,https://nsearchives.nseindia.com/corporate/MD11015_07102026164842_OTL_Covering_letter_74_5_.pdf
Matrimony.Com Limited,MATRIMONY,NSE,2026-10-07T16:48:44,announcement,General Updates,,https://nsearchives.nseindia.com/corporate/MATRIMONY_07102026164758_NSE_Billing_Info_Q2FY27_07_Oct_2026.pdf
Shah Investor's Home Limited,SHAHINVEST,NSE,2026-10-07T16:48:43,announcement,Updates,,https://nsearchives.nseindia.com/corporate/SHAHINVESTORS_07102026164815_KMP_Final.pdf
Asahi India Glass Limited,ASAHIINDIA,NSE,2026-10-07T16:47:43,announcement,Copy of Newspaper Publication,,https://nsearchives.nseindia.com/corporate/ASAHIINDIA_07102026164725_Intimation_Newspaper_SWR_sd.pdf
ATLANTAA LIMITED,ATLANTAA,NSE,2026-10-07T16:47:31,announcement,"Certificate under SEBI (Depositories and Participants) Regulations, 2018",,https://nsearchives.nseindia.com/corporate/ATLANTA_07102026164651_Final_reg_74_30092026.pdf
Sonata Software Limited,SONATSOFTW,NSE,2026-10-07T16:44:40,announcement,Updates,,https://nsearchives.nseindia.com/corporate/SONATSOFTW_07102026164428_pressrelease07102026.pdf
GSS Infotech Limited,GSS,NSE,2026-10-07T16:44:27,announcement,"Certificate under SEBI (Depositories and Participants) Regulations, 2018",,https://nsearchives.nseindia.com/corporate/GSS_07102026164356_07102026.pdf
Aarti Industries Limited,AARTIIND,NSE,2026-10-07T16:44:13,announcement,Shareholders meeting,,https://nsearchives.nseindia.com/corporate/AARTIIND_07102026164353_AARTIIND_EGM.pdf
Mcnally Bharat Engineering Company Limited,MBECL,NSE,2026-10-07T16:43:15,announcement,"Certificate under SEBI (Depositories and Participants) Regulations, 2018",,https://nsearchives.nseindia.com/corporate/MBECL_SEC_07102026164256_QuarterlyCertificate300926.pdf
Moschip Technologies Limited,MOSCHIP,NSE,2026-10-07T16:42:31,announcement,Copy of Newspaper Publication,,https://nsearchives.nseindia.com/corporate/MOSCHIP_07102026164223_Newspaper_Publication_to_Stock_exchanges.pdf
Jeena Sikho Lifecare Limited,JSLL,NSE,2026-10-07T16:42:15,announcement,"Certificate under SEBI (Depositories and Participants) Regulations, 2018",,https://nsearchives.nseindia.com/corporate/JEENASIKHO_07102026164153_Intimation_Reg_74_DP_30092026-_Sign__1_.pdf
63 moons technologies limited,63MOONS,NSE,2026-10-07T16:41:49,announcement,General Updates,,https://nsearchives.nseindia.com/corporate/63MOONS_07102026163758_Letter07102026SATSupdate.pdf
Emerald Tyre Manufacturers Limited,ETML,NSE,2026-10-07T16:41:02,announcement,"Certificate under SEBI (Depositories and Participants) Regulations, 2018",,https://nsearchives.nseindia.com/corporate/EMERALD_GYR_07102026164037_ETML_Regulation-74_5__certificate.pdf
Positron Energy Limited,POSITRON,NSE,2026-10-07T16:40:47,announcement,Quarterly Compliance Report on Corporate governance - within 21 days from the end of the quarter,,https://nsearchives.nseindia.com/corporate/POSITRON_07102026163937_PEL_Non-appli_CG_Report_30092026.pdf
Billionbrains Garage Ventures Limited,GROWW,NSE,2026-10-07T16:40:43,announcement,Analysts/Institutional Investor Meet/Con. Call Updates,,https://nsearchives.nseindia.com/corporate/BILLIONBRAINS_07102026163914_EarningCall_inti_SD.pdf
Tega Industries Limited,TEGA,NSE,2026-10-07T16:40:28,announcement,"Certificate under SEBI (Depositories and Participants) Regulations, 2018",,https://nsearchives.nseindia.com/corporate/TEGA_07102026164005_Intimation_under_Reg_74_complied_sd.pdf
ICDS Limited,ICDSLTD,NSE,2026-10-07T16:39:08,announcement,Structural Digital Database,,https://nsearchives.nseindia.com/corporate/ICDSLTD_07102026163858_SDD_Compliance_Certificate_Sep_2026.pdf
Sonu Infratech Limited,SONUINFRA,NSE,2026-10-07T16:37:41,announcement,"Certificate under SEBI (Depositories and Participants) Regulations, 2018",,https://nsearchives.nseindia.com/corporate/SONUINFRATECH_07102026163730_sd.pdf
SWAN CORP LIMITED,SWANCORP,NSE,2026-10-07T16:37:12,announcement,"Certificate under SEBI (Depositories and Participants) Regulations, 2018",,https://nsearchives.nseindia.com/corporate/SWANENERGY_07102026163650_SCL_Letter.pdf
Aegis Logistics Limited,AEGISLOG,NSE,2026-10-07T16:37:06,announcement,"Certificate under SEBI (Depositories and Participants) Regulations, 2018",,https://nsearchives.nseindia.com/corporate/AEGISCHEM_07102026163549_ALL_74_5__30092026_S.pdf
Capri Global Capital Limited,CGCL,NSE,2026-10-07T16:34:22,announcement,"Certificate under SEBI (Depositories and Participants) Regulations, 2018",,https://nsearchives.nseindia.com/corporate/CGCL_07102026163316_IntimationRegulation74.pdf
Life Insurance Corporation Of India,LICI,NSE,2026-10-07T16:33:28,announcement,Appointment,,https://nsearchives.nseindia.com/corporate/LIC_BOARD_07102026163126_Final_Dis_Int_App_ID_07102026.pdf
Ansal Properties & Infrastructure Limited,ANSALAPI,NSE,2026-10-07T16:33:18,announcement,"Certificate under SEBI (Depositories and Participants) Regulations, 2018",,https://nsearchives.nseindia.com/corporate/ANSALAPI_07102026163303_Certificate_74_SEBI_DP_30092026.pdf
Ajmera Realty & Infra India Limited,AJMERA,NSE,2026-10-07T16:32:38,announcement,"Certificate under SEBI (Depositories and Participants) Regulations, 2018",,https://nsearchives.nseindia.com/corporate/AJMERA_07102026163145_Intimationnew.pdf
Tamilnad Mercantile Bank Limited,TMB,NSE,2026-10-07T16:32:23,announcement,"Certificate under SEBI (Depositories and Participants) Regulations, 2018",,https://nsearchives.nseindia.com/corporate/9659523378_07102026163145_75.pdf
AIA Engineering Limited,AIAENG,NSE,2026-10-07T16:31:51,announcement,"Certificate under SEBI (Depositories and Participants) Regulations, 2018",,https://nsearchives.nseindia.com/corporate/AIAENG_07102026162939_SubmissionCertificate74_5_AIA30092026.pdf
BMW Ventures Limited,BMWVENTLTD,NSE,2026-10-07T16:31:34,announcement,"Certificate under SEBI (Depositories and Participants) Regulations, 2018",,https://nsearchives.nseindia.com/corporate/BMWVENTURES2024_07102026163102_Reg_74_5__FINAL.pdf
Maithan Alloys Limited,MAITHANALL,NSE,2026-10-07T16:30:53,announcement,Others,,https://nsearchives.nseindia.com/corporate/MAITHANALL_07102026163034_HFCL07102026.pdf
Karamtara Engineering Limited,KARAMTARA,NSE,2026-10-07T16:30:40,announcement,Press Release,,https://nsearchives.nseindia.com/corporate/9833315135_07102026162959_Intimation_NewspaperPublication.pdf
Kanohar Electricals Limited,KANOHAR,NSE,2026-10-07T16:29:52,announcement,Analysts/Institutional Investor Meet/Con. Call Updates,,https://nsearchives.nseindia.com/corporate/KANOHARNSE2026_07102026162612_Intimation-audio_recording.pdf
Veegaland Developers Limited,VEEGALAND,NSE,2026-10-07T16:29:08,announcement,"Certificate under SEBI (Depositories and Participants) Regulations, 2018",,https://nsearchives.nseindia.com/corporate/VEEGALAND_07102026162850_Cer_Reg_74_5__sd.pdf
Zensar Technologies Limited,ZENSARTECH,NSE,2026-10-07T16:28:28,announcement,Options to purchase securities,,https://nsearchives.nseindia.com/corporate/ZENSARTECH_07102026162758_Stock_Exchange_Intimation.pdf
SBI Cards and Payment Services Limited,SBICARD,NSE,2026-10-07T16:27:54,announcement,"Certificate under SEBI (Depositories and Participants) Regulations, 2018",,https://nsearchives.nseindia.com/corporate/SBICARDS_07102026162406_SEFiling74September2026.pdf
Flexituff Ventures International Limited,FLEXITUFF,NSE,2026-10-07T16:24:39,announcement,"Certificate under SEBI (Depositories and Participants) Regulations, 2018",,https://nsearchives.nseindia.com/corporate/FLEXITUFF_07102026162415_Submission_under_Regulation_74.pdf
Wealth First Portfolio Managers Limited,WEALTH,NSE,2026-10-07T16:24:12,announcement,Analysts/Institutional Investor Meet/Con. Call Updates,,https://nsearchives.nseindia.com/corporate/WEALTH_07102026162357_IntimationofInvestorMeet.pdf
Gokul Agro Resources Limited,GOKULAGRO,NSE,2026-10-07T16:24:02,announcement,"Certificate under SEBI (Depositories and Participants) Regulations, 2018",,https://nsearchives.nseindia.com/corporate/GOKULAGRO_07102026162352_111.pdf
VIP Industries Limited,VIPIND,NSE,2026-10-07T16:23:35,announcement,"Certificate under SEBI (Depositories and Participants) Regulations, 2018",,https://nsearchives.nseindia.com/corporate/VIPINDUSTRIES_07102026162322_SEintimation.pdf
Dr. Agarwal's Health Care Limited,AGARWALEYE,NSE,2026-10-07T16:23:29,announcement,"Certificate under SEBI (Depositories and Participants) Regulations, 2018",,https://nsearchives.nseindia.com/corporate/DRAGARWALS_07102026162308_C46_AHCL_74_5__Q2_Sd.pdf
Can Fin Homes Limited,CANFINHOME,NSE,2026-10-07T16:23:11,announcement,"Certificate under SEBI (Depositories and Participants) Regulations, 2018",,https://nsearchives.nseindia.com/corporate/CANFINHOME_07102026162223_Reg_74_5__RTA_Certificate_Q2_30_09_2026.pdf
Fino Payments Bank Limited,FINOPB,NSE,2026-10-07T16:23:04,announcement,General Updates,,https://nsearchives.nseindia.com/corporate/FINOPB_07102026162000_BU_Sept_2026.pdf
Positron Energy Limited,POSITRON,NSE,2026-10-07T16:22:44,announcement,"Certificate under SEBI (Depositories and Participants) Regulations, 2018",,https://nsearchives.nseindia.com/corporate/POSITRON_07102026162119_Certificate_under_regulation_74_5_.pdf
Tinna Rubber and Infrastructure Limited,TINNARUBR,NSE,2026-10-07T16:21:41,announcement,General Updates,,https://nsearchives.nseindia.com/corporate/TINNARUBBER_07102026161451_TRIL_SEIntimation_Tinna_Arabia_07Oct2026.pdf
Sagar Cements Limited,SAGCEM,NSE,2026-10-07T16:21:25,announcement,"Certificate under SEBI (Depositories and Participants) Regulations, 2018",,https://nsearchives.nseindia.com/corporate/SAGCEM_07102026162115_SCLReg74_5_30092026.pdf
Paisalo Digital Limited,PAISALO,NSE,2026-10-07T16:21:13,announcement,"Certificate under SEBI (Depositories and Participants) Regulations, 2018",,https://nsearchives.nseindia.com/corporate/PAISALO_07102026162106_NSE_BSE_Q2_2026.pdf
Pasupati Acrylon Limited,PASUPTAC,NSE,2026-10-07T16:20:53,announcement,"Certificate under SEBI (Depositories and Participants) Regulations, 2018",,https://nsearchives.nseindia.com/corporate/PASUPTAC_07102026162046_Disclosure_under_Regulation_74_Sep2026.pdf
The United Nilgiri Tea Estates Company Limited,UNITEDTEA,NSE,2026-10-07T16:19:33,announcement,"Certificate under SEBI (Depositories and Participants) Regulations, 2018",,https://nsearchives.nseindia.com/corporate/kpsarathy_07102026161920_United_74_5_.pdf
NTPC Limited,NTPC,NSE,2026-10-07T16:19:16,announcement,Copy of Newspaper Publication,,https://nsearchives.nseindia.com/corporate/NTPC_07102026161723_07102026-Newspaper_Advertisement.pdf
Bajaj Housing Finance Limited,BAJAJHFL,NSE,2026-10-07T16:17:22,announcement,"Certificate under SEBI (Depositories and Participants) Regulations, 2018",,https://nsearchives.nseindia.com/corporate/BHFL_07102026161354_74_5__DP_Signed_Final.pdf
Aegis Vopak Terminals Limited,AEGISVOPAK,NSE,2026-10-07T16:15:52,announcement,"Certificate under SEBI (Depositories and Participants) Regulations, 2018",,https://nsearchives.nseindia.com/corporate/AVTL_07102026161501_AVTL_Regulation_74_5__S.pdf
SMVD Poly Pack Limited,SMVD,NSE,2026-10-07T16:15:19,announcement,Disruption of Operations,,https://nsearchives.nseindia.com/corporate/SMVD_07102026161506_Stexcahnge.pdf
Quess Corp Limited,QUESS,NSE,2026-10-07T16:14:54,announcement,Copy of Newspaper Publication,,https://nsearchives.nseindia.com/corporate/Quesscorp_07102026161407_SE_Intimation_Newspaper_Fractional_amount.pdf
Texmaco Rail & Engineering Limited,TEXRAIL,NSE,2026-10-07T16:14:32,announcement,"Certificate under SEBI (Depositories and Participants) Regulations, 2018",,https://nsearchives.nseindia.com/corporate/TEXRAIL_07102026161409_Regulation74_5_TexrailSigned.pdf
Future Consumer Limited,FCONSUMER,NSE,2026-10-07T16:14:17,announcement,Corporate Insolvency Resolution Process,,https://nsearchives.nseindia.com/corporate/FCEL1_07102026161409_Corrigendum_Form_G_FCL_with_covering_letter07102026.pdf
Deepak Builders & Engineers India Limited,DBEIL,NSE,2026-10-07T16:12:54,announcement,"Certificate under SEBI (Depositories and Participants) Regulations, 2018",,https://nsearchives.nseindia.com/corporate/DEEPAKBUILDERS_07102026161236_Certificate_under_Regulation_74_5__of_the_SEBI.pdf
W S Industries (I) Limited,WSI,NSE,2026-10-07T16:12:39,announcement,Copy of Newspaper Publication,,https://nsearchives.nseindia.com/corporate/WSI_07102026161221_WSI_Newspaper_publicaition_07102026_SD.pdf
Honasa Consumer Limited,HONASA,NSE,2026-10-07T16:12:37,announcement,"Certificate under SEBI (Depositories and Participants) Regulations, 2018",,https://nsearchives.nseindia.com/corporate/HONASA16_07102026161117_Reg74.pdf
Simplex Infrastructures Limited,SIMPLEXINF,NSE,2026-10-07T16:12:27,announcement,"Certificate under SEBI (Depositories and Participants) Regulations, 2018",,https://nsearchives.nseindia.com/corporate/SIMPLEXINF_07102026161146_Compliance_Certificate.pdf
APL Apollo Tubes Limited,APLAPOLLO,NSE,2026-10-07T16:11:40,announcement,"Certificate under SEBI (Depositories and Participants) Regulations, 2018",,https://nsearchives.nseindia.com/corporate/APLAPOLLO_07102026160957_Regulation_74_30092026.pdf
J.G.Chemicals Limited,JGCHEM,NSE,2026-10-07T16:11:38,announcement,"Certificate under SEBI (Depositories and Participants) Regulations, 2018",,https://nsearchives.nseindia.com/corporate/9903318000_07102026161128_Certificate_under_Regulation_74_5__30092026.pdf
Manipal Health Enterprises Limited,MANIPALHOS,NSE,2026-10-07T16:11:18,announcement,"Certificate under SEBI (Depositories and Participants) Regulations, 2018",,https://nsearchives.nseindia.com/corporate/9632000477_07102026161056_RTA_-74_5__Signed.pdf
HDFC Bank Limited,HDFCBANK,NSE,2026-10-07T16:10:26,announcement,Shareholders meeting,,https://nsearchives.nseindia.com/corporate/HDFCBANK_07102026160736_SEIntimationPostalBallotNoticeOct2026.pdf
PNB Housing Finance Limited,PNBHOUSING,NSE,2026-10-07T16:10:09,announcement,Press Release,,https://nsearchives.nseindia.com/corporate/PNBHOUSING_07102026160629_SE-intimation-Press_Release_7_Oct_26_sd.pdf
Ashiana Housing Limited,ASHIANA,NSE,2026-10-07T16:10:05,announcement,"Certificate under SEBI (Depositories and Participants) Regulations, 2018",,https://nsearchives.nseindia.com/corporate/ASHIANA_07102026160944_REG74_5_DISCLOSURESigned.pdf
Aesthetik Engineers Limited,AESTHETIK,NSE,2026-10-07T16:09:28,announcement,"Certificate under SEBI (Depositories and Participants) Regulations, 2018",,https://nsearchives.nseindia.com/corporate/AESTHETIK_07102026160736_nse_intimation_74_5__signed.pdf
Tinna Rubber and Infrastructure Limited,TINNARUBR,NSE,2026-10-07T16:09:05,announcement,General Updates,,https://nsearchives.nseindia.com/corporate/TINNARUBBER_07102026155905_TRIL_SEIntimation_Mbodla_Loan_07Oct2026.pdf
Bank of India,BANKINDIA,NSE,2026-10-07T16:08:48,announcement,Updates,,https://nsearchives.nseindia.com/corporate/BANKINDIA2_07102026160629_RBLR_.pdf
Kanohar Electricals Limited,KANOHAR,NSE,2026-10-07T16:08:20,announcement,Copy of Newspaper Publication,,https://nsearchives.nseindia.com/corporate/KANOHARNSE2026_07102026160735_Intimation-newspaper_publications.pdf
K2 Infragen Limited,K2INFRA,NSE,2026-10-07T16:07:47,announcement,Quarterly Compliance Report on Corporate governance - within 21 days from the end of the quarter,,https://nsearchives.nseindia.com/corporate/K2INFRA_07102026160645_Reg27_2_NonapplicabilityofReportonCorporateGovernance30092026.pdf
Bharat Dynamics Limited,BDL,NSE,2026-10-07T16:05:47,announcement,Change in Director(s),,https://nsearchives.nseindia.com/corporate/BDL_07102026160518_Covering_Letter_DGMSS.pdf
Relaxo Footwears Limited,RELAXO,NSE,2026-10-07T16:04:50,announcement,Updates,,https://nsearchives.nseindia.com/corporate/RELAXO_07102026160431_Stx_Intimation_Report_on_Special_Window_Signed.pdf
Lalithaa Jewellery Mart Limited,LALITHAA,NSE,2026-10-07T16:04:21,announcement,"Certificate under SEBI (Depositories and Participants) Regulations, 2018",,https://nsearchives.nseindia.com/corporate/LALITHAAJEWELLERY1985_07102026160249_Regulation74signed.pdf
Associated Alcohols & Breweries Ltd.,ASALCBR,NSE,2026-10-07T16:03:38,announcement,"Certificate under SEBI (Depositories and Participants) Regulations, 2018",,https://nsearchives.nseindia.com/corporate/ASALCBR_07102026160254_SE_Intimation_Reg_74_5__30092026.pdf
Suyog Telematics Limited,SUYOG,NSE,2026-10-07T16:02:50,announcement,"Certificate under SEBI (Depositories and Participants) Regulations, 2018",,https://nsearchives.nseindia.com/corporate/SUYOG_07102026160236_CertificateunderReg74_5_30092026.pdf
K2 Infragen Limited,K2INFRA,NSE,2026-10-07T16:02:25,announcement,"Certificate under SEBI (Depositories and Participants) Regulations, 2018",,https://nsearchives.nseindia.com/corporate/K2INFRA_07102026160210_CertificateunderRegulation74_5_oftheSEBIDisclosure30092026.pdf
Bigbloc Construction Limited,BIGBLOC,NSE,2026-10-07T16:02:23,announcement,"Certificate under SEBI (Depositories and Participants) Regulations, 2018",,https://nsearchives.nseindia.com/corporate/BIGBLOC_07102026160211_BCLREG7407102026.pdf
Regency Ceramics Limited,REGENCERAM,NSE,2026-10-07T16:01:42,announcement,"Certificate under SEBI (Depositories and Participants) Regulations, 2018",,https://nsearchives.nseindia.com/corporate/REGENCERAM_07102026155924_Reg74.pdf
Anupam Rasayan India Limited,ANURAS,NSE,2026-10-07T16:01:32,announcement,"Certificate under SEBI (Depositories and Participants) Regulations, 2018",,https://nsearchives.nseindia.com/corporate/ANURAS_07102026160120_ARILSLDSTX20261007070Non-ApplicablityCertificate.pdf
Religare Enterprises Limited,RELIGARE,NSE,2026-10-07T16:00:46,announcement,ESOP/ESOS/ESPS,,https://nsearchives.nseindia.com/corporate/RELIGARE_07102026155751_RELALLOTMENT07102026.pdf
Shyam Century Ferrous Limited,SHYAMCENT,NSE,2026-10-07T16:00:18,announcement,"Certificate under SEBI (Depositories and Participants) Regulations, 2018",,https://nsearchives.nseindia.com/corporate/SHYAMCENT_07102026160009_SCFL_74_5__Sep26_Signed.pdf
Panacea Biotec Limited,PANACEABIO,NSE,2026-10-07T16:00:16,announcement,"Certificate under SEBI (Depositories and Participants) Regulations, 2018",,https://nsearchives.nseindia.com/corporate/PANACEABIO_07102026155944_ComplianceCertificateunderRegulation74.pdf
Meghmani Organics Limited,MOL,NSE,2026-10-07T15:59:13,announcement,"Certificate under SEBI (Depositories and Participants) Regulations, 2018",,https://nsearchives.nseindia.com/corporate/MOL_07102026155859_74_5_Certificate.pdf
Wipro Limited,WIPRO,NSE,2026-10-07T15:58:33,announcement,Analysts/Institutional Investor Meet/Con. Call Updates,,https://nsearchives.nseindia.com/corporate/Cslogin_07102026155729_SEIntimation07102026.pdf
Cords Cable Industries Limited,CORDSCABLE,NSE,2026-10-07T15:58:25,announcement,"Certificate under SEBI (Depositories and Participants) Regulations, 2018",,https://nsearchives.nseindia.com/corporate/CORDSCABLE_07102026155747_Reg_74.pdf
Midwest Limited,MIDWESTLTD,NSE,2026-10-07T15:58:21,announcement,Disruption of Operations,,https://nsearchives.nseindia.com/corporate/MIDWEST_07102026155808_Cover.pdf
SKIL Infrastructure Limited,SKIL,NSE,2026-10-07T15:57:45,announcement,Corporate Insolvency Resolution Process,,https://nsearchives.nseindia.com/corporate/Skilinfra_07102026155736_SKIL_Letter_Intimation_13th_COC.pdf
Panacea Biotec Limited,PANACEABIO,NSE,2026-10-07T15:57:32,announcement,Updates,,https://nsearchives.nseindia.com/corporate/PANACEABIO_07102026155713_DematStatusForSeptember2026.pdf
Aro Granite Industries Limited,AROGRANITE,NSE,2026-10-07T15:55:15,announcement,"Certificate under SEBI (Depositories and Participants) Regulations, 2018",,https://nsearchives.nseindia.com/corporate/AROGRANITE_07102026155505_REG745SEBIDPREG2018.pdf
Insecticides (India) Limited,INSECTICID,NSE,2026-10-07T15:55:11,announcement,"Certificate under SEBI (Depositories and Participants) Regulations, 2018",,https://nsearchives.nseindia.com/corporate/INSECTICID_07102026155500_STX_intimation_74_5_.pdf
Tourism Finance Corporation of India Limited,TFCILTD,NSE,2026-10-07T15:54:51,announcement,"Certificate under SEBI (Depositories and Participants) Regulations, 2018",,https://nsearchives.nseindia.com/corporate/TFCILTD_07102026155303_TFCIDP745Certificate3092026Signed.pdf
Bannari Amman Spinning Mills Limited,BASML,NSE,2026-10-07T15:52:10,announcement,"Certificate under SEBI (Depositories and Participants) Regulations, 2018",,https://nsearchives.nseindia.com/corporate/BASML_07102026154920_BASMLReg7453092026.pdf
Yatharth Hospital & Trauma Care Services Limited,YATHARTH,NSE,2026-10-07T15:51:42,announcement,Copy of Newspaper Publication,,https://nsearchives.nseindia.com/corporate/YATHARTH_07102026155132_NP_merged.pdf
Varun Beverages Limited,VBL,NSE,2026-10-07T15:50:19,announcement,General Updates,,https://nsearchives.nseindia.com/corporate/VBL_07102026154901_OutcomeIBC.pdf
B.A.G. Convergence Limited,BAGDIGITAL,NSE,2026-10-07T15:48:21,announcement,Quarterly Compliance Report on Corporate governance - within 21 days from the end of the quarter,,https://nsearchives.nseindia.com/corporate/BAGCONVERGENCE_07102026154638_BCLCGR30092026.pdf
Urban Company Limited,URBANCO,NSE,2026-10-07T15:48:16,announcement,"Certificate under SEBI (Depositories and Participants) Regulations, 2018",,https://nsearchives.nseindia.com/corporate/URBANCO_07102026154614_Reg_74_5__Sep302026.pdf
Star Cement Limited,STARCEMENT,NSE,2026-10-07T15:47:55,announcement,"Certificate under SEBI (Depositories and Participants) Regulations, 2018",,https://nsearchives.nseindia.com/corporate/STARCEMENT_07102026154742_SCL_DP74_Sep26.pdf
Garden Reach Shipbuilders & Engineers Limited,GRSE,NSE,2026-10-07T15:46:27,announcement,Structural Digital Database,,https://nsearchives.nseindia.com/corporate/GRSE_07102026154600_Compliance_Certificate_for_Quarter_Ended_30_Sep_2026_-_GRSE.pdf
Spencer's Retail Limited,SPENCERS,NSE,2026-10-07T15:46:11,announcement,"Certificate under SEBI (Depositories and Participants) Regulations, 2018",,https://nsearchives.nseindia.com/corporate/SPENCERS_07102026154553_THIS_74_5_SEPT_2026.pdf
Lakshmi Finance & Industrial Corporation Limited,LFIC,NSE,2026-10-07T15:44:05,announcement,"Certificate under SEBI (Depositories and Participants) Regulations, 2018",,https://nsearchives.nseindia.com/corporate/LFIC_07102026154318_SEBI_LODR_Reg_74_5__Q2_Lakshmi.pdf
Crisil Limited,CRISIL,NSE,2026-10-07T15:44:04,announcement,"Certificate under SEBI (Depositories and Participants) Regulations, 2018",,https://nsearchives.nseindia.com/corporate/CRISIL_07102026154345_SignedNSEBSE.pdf
Harrisons  Malayalam Limited,HARRMALAYA,NSE,2026-10-07T15:43:32,announcement,"Certificate under SEBI (Depositories and Participants) Regulations, 2018",,https://nsearchives.nseindia.com/corporate/HARRMALAYA_07102026154320_SDforuploading745.pdf
Vikran Engineering Limited,VIKRAN,NSE,2026-10-07T15:43:00,announcement,"Certificate under SEBI (Depositories and Participants) Regulations, 2018",,https://nsearchives.nseindia.com/corporate/VIKRAN123_07102026154239_Intimation_-_Reg_74_5_.pdf
Garden Reach Shipbuilders & Engineers Limited,GRSE,NSE,2026-10-07T15:42:12,announcement,"Certificate under SEBI (Depositories and Participants) Regulations, 2018",,https://nsearchives.nseindia.com/corporate/GRSE_07102026154136_Certificate_UR_74__5__-_Q2-FY_26-27.pdf
Aavas Financiers Limited,AAVAS,NSE,2026-10-07T15:41:31,announcement,"Certificate under SEBI (Depositories and Participants) Regulations, 2018",,https://nsearchives.nseindia.com/corporate/AAVAS_07102026154036_intimation.pdf
Hindustan Aeronautics Limited,HAL,NSE,2026-10-07T15:39:32,announcement,Change in Director(s),,https://nsearchives.nseindia.com/corporate/HAL_07102026153915_ChangeInDirectorate_07102026.pdf
SML Mahindra Limited,SMLMAH,NSE,2026-10-07T15:38:44,announcement,"Certificate under SEBI (Depositories and Participants) Regulations, 2018",,https://nsearchives.nseindia.com/corporate/SMLISUZU_07102026153803_058-Certificate_74_5_Sep2026Signed.pdf
Lodha Developers Limited,LODHA,NSE,2026-10-07T15:37:51,announcement,"Certificate under SEBI (Depositories and Participants) Regulations, 2018",,https://nsearchives.nseindia.com/corporate/LODHA_07102026153619_LDL_Reg74_Q2FY27.pdf
CP Capital Limited,CPCAP,NSE,2026-10-07T15:37:22,announcement,Copy of Newspaper Publication,,https://nsearchives.nseindia.com/corporate/CAREERP_07102026153713_CPCAP_Newspaper_Publication.pdf
Sundaram Finance Limited,SUNDARMFIN,NSE,2026-10-07T15:36:30,announcement,"Certificate under SEBI (Depositories and Participants) Regulations, 2018",,https://nsearchives.nseindia.com/corporate/SUNDARMFIN_07102026153304_Certificate_of_Demat_Confirmation.pdf
Updater Services Limited,UDS,NSE,2026-10-07T15:36:00,announcement,"Certificate under SEBI (Depositories and Participants) Regulations, 2018",,https://nsearchives.nseindia.com/corporate/COMPLIANCEOFFICERUDS_07102026153454_UDS_Reg_74_5__-_DP_F.pdf
Quality Foils (India) Limited,QFIL,NSE,2026-10-07T15:35:44,announcement,"Certificate under SEBI (Depositories and Participants) Regulations, 2018",,https://nsearchives.nseindia.com/corporate/QUALITYFOILS_07102026153533_Intimation.pdf
HCL Technologies Limited,HCLTECH,NSE,2026-10-07T15:35:25,announcement,Updates,,https://nsearchives.nseindia.com/corporate/HCLTECH_07102026153507_Release07October2026.pdf
Dabur India Limited,DABUR,NSE,2026-10-07T15:35:11,announcement,Copy of Newspaper Publication,,https://nsearchives.nseindia.com/corporate/DABURA_07102026153414_Covering_Letter.pdf
Shriram Finance Limited,SHRIRAMFIN,NSE,2026-10-07T15:34:11,announcement,"Certificate under SEBI (Depositories and Participants) Regulations, 2018",,https://nsearchives.nseindia.com/corporate/Mathew_07102026153355_BSENSE_07102026.pdf
Plastiblends India Limited,PLASTIBLEN,NSE,2026-10-07T15:33:44,announcement,"Certificate under SEBI (Depositories and Participants) Regulations, 2018",,https://nsearchives.nseindia.com/corporate/PLASTIBLEN_07102026153322_SLReg74DIP_Full.pdf
Prime Focus Limited,PFOCUS,NSE,2026-10-07T15:33:17,announcement,News Verification,,https://nsearchives.nseindia.com/corporate/PFOCUS_07102026152825_PFLReplytoNSE07102026signed.pdf
Aeroflex Neu Limited,AERONEU,NSE,2026-10-07T15:32:51,announcement,"Certificate under SEBI (Depositories and Participants) Regulations, 2018",,https://nsearchives.nseindia.com/corporate/SAHPOLYMERSLIMITEDIPO_07102026153218_Reg_74_5__ANL_30092026_signed.pdf
Advanced Enzyme Technologies Limited,ADVENZYMES,NSE,2026-10-07T15:32:19,announcement,Updates,,https://nsearchives.nseindia.com/corporate/AETL_07102026153204_Intimation_07102026.pdf
NIBE Limited,NIBE,NSE,2026-10-07T15:32:15,announcement,Credit Rating- New,,https://nsearchives.nseindia.com/corporate/9028072464_07102026153152_upload.pdf
Richa Info Systems Limited,RICHA,NSE,2026-10-07T15:31:36,announcement,"Certificate under SEBI (Depositories and Participants) Regulations, 2018",,https://nsearchives.nseindia.com/corporate/RICHA_07102026153124_CL_Reg74_5__signed.pdf
Privi Speciality Chemicals Limited,PRIVISCL,NSE,2026-10-07T15:31:32,announcement,"Certificate under SEBI (Depositories and Participants) Regulations, 2018",,https://nsearchives.nseindia.com/corporate/FAIRCHEMDP_07102026153114_LettertoBSEandNSEReg74Q2.pdf
Kundan Minerals and Metals Limited,KUNDANMM,NSE,2026-10-07T15:31:15,announcement,"Certificate under SEBI (Depositories and Participants) Regulations, 2018",,https://nsearchives.nseindia.com/corporate/EASTSUGIND_07102026153106_74_5__-REG__1_.pdf
Best Agrolife Limited,BESTAGRO,NSE,2026-10-07T15:30:53,announcement,Structural Digital Database,,https://nsearchives.nseindia.com/corporate/BESTAGRO_07102026153024_SE_SDD_071026.pdf
Hindware Home Innovation Limited,HINDWAREAP,NSE,2026-10-07T15:30:47,announcement,"Certificate under SEBI (Depositories and Participants) Regulations, 2018",,https://nsearchives.nseindia.com/corporate/SHIL_07102026153033_HHILCertificate.pdf
Akg Exim Limited,AKG,NSE,2026-10-07T15:30:19,announcement,"Certificate under SEBI (Depositories and Participants) Regulations, 2018",,https://nsearchives.nseindia.com/corporate/AKG_07102026153010_Intimation_NSE_Certificate_UR_74_5_.pdf
AGI Greenpac Limited,AGI,NSE,2026-10-07T15:30:10,announcement,"Certificate under SEBI (Depositories and Participants) Regulations, 2018",,https://nsearchives.nseindia.com/corporate/HSIL_07102026152956_AGICertificate.pdf
Centrum Capital Limited,CENTRUM,NSE,2026-10-07T15:29:26,announcement,"Certificate under SEBI (Depositories and Participants) Regulations, 2018",,https://nsearchives.nseindia.com/corporate/CENTRUM_07102026152838_BSENSE74_5_.pdf
Indian Hume Pipe Company Limited,INDIANHUME,NSE,2026-10-07T15:27:42,announcement,"Certificate under SEBI (Depositories and Participants) Regulations, 2018",,https://nsearchives.nseindia.com/corporate/SHARES_07102026152718_IHPREGULATION7430092026.pdf
Adani Energy Solutions Limited,ADANIENSOL,NSE,2026-10-07T15:27:18,announcement,General Updates,,https://nsearchives.nseindia.com/corporate/ADANITRANS_07102026152704_AESL_Satara_Power_Acquisition.pdf
Kalyan Jewellers India Limited,KALYANKJIL,NSE,2026-10-07T15:27:10,announcement,"Certificate under SEBI (Depositories and Participants) Regulations, 2018",,https://nsearchives.nseindia.com/corporate/KALYANKJIL_07102026152654_Reg_74_5__Q2.pdf
Varroc Engineering Limited,VARROC,NSE,2026-10-07T15:27:06,announcement,"Certificate under SEBI (Depositories and Participants) Regulations, 2018",,https://nsearchives.nseindia.com/corporate/VARROC_07102026152654_Compliance_Certificate_74_5_Sept26.pdf
Aadhar Housing Finance Limited,AADHARHFC,NSE,2026-10-07T15:24:04,announcement,"Certificate under SEBI (Depositories and Participants) Regulations, 2018",,https://nsearchives.nseindia.com/corporate/AHFL2021_07102026152351_finalsd.pdf
Royal Arc Electrodes Limited,ROYALARC,NSE,2026-10-07T15:23:25,announcement,Updates,,https://nsearchives.nseindia.com/corporate/ROYALARC_07102026152247_Certificate_of_Non_Applicability_of_CG_30_Sep_2026.pdf
Sigachi Industries Limited,SIGACHI,NSE,2026-10-07T15:23:21,announcement,"Certificate under SEBI (Depositories and Participants) Regulations, 2018",,https://nsearchives.nseindia.com/corporate/SIGACHI_07102026152312_Compliancecertiifcate74sept26.pdf
Chavda Infra Limited,CHAVDA,NSE,2026-10-07T15:22:54,announcement,"Certificate under SEBI (Depositories and Participants) Regulations, 2018",,https://nsearchives.nseindia.com/corporate/CHAVDA_07102026152230_Reg74_5__Chavda.pdf
PCBL Chemical Limited,PCBL,NSE,2026-10-07T15:22:18,announcement,Updates,,https://nsearchives.nseindia.com/corporate/PCBL_07102026152056_RelodgementofTransferRequestsofPhysicalSharesforSeptember.pdf
Man Infraconstruction Limited,MANINFRA,NSE,2026-10-07T15:19:38,announcement,"Certificate under SEBI (Depositories and Participants) Regulations, 2018",,https://nsearchives.nseindia.com/corporate/vishaladhav_07102026151845_MICL.pdf
Abhishek Integrations Limited,AILIMITED,NSE,2026-10-07T15:17:22,announcement,"Certificate under SEBI (Depositories and Participants) Regulations, 2018",,https://nsearchives.nseindia.com/corporate/INTEGRATIONS_07102026151657_Covering_74_5__S.pdf
Best Agrolife Limited,BESTAGRO,NSE,2026-10-07T15:16:35,announcement,"Certificate under SEBI (Depositories and Participants) Regulations, 2018",,https://nsearchives.nseindia.com/corporate/BESTAGRO_07102026151618_SE74_5__071026.pdf
The Peria Karamalai Tea & Produce Company Limited,PKTEA,NSE,2026-10-07T15:16:20,announcement,"Certificate under SEBI (Depositories and Participants) Regulations, 2018",,https://nsearchives.nseindia.com/corporate/PKTEA_07102026151535_CertificatePeria07102026.pdf
Finolex Industries Limited,FINPIPE,NSE,2026-10-07T15:15:05,announcement,"Certificate under SEBI (Depositories and Participants) Regulations, 2018",,https://nsearchives.nseindia.com/corporate/FINPIPE2_07102026151449_74s.pdf
Caplin Point Laboratories Limited,CAPLIPOINT,NSE,2026-10-07T15:13:38,announcement,"Certificate under SEBI (Depositories and Participants) Regulations, 2018",,https://nsearchives.nseindia.com/corporate/CAPLINPOINT_07102026151301_SEintimation_SD.pdf
Kanoria Chemicals & Industries Limited,KANORICHEM,NSE,2026-10-07T15:13:37,announcement,Credit Rating,,https://nsearchives.nseindia.com/corporate/KANORICHEM_07102026151314_Letter.pdf
LMW Limited,LMW,NSE,2026-10-07T15:11:46,announcement,"Certificate under SEBI (Depositories and Participants) Regulations, 2018",,https://nsearchives.nseindia.com/corporate/LAXMIMACH_07102026151034_FILING745LETTER.pdf
Wonder Electricals Limited,WEL,NSE,2026-10-07T15:11:35,announcement,Cessation,,https://nsearchives.nseindia.com/corporate/WFL_07102026151128_CSResignationWEL07102026.pdf
Kaynes Technology India Limited,KAYNES,NSE,2026-10-07T15:10:27,announcement,"Certificate under SEBI (Depositories and Participants) Regulations, 2018",,https://nsearchives.nseindia.com/corporate/KAYNESTECH_07102026151004_RTACERTIFICATEofKTIL.pdf
Credo Brands Marketing Limited,MUFTI,NSE,2026-10-07T15:09:26,announcement,"Certificate under SEBI (Depositories and Participants) Regulations, 2018",,https://nsearchives.nseindia.com/corporate/CREDONSE_07102026150858_20261007_Letter_BSE_NSE.pdf
Aarey Drugs & Pharmaceuticals Limited,AAREYDRUGS,NSE,2026-10-07T15:09:18,announcement,General Updates,,https://nsearchives.nseindia.com/corporate/AAREYDRUGS_07102026150905_BM_OUTCOME-_SIGNED.pdf
RITES Limited,RITES,NSE,2026-10-07T15:09:10,announcement,"Certificate under SEBI (Depositories and Participants) Regulations, 2018",,https://nsearchives.nseindia.com/corporate/RITES_07102026150901_Intimation74_5_Signed.pdf
Lloyds Luxuries Limited,LLOYDS,NSE,2026-10-07T15:06:46,announcement,"Certificate under SEBI (Depositories and Participants) Regulations, 2018",,https://nsearchives.nseindia.com/corporate/LLOYDS_07102026150623_FINAL.pdf
Jullundur Motor Agency (Delhi) Limited,JMA,NSE,2026-10-07T15:05:58,announcement,"Certificate under SEBI (Depositories and Participants) Regulations, 2018",,https://nsearchives.nseindia.com/corporate/JMA_07102026150517_DisclosureUnderReg74_5_30092026.pdf
Repco Home Finance Limited,REPCOHOME,NSE,2026-10-07T15:04:30,announcement,Updates,,https://nsearchives.nseindia.com/corporate/REPCOHOME_07102026150102_SpecialWindow.pdf
Vedanta Oil and Gas Limited,VOGL,NSE,2026-10-07T15:02:51,announcement,"Certificate under SEBI (Depositories and Participants) Regulations, 2018",,https://nsearchives.nseindia.com/corporate/VOGL_07102026150242_VOGLSEIntimationforQ2FY27underReg74_5_.pdf
Siddhi Cotspin Limited,SIDDHICOTS,NSE,2026-10-07T15:02:32,announcement,"Certificate under SEBI (Depositories and Participants) Regulations, 2018",,https://nsearchives.nseindia.com/corporate/SIDDHI_07102026150221_Certificate_under_regulation_74_5__2018.pdf
Dixon Technologies (India) Limited,DIXON,NSE,2026-10-07T15:01:51,announcement,Agreements,,https://nsearchives.nseindia.com/corporate/DIXON_07102026150006_Regulation30_DisclosureGemtek07102026.pdf
3P Land Holdings Limited,3PLAND,NSE,2026-10-07T15:01:05,announcement,"Certificate under SEBI (Depositories and Participants) Regulations, 2018",,https://nsearchives.nseindia.com/corporate/3PLAND_07102026150058_3PCoverLetter745.pdf
Hindustan Zinc Limited,HINDZINC,NSE,2026-10-07T15:00:26,announcement,Updates,,https://nsearchives.nseindia.com/corporate/HINDZINCNSE_07102026145947_SEIntimation06102026.pdf
Anand Rathi Share and Stock Brokers Limited,ARSSBL,NSE,2026-10-07T14:59:50,announcement,"Certificate under SEBI (Depositories and Participants) Regulations, 2018",,https://nsearchives.nseindia.com/corporate/ARSSBL_2024_07102026145849_NSEBSEINTIMATION.pdf
Midwest Limited,MIDWESTLTD,NSE,2026-10-07T14:59:34,announcement,"Certificate under SEBI (Depositories and Participants) Regulations, 2018",,https://nsearchives.nseindia.com/corporate/MIDWEST_07102026145925_Cover.pdf
Asset Reconstruction Company (India) Limited,ARCIL,NSE,2026-10-07T14:59:04,announcement,Copy of Newspaper Publication,,https://nsearchives.nseindia.com/corporate/ARCIL_07102026145856_Disclosure_of_Newspaper_Advt_June_26.pdf
Algoquant Fintech Limited,ALGOQUANT,NSE,2026-10-07T14:58:48,announcement,"Certificate under SEBI (Depositories and Participants) Regulations, 2018",,https://nsearchives.nseindia.com/corporate/ALGOQUANT_07102026145816_74_5__Intimation_final_signed.pdf
Vishnu Prakash R Punglia Limited,VPRPL,NSE,2026-10-07T14:58:05,announcement,"Certificate under SEBI (Depositories and Participants) Regulations, 2018",,https://nsearchives.nseindia.com/corporate/VPRPL_07102026145740_Certificate_under_Regulation_74_5__Signed.pdf
Repco Home Finance Limited,REPCOHOME,NSE,2026-10-07T14:57:44,announcement,"Certificate under SEBI (Depositories and Participants) Regulations, 2018",,https://nsearchives.nseindia.com/corporate/REPCOHOME_07102026145508_Regulation74.pdf
Creative Graphics Solutions India Limited,CGRAPHICS,NSE,2026-10-07T14:56:40,announcement,"Certificate under SEBI (Depositories and Participants) Regulations, 2018",,https://nsearchives.nseindia.com/corporate/CREATIVEGRAPHICS_07102026145250_Reg_74_5__sd.pdf
GAIL (India) Limited,GAIL,NSE,2026-10-07T14:56:17,announcement,"Certificate under SEBI (Depositories and Participants) Regulations, 2018",,https://nsearchives.nseindia.com/corporate/GAIL_07102026145610_Letter_74_5_30092026_Signed.pdf
Intellect Design Arena Limited,INTELLECT,NSE,2026-10-07T14:54:37,announcement,"Certificate under SEBI (Depositories and Participants) Regulations, 2018",,https://nsearchives.nseindia.com/corporate/INTELLECT_07102026145413_CertificateunderSEBIDPwithDSC.pdf
Asset Reconstruction Company (India) Limited,ARCIL,NSE,2026-10-07T14:53:50,announcement,Press Release,,https://nsearchives.nseindia.com/corporate/ARCIL_07102026145237_Disclosure_of_Press_Release_June_2026_Signed.pdf
Repco Home Finance Limited,REPCOHOME,NSE,2026-10-07T14:53:00,announcement,Updates,,https://nsearchives.nseindia.com/corporate/REPCOHOME_07102026145029_RTADebtOperation.pdf
Nova Agritech Limited,NOVAAGRI,NSE,2026-10-07T14:52:19,announcement,"Certificate under SEBI (Depositories and Participants) Regulations, 2018",,https://nsearchives.nseindia.com/corporate/NOVA_07102026145208_Intimation74_5_.pdf
Manoj Vaibhav Gems N Jewellers Limited,MVGJL,NSE,2026-10-07T14:51:47,announcement,"Certificate under SEBI (Depositories and Participants) Regulations, 2018",,https://nsearchives.nseindia.com/corporate/CSVAIBHAV_07102026145134_74_5_.pdf
Deepak Builders & Engineers India Limited,DBEIL,NSE,2026-10-07T14:51:17,announcement,Address Change,,https://nsearchives.nseindia.com/corporate/DEEPAKBUILDERS_07102026145102_Intimation.pdf
Sportking India Limited,SPORTKING,NSE,2026-10-07T14:50:59,announcement,"Certificate under SEBI (Depositories and Participants) Regulations, 2018",,https://nsearchives.nseindia.com/corporate/SPORTKING_07102026145045_Letter_to_stock_Exchange.pdf
Black Box Limited,BBOX,NSE,2026-10-07T14:49:48,announcement,"Certificate under SEBI (Depositories and Participants) Regulations, 2018",,https://nsearchives.nseindia.com/corporate/BBOX_07102026144936_SE_Reg74_5__Q2FY27.pdf
Frog Innovations Limited,FROG,NSE,2026-10-07T14:49:15,announcement,"Certificate under SEBI (Depositories and Participants) Regulations, 2018",,https://nsearchives.nseindia.com/corporate/FROGCELLSAT_07102026144843_Regulation_74_5__Disclosure_signed.pdf
Sterling Tools Limited,STERTOOLS,NSE,2026-10-07T14:48:11,announcement,"Certificate under SEBI (Depositories and Participants) Regulations, 2018",,https://nsearchives.nseindia.com/corporate/STERTOOLS_07102026144758_ST174_5_SEP2026.pdf
Krishna Institute of Medical Sciences Limited,KIMS,NSE,2026-10-07T14:47:18,announcement,General Updates,,https://nsearchives.nseindia.com/corporate/KIMS_07102026144710_General_Update.pdf
Excel Industries Limited,EXCELINDUS,NSE,2026-10-07T14:46:51,announcement,"Certificate under SEBI (Depositories and Participants) Regulations, 2018",,https://nsearchives.nseindia.com/corporate/EXCELINDUS_07102026144638_74_5_.pdf
Hindalco Industries Limited,HINDALCO,NSE,2026-10-07T14:44:41,announcement,"Certificate under SEBI (Depositories and Participants) Regulations, 2018",,https://nsearchives.nseindia.com/corporate/HINDALCOIND_07102026144401_Reg_74_5_DP_Reg_September_2026_signed.pdf
Royal Arc Electrodes Limited,ROYALARC,NSE,2026-10-07T14:44:20,announcement,"Certificate under SEBI (Depositories and Participants) Regulations, 2018",,https://nsearchives.nseindia.com/corporate/ROYALARC_07102026144407_CertificateunderRegulation74_5_RAEL30092026.pdf
Gland Pharma Limited,GLAND,NSE,2026-10-07T14:43:31,announcement,Copy of Newspaper Publication,,https://nsearchives.nseindia.com/corporate/GLAND_07102026144057_Post_newspaper_publication_PostalBallotDispatch.pdf
Pranav Constructions Limited,PRANAV,NSE,2026-10-07T14:42:10,announcement,"Certificate under SEBI (Depositories and Participants) Regulations, 2018",,https://nsearchives.nseindia.com/corporate/PCPL_07102026144050_Certificate_under_Reg_74_5_.pdf
Bodhi Tree Multimedia Limited,BTML,NSE,2026-10-07T14:41:57,announcement,Copy of Newspaper Publication,,https://nsearchives.nseindia.com/corporate/BTML_07102026144150_Newspaperadver.pdf
Billionbrains Garage Ventures Limited,GROWW,NSE,2026-10-07T14:41:45,announcement,"Certificate under SEBI (Depositories and Participants) Regulations, 2018",,https://nsearchives.nseindia.com/corporate/BILLIONBRAINS_07102026144114_Reg74_5__SD.pdf
Dr. Reddy's Laboratories Limited,DRREDDY,NSE,2026-10-07T14:41:26,announcement,Press Release,,https://nsearchives.nseindia.com/corporate/DRREDDY_07102026144117_SE_Intimation_Earning_call_Notification_07102026_signed.pdf
Consolidated Construction Consortium Limited,CCCL,NSE,2026-10-07T14:40:50,announcement,General Updates,,https://nsearchives.nseindia.com/corporate/CCCL_07102026144001_CCCLrelodgementtransferrequestof_physicalsharesreport.pdf
PI Industries Limited,PIIND,NSE,2026-10-07T14:40:03,announcement,Copy of Newspaper Publication,,https://nsearchives.nseindia.com/corporate/PIIND_07102026143947_Newspaperadvertisement_filing_sd.pdf
Suraj Limited,SURAJLTD,NSE,2026-10-07T14:39:56,announcement,"Certificate under SEBI (Depositories and Participants) Regulations, 2018",,https://nsearchives.nseindia.com/corporate/SURAJLTD_07102026143900_Regulation_74_4__pdf.pdf
Orient Press Limited,ORIENTLTD,NSE,2026-10-07T14:39:51,announcement,"Certificate under SEBI (Depositories and Participants) Regulations, 2018",,https://nsearchives.nseindia.com/corporate/ORIENTLTD_07102026143942_intimation.pdf
WE WIN LIMITED,WEWIN,NSE,2026-10-07T14:38:55,announcement,Structural Digital Database,,https://nsearchives.nseindia.com/corporate/SUREVIN_07102026143814_Compliance_Certificate_30-09-2026.pdf
Consolidated Construction Consortium Limited,CCCL,NSE,2026-10-07T14:36:23,announcement,"Certificate under SEBI (Depositories and Participants) Regulations, 2018",,https://nsearchives.nseindia.com/corporate/CCCL_07102026143609_CCCLRegulation74certificatequarterended30092026.pdf
BALAXI PHARMACEUTICALS LIMITED,BALAXI,NSE,2026-10-07T14:36:13,announcement,"Certificate under SEBI (Depositories and Participants) Regulations, 2018",,https://nsearchives.nseindia.com/corporate/BALAXI_07102026143526_Balaxi_NSE_Announcement_07102026.pdf
Dr. Reddy's Laboratories Limited,DRREDDY,NSE,2026-10-07T14:34:46,announcement,"Certificate under SEBI (Depositories and Participants) Regulations, 2018",,https://nsearchives.nseindia.com/corporate/DRREDDY_07102026143434_Certificate_under_74_5__signed__1_.pdf
Aristo Bio-Tech And Lifescience Limited,ARISTO,NSE,2026-10-07T14:34:39,announcement,"Certificate under SEBI (Depositories and Participants) Regulations, 2018",,https://nsearchives.nseindia.com/corporate/ARISTO_07102026143427_sd.pdf
Bhageria Industries Limited,BHAGERIA,NSE,2026-10-07T14:34:22,announcement,"Certificate under SEBI (Depositories and Participants) Regulations, 2018",,https://nsearchives.nseindia.com/corporate/BHAGERIA_07102026143405_BSENSE-Reg_74_5_.pdf
NRB Industrial Bearings Limited,NIBL,NSE,2026-10-07T14:33:58,announcement,Quarterly Compliance Report on Corporate governance - within 21 days from the end of the quarter,,https://nsearchives.nseindia.com/corporate/NIBL_07102026143317_Non_applicability_of_CGR_sd.pdf
Ganges Securities Limited,GANGESSECU,NSE,2026-10-07T14:32:24,announcement,"Certificate under SEBI (Depositories and Participants) Regulations, 2018",,https://nsearchives.nseindia.com/corporate/GANGESSECU_07102026143202_GSL_74_5_30092026.pdf
Suven Life Sciences Limited,SUVEN,NSE,2026-10-07T14:30:54,announcement,"Certificate under SEBI (Depositories and Participants) Regulations, 2018",,https://nsearchives.nseindia.com/corporate/SUVEN_07102026142918_Suvencertificate745.pdf
Ester Industries Limited,ESTER,NSE,2026-10-07T14:29:32,announcement,Copy of Newspaper Publication,,https://nsearchives.nseindia.com/corporate/ESTER_07102026142920_NewspaperIntimation5th.pdf
Minda Corporation Limited,MINDACORP,NSE,2026-10-07T14:27:50,announcement,"Certificate under SEBI (Depositories and Participants) Regulations, 2018",,https://nsearchives.nseindia.com/corporate/MINDACORP_07102026142737_NSEBSEREG74sep26signed.pdf
Tips Films Limited,TIPSFILMS,NSE,2026-10-07T14:24:23,announcement,"Certificate under SEBI (Depositories and Participants) Regulations, 2018",,https://nsearchives.nseindia.com/corporate/TIPSFILMSLTD_07102026142244_TFL_Reg_74_5_.pdf
Dishman Carbogen Amcis Limited,DCAL,NSE,2026-10-07T14:23:15,announcement,Outcome of Board Meeting,,https://nsearchives.nseindia.com/corporate/DCAL_07102026142251_OutcomeofBM07102026S.pdf
Ganges Securities Limited,GANGESSECU,NSE,2026-10-07T14:22:37,announcement,General Updates,,https://nsearchives.nseindia.com/corporate/GANGESSECU_07102026141948_GSL_74_5_30092026.pdf
Smartworks Coworking Spaces Limited,SMARTWORKS,NSE,2026-10-07T14:22:17,announcement,"Certificate under SEBI (Depositories and Participants) Regulations, 2018",,https://nsearchives.nseindia.com/corporate/SMARTWORKS_07102026142005_Intimation_Regulation_74_5_.pdf
BirlaNu Limited,BIRLANU,NSE,2026-10-07T14:20:19,announcement,Credit Rating- Revision,,https://nsearchives.nseindia.com/corporate/HIL_07102026141940_SEIntimationCreditRating7October2026Signed.pdf
LTM Limited,LTM,NSE,2026-10-07T14:19:49,announcement,"Certificate under SEBI (Depositories and Participants) Regulations, 2018",,https://nsearchives.nseindia.com/corporate/LTI_07102026141919_SEintimationSignedreg74.pdf
Jet Knitwears Limited,JETKNIT,NSE,2026-10-07T14:19:38,announcement,Updates,,https://nsearchives.nseindia.com/corporate/JETKNIT_07102026141925_NAD_CG_2026_sdd_OCT.pdf
Rashtriya Chemicals and Fertilizers Limited,RCF,NSE,2026-10-07T14:18:50,announcement,Credit Rating- Others,,https://nsearchives.nseindia.com/corporate/RCF_07102026141831_creditrating.pdf
Marushika Technology Limited,MARUSHIKA,NSE,2026-10-07T14:18:36,announcement,General Updates,,https://nsearchives.nseindia.com/corporate/MARUSHIKA_07102026141824_NOn_applicability_certificate_of_Reg_27_2__Signed.pdf
ICDS Limited,ICDSLTD,NSE,2026-10-07T14:18:32,announcement,"Certificate under SEBI (Depositories and Participants) Regulations, 2018",,https://nsearchives.nseindia.com/corporate/ICDSLTD_07102026141819_REGULATION_74_5__SEPT_2026.pdf
Bedmutha Industries Limited,BEDMUTHA,NSE,2026-10-07T14:17:19,announcement,"Certificate under SEBI (Depositories and Participants) Regulations, 2018",,https://nsearchives.nseindia.com/corporate/BEDMUTHA_07102026141707_BIL-BSE-NSE-Regulation_74_5__SEBI_DP_Sept2026_Fnl.pdf
MRF Limited,MRF,NSE,2026-10-07T14:16:22,announcement,"Certificate under SEBI (Depositories and Participants) Regulations, 2018",,https://nsearchives.nseindia.com/corporate/MRF_07102026141434_Regulation74.pdf
Indoco Remedies Limited,INDOCO,NSE,2026-10-07T14:15:51,announcement,"Certificate under SEBI (Depositories and Participants) Regulations, 2018",,https://nsearchives.nseindia.com/corporate/INDOCO_07102026141533_Certificate74BSENSNew.pdf
Rashtriya Chemicals and Fertilizers Limited,RCF,NSE,2026-10-07T14:15:36,announcement,"Certificate under SEBI (Depositories and Participants) Regulations, 2018",,https://nsearchives.nseindia.com/corporate/RCF_07102026141519_Reg74_5.pdf
AVRO INDIA LIMITED,AVROIND,NSE,2026-10-07T14:15:03,announcement,"Certificate under SEBI (Depositories and Participants) Regulations, 2018",,https://nsearchives.nseindia.com/corporate/AVONMPL_07102026141448_Reg74September2026.pdf
Glass Wall Systems (India) Limited,GLASSWALL,NSE,2026-10-07T14:12:51,announcement,Copy of Newspaper Publication,,https://nsearchives.nseindia.com/corporate/GLASSWALL_07102026141233_2026_10_07_-_Newspaper_Ad_Intimation_-_signed.pdf
Rain Industries Limited,RAIN,NSE,2026-10-07T14:10:55,announcement,Copy of Newspaper Publication,,https://nsearchives.nseindia.com/corporate/RAIN_07102026141026_Newspaperclipping.pdf
RNFI Services Limited,RNFI,NSE,2026-10-07T14:09:00,announcement,"Certificate under SEBI (Depositories and Participants) Regulations, 2018",,https://nsearchives.nseindia.com/corporate/RNFI_07102026140835_NSE.pdf
Procter & Gamble Health Limited,PGHL,NSE,2026-10-07T14:08:07,announcement,"Certificate under SEBI (Depositories and Participants) Regulations, 2018",,https://nsearchives.nseindia.com/corporate/PGHL_07102026140738_PGHLCertificateunderRegulation745oftheSEBI30092026Signed.pdf
Chetana Education Limited,CHETANA,NSE,2026-10-07T14:07:21,announcement,"Certificate under SEBI (Depositories and Participants) Regulations, 2018",,https://nsearchives.nseindia.com/corporate/CHETANA_07102026140700_Regulation-74_5__final.pdf
CSL Finance Limited,CSLFINANCE,NSE,2026-10-07T14:07:20,announcement,Copy of Newspaper Publication,,https://nsearchives.nseindia.com/corporate/CSLFINANCELIMITED_07102026140709_Coverletterfinal.pdf
Indian Emulsifiers Limited,IEML,NSE,2026-10-07T14:05:47,announcement,Quarterly Compliance Report on Corporate governance - within 21 days from the end of the quarter,,https://nsearchives.nseindia.com/corporate/INDIANEMULSIFIERS_07102026140400_Non_Applicability_of_CG.pdf
Goyal Aluminiums Limited,GOYALALUM,NSE,2026-10-07T14:04:04,announcement,"Certificate under SEBI (Depositories and Participants) Regulations, 2018",,https://nsearchives.nseindia.com/corporate/GOYALALUM_07102026140334_Reg_74_goyal.pdf
RNFI Services Limited,RNFI,NSE,2026-10-07T13:58:32,announcement,"Certificate under SEBI (Depositories and Participants) Regulations, 2018",,https://nsearchives.nseindia.com/corporate/RNFI_07102026135803_NSE.pdf
Shilpa Medicare Limited,SHILPAMED,NSE,2026-10-07T13:58:09,announcement,"Certificate under SEBI (Depositories and Participants) Regulations, 2018",,https://nsearchives.nseindia.com/corporate/SHILPAMED_07102026135801_74_disclosure.pdf
Ajanta Pharma Limited,AJANTPHARM,NSE,2026-10-07T13:56:05,announcement,"Certificate under SEBI (Depositories and Participants) Regulations, 2018",,https://nsearchives.nseindia.com/corporate/AJANTPHARM_07102026135556_74_5_30092026.pdf
Shakti Pumps (India) Limited,SHAKTIPUMP,NSE,2026-10-07T13:54:21,announcement,"Certificate under SEBI (Depositories and Participants) Regulations, 2018",,https://nsearchives.nseindia.com/corporate/SHAKTIPUMP_07102026135354_Disclosure_under_Regulation74_5_.pdf
Munish Forge Limited,MUNISH,NSE,2026-10-07T13:53:35,announcement,"Certificate under SEBI (Depositories and Participants) Regulations, 2018",,https://nsearchives.nseindia.com/corporate/MUNISHINC_07102026135248_Certificateunderregulation74_5_.pdf
AVG Logistics Limited,AVG,NSE,2026-10-07T13:53:17,announcement,"Certificate under SEBI (Depositories and Participants) Regulations, 2018",,https://nsearchives.nseindia.com/corporate/AVG_07102026135308_DP_Certificate_Qtr_end_30th_Sept_2026_Signed.pdf
Windlas Biotech Limited,WINDLAS,NSE,2026-10-07T13:51:52,announcement,"Certificate under SEBI (Depositories and Participants) Regulations, 2018",,https://nsearchives.nseindia.com/corporate/WINDLAS_07102026135139_REG_74_SEP_2026_U.pdf
Indian Emulsifiers Limited,IEML,NSE,2026-10-07T13:50:03,announcement,"Certificate under SEBI (Depositories and Participants) Regulations, 2018",,https://nsearchives.nseindia.com/corporate/INDIANEMULSIFIERS_07102026134826_IEML_74_5_.pdf
JSW Energy Limited,JSWENERGY,NSE,2026-10-07T13:49:19,announcement,General Updates,,https://nsearchives.nseindia.com/corporate/KRUTIKAJSWEL_07102026134831_StockExchangeIntimationNewspaperadvertisementforPBNoticedispatchMerged.pdf
SEDEMAC Mechatronics Limited,SEDEMAC,NSE,2026-10-07T13:44:42,announcement,General Updates,,https://nsearchives.nseindia.com/corporate/SEDEMAC2007_07102026134435_20261007-IntimationofESOPapproval.pdf
T T Limited,TTL,NSE,2026-10-07T13:41:21,announcement,"Certificate under SEBI (Depositories and Participants) Regulations, 2018",,https://nsearchives.nseindia.com/corporate/TTL_07102026134059_REG_74_5__CERTIFICATE_STOCK_EXCHANGE.pdf
Thejo Engineering Limited,THEJO,NSE,2026-10-07T13:39:18,announcement,"Certificate under SEBI (Depositories and Participants) Regulations, 2018",,https://nsearchives.nseindia.com/corporate/THEJO_07102026133639_Certi_Reg74_5_DPReg_Q2_FY27.pdf
Sejal Glass Limited,SEJALLTD,NSE,2026-10-07T13:39:01,announcement,"Certificate under SEBI (Depositories and Participants) Regulations, 2018",,https://nsearchives.nseindia.com/corporate/SEJALLTD_07102026133831_SE.pdf
21st Century Management Services Limited,21STCENMGM,NSE,2026-10-07T13:39:00,announcement,Structural Digital Database,,https://nsearchives.nseindia.com/corporate/21STCENMGM_07102026133847_21STCENMGMNSESDDCERTIFICATE30092026.pdf
GSPL Transmission Limited,GSPLTRANS,NSE,2026-10-07T13:38:30,announcement,Trading Window,,https://nsearchives.nseindia.com/corporate/GSPLTRANS_07102026133822_NSEBSEBMandTWC.pdf
Banaras Beads Limited,BANARBEADS,NSE,2026-10-07T13:37:12,announcement,"Certificate under SEBI (Depositories and Participants) Regulations, 2018",,https://nsearchives.nseindia.com/corporate/BANARBEADS_07102026133659_Regulation74.pdf
Welspun Enterprises Limited,WELENT,NSE,2026-10-07T13:36:04,announcement,Bagging/Receiving of orders/contracts,,https://nsearchives.nseindia.com/corporate/WELENT_07102026133523_Upload.pdf
Sharp Chucks and Machines Limited,SCML,NSE,2026-10-07T13:34:31,announcement,Resignation,,https://nsearchives.nseindia.com/corporate/SHARPCHUCKS_07102026133133_Reg_30_intimation_of_resignation_of_non-executive_director.pdf
SBFC Finance Limited,SBFC,NSE,2026-10-07T13:33:10,announcement,Allotment of Securities,,https://nsearchives.nseindia.com/corporate/SBFC_07102026133236_ESOP_Share_allotment_intimation_07102026_signed.pdf
Rex Pipes And Cables Industries Limited,REXPIPES,NSE,2026-10-07T13:31:08,announcement,Appointment,,https://nsearchives.nseindia.com/corporate/csrexpumps_07102026132614_Outcome_of_BoardMeeting.pdf
Optivalue Tek Consulting Limited,OPTIVALUE,NSE,2026-10-07T13:29:25,announcement,"Certificate under SEBI (Depositories and Participants) Regulations, 2018",,https://nsearchives.nseindia.com/corporate/OPTIVALUETEK_07102026132741_Reg74.pdf
Honda India Power Products Limited,HONDAPOWER,NSE,2026-10-07T13:28:43,announcement,"Certificate under SEBI (Depositories and Participants) Regulations, 2018",,https://nsearchives.nseindia.com/corporate/HONDAPOWER_07102026132816_Reg74_5__30092026_Signed.pdf
DCM Nouvelle Limited,DCMNVL,NSE,2026-10-07T13:26:59,announcement,"Certificate under SEBI (Depositories and Participants) Regulations, 2018",,https://nsearchives.nseindia.com/corporate/DCMNVL_07102026132447_BSENSESigned.pdf
Dhampur Sugar Mills Limited,DHAMPURSUG,NSE,2026-10-07T13:26:50,announcement,"Certificate under SEBI (Depositories and Participants) Regulations, 2018",,https://nsearchives.nseindia.com/corporate/DHAMPURSUG_07102026132642_Reg74_07102026.pdf
OM INFRA LIMITED,OMINFRAL,NSE,2026-10-07T13:24:54,announcement,"Certificate under SEBI (Depositories and Participants) Regulations, 2018",,https://nsearchives.nseindia.com/corporate/OMINFRAL_07102026132442_Covering_Letter_merged.pdf
Mask Investments Limited,MASKINVEST,NSE,2026-10-07T13:23:13,announcement,"Certificate under SEBI (Depositories and Participants) Regulations, 2018",,https://nsearchives.nseindia.com/corporate/MASKINVEST_07102026132301_MASKREG7507102026.pdf
Bal Pharma Limited,BALPHARMA,NSE,2026-10-07T13:18:33,announcement,"Certificate under SEBI (Depositories and Participants) Regulations, 2018",,https://nsearchives.nseindia.com/corporate/BALPHARMA1_07102026131801_Reg_74_Final_.pdf
Adani Energy Solutions Limited,ADANIENSOL,NSE,2026-10-07T13:16:42,announcement,Analysts/Institutional Investor Meet/Con. Call Updates,,https://nsearchives.nseindia.com/corporate/ADANITRANS_07102026131629_AESL_Investor_Meet.pdf
E Factor Experiences Limited,EFACTOR,NSE,2026-10-07T13:15:42,announcement,"Certificate under SEBI (Depositories and Participants) Regulations, 2018",,https://nsearchives.nseindia.com/corporate/EFACTOR_07102026131451_Stx_Intimation_Reg74_5_30092026.pdf
N R Agarwal Industries Limited,NRAIL,NSE,2026-10-07T13:15:17,announcement,Copy of Newspaper Publication,,https://nsearchives.nseindia.com/corporate/NRAIL_07102026131506_SEintimationforNewspaperPublication06102026.pdf
Sarda Energy & Minerals Limited,SARDAEN,NSE,2026-10-07T13:14:52,announcement,General Updates,,https://nsearchives.nseindia.com/corporate/SARDAEN_07102026131441_SEML1.pdf
Dreamfolks Services Limited,DREAMFOLKS,NSE,2026-10-07T13:14:11,announcement,"Certificate under SEBI (Depositories and Participants) Regulations, 2018",,https://nsearchives.nseindia.com/corporate/DREAMFOLKS24_07102026131400_DFSL_Int_Reg_74_5__Signed.pdf
Veegaland Developers Limited,VEEGALAND,NSE,2026-10-07T13:13:34,announcement,Copy of Newspaper Publication,,https://nsearchives.nseindia.com/corporate/VEEGALAND_07102026131315_Newspaper_Publication_Q1_sd.pdf
Sarda Energy & Minerals Limited,SARDAEN,NSE,2026-10-07T13:13:06,announcement,Credit Rating- Revision,,https://nsearchives.nseindia.com/corporate/SARDAEN_07102026131255_SEML.pdf
Sanathan Textiles Limited,SANATHAN,NSE,2026-10-07T13:12:57,announcement,"Certificate under SEBI (Depositories and Participants) Regulations, 2018",,https://nsearchives.nseindia.com/corporate/SANATHAN_07102026130827_STL_Coverletter_Reg74_5_.pdf
Safari Industries (India) Limited,SAFARI,NSE,2026-10-07T13:12:26,announcement,"Certificate under SEBI (Depositories and Participants) Regulations, 2018",,https://nsearchives.nseindia.com/corporate/SAFARIIND_07102026131220_SE_Intimation_74_5__30Sept2026.pdf
Mangalam Drugs And Organics Limited,MANGALAM,NSE,2026-10-07T13:11:05,announcement,"Certificate under SEBI (Depositories and Participants) Regulations, 2018",,https://nsearchives.nseindia.com/corporate/MANGALAM_07102026131053_SE35.pdf
SKY GOLD AND DIAMONDS LIMITED,SKYGOLD,NSE,2026-10-07T13:10:57,announcement,Press Release,,https://nsearchives.nseindia.com/corporate/SKYGOLD_07102026131040_PR.pdf
Kanani Industries Limited,KANANIIND,NSE,2026-10-07T13:08:39,announcement,"Certificate under SEBI (Depositories and Participants) Regulations, 2018",,https://nsearchives.nseindia.com/corporate/KANANIIND_07102026130825_KILREG74530092026.pdf
Emami Paper Mills Limited,EMAMIPAP,NSE,2026-10-07T13:06:07,announcement,"Certificate under SEBI (Depositories and Participants) Regulations, 2018",,https://nsearchives.nseindia.com/corporate/GAICH_07102026130533_EPML_REG_74_5_30092026_SIGNED.pdf
LCC Infotech Limited,LCCINFOTEC,NSE,2026-10-07T13:05:39,announcement,General Updates,,https://nsearchives.nseindia.com/corporate/LCCINFOTEC_07102026130448_Coverning_Letter_with_RTA_Letter_30-9-26.pdf
United Polyfab Gujarat Limited,UNITEDPOLY,NSE,2026-10-07T13:05:34,announcement,Structural Digital Database,,https://nsearchives.nseindia.com/corporate/UNITEDPOLY_07102026130524_UPGL_SDD_Certificate.pdf
Global Vectra Helicorp Limited,GLOBALVECT,NSE,2026-10-07T13:05:00,announcement,Resignation of Director/KMP/SMP,,https://nsearchives.nseindia.com/corporate/GLOBALVECT_ROID_99897_KMP_Doc.zip
Sahaj Solar Limited,SAHAJSOLAR,NSE,2026-10-07T13:04:06,announcement,General Updates,,https://nsearchives.nseindia.com/corporate/SahajSolar_07102026130354_071026_SSL_Intimiation_Signed.pdf
Safari Industries (India) Limited,SAFARI,NSE,2026-10-07T13:04:04,announcement,Analysts/Institutional Investor Meet/Con. Call Updates,,https://nsearchives.nseindia.com/corporate/SAFARIIND_07102026130351_SEINTIMATION-analyst_meet_12Oct2026.pdf
Cello World Limited,CELLO,NSE,2026-10-07T13:02:33,announcement,"Certificate under SEBI (Depositories and Participants) Regulations, 2018",,https://nsearchives.nseindia.com/corporate/CELLO2023_07102026130145_Intimation_CWL_Signed.pdf
Bajaj Housing Finance Limited,BAJAJHFL,NSE,2026-10-07T13:01:43,announcement,Allotment of Securities,,https://nsearchives.nseindia.com/corporate/BHFL_07102026125939_SE_intimation_allotment_under_S34T7.pdf
Adani Enterprises Limited,ADANIENT,NSE,2026-10-07T13:00:05,announcement,Analysts/Institutional Investor Meet/Con. Call Updates,,https://nsearchives.nseindia.com/corporate/nishant_joshi_adani_com_07102026125748_AELIntimation05102026.pdf
Orient Paper & Industries Limited,ORIENTPPR,NSE,2026-10-07T12:59:55,announcement,"Certificate under SEBI (Depositories and Participants) Regulations, 2018",,https://nsearchives.nseindia.com/corporate/ORIENTPPR_07102026125655_Letter74_5_.pdf
Heritage Foods Limited,HERITGFOOD,NSE,2026-10-07T12:59:49,announcement,Analysts/Institutional Investor Meet/Con. Call Updates,,https://nsearchives.nseindia.com/corporate/HERITGFOOD_07102026125937_Q2_Concall_Intimation.pdf
Ace Integrated Solutions Limited,ACEINTEG,NSE,2026-10-07T12:59:21,announcement,"Certificate under SEBI (Depositories and Participants) Regulations, 2018",,https://nsearchives.nseindia.com/corporate/ACEINTEG_07102026125907_STX_INTIMATION.pdf
TAC Infosec Limited,TAC,NSE,2026-10-07T12:57:54,announcement,"Certificate under SEBI (Depositories and Participants) Regulations, 2018",,https://nsearchives.nseindia.com/corporate/TAC_07102026125735_Certificate_under_74_5_.pdf
Cheviot Company Limited,CHEVIOT,NSE,2026-10-07T12:57:04,announcement,Copy of Newspaper Publication,,https://nsearchives.nseindia.com/corporate/CHEVIOT_07102026125535_PP.pdf
Avonmore Capital & Management Services Limited,AVONMORE,NSE,2026-10-07T12:55:42,announcement,"Certificate under SEBI (Depositories and Participants) Regulations, 2018",,https://nsearchives.nseindia.com/corporate/AVONMORECAPITAL_07102026125535_74_Acms.pdf
Angel One Limited,ANGELONE,NSE,2026-10-07T12:55:01,announcement,"Certificate under SEBI (Depositories and Participants) Regulations, 2018",,https://nsearchives.nseindia.com/corporate/ANGEL8896_07102026125448_Regulation-74_5_-CERT_Angel_one.pdf
Almondz Global Securities Limited,ALMONDZ,NSE,2026-10-07T12:53:17,announcement,"Certificate under SEBI (Depositories and Participants) Regulations, 2018",,https://nsearchives.nseindia.com/corporate/ALMONDZ_07102026125242_74_Agsl.pdf
TVS Electronics Limited,TVSELECT,NSE,2026-10-07T12:51:19,announcement,"Certificate under SEBI (Depositories and Participants) Regulations, 2018",,https://nsearchives.nseindia.com/corporate/TVSELECT_07102026124943_SE_intimation_DP_Certificate_Sep-30_2026_sd.pdf
Milky Mist Dairy Food Limited,MILKYMIST,NSE,2026-10-07T12:51:14,announcement,Copy of Newspaper Publication,,https://nsearchives.nseindia.com/corporate/MILKYMIST_07102026125050_intimationofnewspaperadvertisementofpostalballotnotice7102026.pdf
Falcon Technoprojects India Limited,FALCONTECH,NSE,2026-10-07T12:48:04,announcement,"Certificate under SEBI (Depositories and Participants) Regulations, 2018",,https://nsearchives.nseindia.com/corporate/Falcon_07102026124719_Falcon_Reg_74_5__Sep_26_s.pdf
G-TEC JAINX EDUCATION LIMITED,GTECJAINX,NSE,2026-10-07T12:46:58,announcement,"Certificate under SEBI (Depositories and Participants) Regulations, 2018",,https://nsearchives.nseindia.com/corporate/KEERTI_07102026124622_Regulation-74_5_-CERT_G-Tec_Jainx_Education_Limited_03Oct26_12_10_53.pdf
Go Fashion (India) Limited,GOCOLORS,NSE,2026-10-07T12:46:07,announcement,General Updates,,https://nsearchives.nseindia.com/corporate/GOCOLORS_07102026124554_Withdrawallettersigned.pdf
Aakash Exploration Services Limited,AAKASH,NSE,2026-10-07T12:42:57,announcement,"Certificate under SEBI (Depositories and Participants) Regulations, 2018",,https://nsearchives.nseindia.com/corporate/AAKASH_07102026124243_Covering_merged_30092026_Signed.pdf
Power Finance Corporation Limited,PFC,NSE,2026-10-07T12:41:40,announcement,General Updates,,https://nsearchives.nseindia.com/corporate/PFC2023_07102026123907_Intmation07102026.pdf
Granules India Limited,GRANULES,NSE,2026-10-07T12:41:31,announcement,Press Release,,https://nsearchives.nseindia.com/corporate/GRANULES_07102026124124_NSEBSEPR.pdf
Ambika Cotton Mills Limited,AMBIKCO,NSE,2026-10-07T12:41:27,announcement,"Certificate under SEBI (Depositories and Participants) Regulations, 2018",,https://nsearchives.nseindia.com/corporate/AMBIKCO_07102026124119_OCRSD74_5_.pdf
Shah Investor's Home Limited,SHAHINVEST,NSE,2026-10-07T12:41:22,announcement,Updates,,https://nsearchives.nseindia.com/corporate/SHAHINVESTORS_07102026124102_PIT_Signed_FINAL.pdf
Asian Granito India Limited,ASIANTILES,NSE,2026-10-07T12:41:10,announcement,"Certificate under SEBI (Depositories and Participants) Regulations, 2018",,https://nsearchives.nseindia.com/corporate/ASIANTILES_07102026124101_Covering74s07102026.pdf
LCC Projects Limited,LCCPROJECT,NSE,2026-10-07T12:38:38,announcement,Copy of Newspaper Publication,,https://nsearchives.nseindia.com/corporate/LCCPROJECTS_07102026123816_Newspaper_Intimation.pdf
Mukka Proteins Limited,MUKKA,NSE,2026-10-07T12:38:28,announcement,"Certificate under SEBI (Depositories and Participants) Regulations, 2018",,https://nsearchives.nseindia.com/corporate/MUKKA_07102026123808_Reg_74_5_.pdf
Rolex Rings Limited,ROLEXRINGS,NSE,2026-10-07T12:37:20,announcement,Resignation,,https://nsearchives.nseindia.com/corporate/ROLEXRINGS_07102026123709_Intimation_for_Resignation_of_CS.pdf
Dharmaj Crop Guard Limited,DHARMAJ,NSE,2026-10-07T12:37:03,announcement,"Certificate under SEBI (Depositories and Participants) Regulations, 2018",,https://nsearchives.nseindia.com/corporate/DHARMAJ_07102026123654_74-_5__Letter_to_Stock_exchange.pdf
Sambhaav Media Limited,SAMBHAAV,NSE,2026-10-07T12:34:50,announcement,"Certificate under SEBI (Depositories and Participants) Regulations, 2018",,https://nsearchives.nseindia.com/corporate/SAMBHAAV_07102026123437_Intimation.pdf
JHS Svendgaard Retail Ventures Limited,RETAIL,NSE,2026-10-07T12:34:38,announcement,"Certificate under SEBI (Depositories and Participants) Regulations, 2018",,https://nsearchives.nseindia.com/corporate/RETAIL_07102026123424_DP74_Signed.pdf
Nephrocare Health Services Limited,NEPHROPLUS,NSE,2026-10-07T12:34:05,announcement,"Certificate under SEBI (Depositories and Participants) Regulations, 2018",,https://nsearchives.nseindia.com/corporate/NEPHROCARE1_07102026123348_Disclosureunder74_5.pdf
LG Electronics India Limited,LGEINDIA,NSE,2026-10-07T12:33:47,announcement,Press Release,,https://nsearchives.nseindia.com/corporate/LGEINDIA_07102026123209_Press_Release_dated_7th_October_2026.pdf
Capital Small Finance Bank Limited,CAPITALSFB,NSE,2026-10-07T12:30:11,announcement,"Certificate under SEBI (Depositories and Participants) Regulations, 2018",,https://nsearchives.nseindia.com/corporate/CAPITALSFB_07102026122956_Regulation74_5_signed.pdf
DMCC SPECIALITY CHEMICALS LIMITED,DMCC,NSE,2026-10-07T12:30:11,announcement,General Updates,,https://nsearchives.nseindia.com/corporate/AYUSHI_07102026122822_Reply_to_BSE.pdf
Laxmi India Finance Limited,LAXMIINDIA,NSE,2026-10-07T12:26:01,announcement,"Certificate under SEBI (Depositories and Participants) Regulations, 2018",,https://nsearchives.nseindia.com/corporate/LAXMIINDIA_07102026122532_Regulation_74_5__Final.pdf
Twamev Construction and Infrastructure Limited,TICL,NSE,2026-10-07T12:19:50,announcement,Updates,,https://nsearchives.nseindia.com/corporate/TCLCONS_07102026121943_SaleOfSharesUSCPL03042026.pdf
MMTC Limited,MMTC,NSE,2026-10-07T12:17:56,announcement,Updates,,https://nsearchives.nseindia.com/corporate/ajaymisra_07102026121625_RE_FINAL_SD.pdf
PNB Gilts Limited,PNBGILTS,NSE,2026-10-07T12:17:30,announcement,"Certificate under SEBI (Depositories and Participants) Regulations, 2018",,https://nsearchives.nseindia.com/corporate/PNBGILTSSB_07102026121706_Reg_74.pdf
Union Bank of India,UNIONBANK,NSE,2026-10-07T12:14:35,announcement,Credit Rating,,https://nsearchives.nseindia.com/corporate/UNIONBANK_07102026121424_Credit_Rating_S_and_P.pdf
Heritage Foods Limited,HERITGFOOD,NSE,2026-10-07T12:14:06,announcement,"Certificate under SEBI (Depositories and Participants) Regulations, 2018",,https://nsearchives.nseindia.com/corporate/HERITGFOOD_07102026121329_Q2_Reg_74_5.pdf
LT Foods Limited,LTFOODS,NSE,2026-10-07T12:11:35,announcement,"Certificate under SEBI (Depositories and Participants) Regulations, 2018",,https://nsearchives.nseindia.com/corporate/532783_07102026121114_Reg_74_5_.pdf
Mawana Sugars Limited,MAWANASUG,NSE,2026-10-07T12:11:02,announcement,"Certificate under SEBI (Depositories and Participants) Regulations, 2018",,https://nsearchives.nseindia.com/corporate/MAWANASUG_07102026121049_Revisedletter745.pdf
Gulshan Polyols Limited,GULPOLY,NSE,2026-10-07T12:10:49,announcement,"Certificate under SEBI (Depositories and Participants) Regulations, 2018",,https://nsearchives.nseindia.com/corporate/GULPOLY_07102026121032_Intimation.pdf
United Polyfab Gujarat Limited,UNITEDPOLY,NSE,2026-10-07T12:09:37,announcement,"Certificate under SEBI (Depositories and Participants) Regulations, 2018",,https://nsearchives.nseindia.com/corporate/UNITEDPOLY_07102026120920_UPGL_74_5_.pdf
Indian Railway Finance Corporation Limited,IRFC,NSE,2026-10-07T12:06:59,announcement,"Certificate under SEBI (Depositories and Participants) Regulations, 2018",,https://nsearchives.nseindia.com/corporate/IRFC_07102026120336_regulation74530092026.pdf
Rex Pipes And Cables Industries Limited,REXPIPES,NSE,2026-10-07T12:04:14,announcement,Updates,,https://nsearchives.nseindia.com/corporate/csrexpumps_07102026120308_Intimation_Regulation30.pdf
Ratnamani Metals & Tubes Limited,RATNAMANI,NSE,2026-10-07T12:03:02,announcement,"Certificate under SEBI (Depositories and Participants) Regulations, 2018",,https://nsearchives.nseindia.com/corporate/RATNAMANI_07102026120255_RMTL74_5_30092026.pdf
Rail Vikas Nigam Limited,RVNL,NSE,2026-10-07T12:01:48,announcement,"Certificate under SEBI (Depositories and Participants) Regulations, 2018",,https://nsearchives.nseindia.com/corporate/RVNL_07102026120136_Covering.pdf
Siemens Limited,SIEMENS,NSE,2026-10-07T12:01:20,announcement,"Certificate under SEBI (Depositories and Participants) Regulations, 2018",,https://nsearchives.nseindia.com/corporate/SiemensRaj_07102026120108_SEIntimation.pdf
Atlas Cycles (Haryana) Limited,ATLASCYCLE,NSE,2026-10-07T11:59:32,announcement,"Certificate under SEBI (Depositories and Participants) Regulations, 2018",,https://nsearchives.nseindia.com/corporate/ATLASCYCLE_07102026115521_74_5__30092026_merged.pdf
Krishival Foods Limited,KRISHIVAL,NSE,2026-10-07T11:59:26,announcement,"Certificate under SEBI (Depositories and Participants) Regulations, 2018",,https://nsearchives.nseindia.com/corporate/EMPYREAN_07102026115911_Covering_Letter.pdf
Carraro India Limited,CARRARO,NSE,2026-10-07T11:56:40,announcement,"Certificate under SEBI (Depositories and Participants) Regulations, 2018",,https://nsearchives.nseindia.com/corporate/CARRARO_07102026115613_CIL-Certificate_Reg_74_5_SEBI__DP_Reg_Signed.pdf
Tara Chand InfraLogistic Solutions Limited,TARACHAND,NSE,2026-10-07T11:56:19,announcement,"Certificate under SEBI (Depositories and Participants) Regulations, 2018",,https://nsearchives.nseindia.com/corporate/TARACHAND_07102026115612_Certificate_Reg74_5__.pdf
Manba Finance Limited,MANBA,NSE,2026-10-07T11:56:13,announcement,Credit Rating- Revision,,https://nsearchives.nseindia.com/corporate/MANBA_07102026115554_SEIntimationsd.pdf
Renaissance Global Limited,RGL,NSE,2026-10-07T11:53:24,announcement,General Updates,,https://nsearchives.nseindia.com/corporate/RJL1_07102026115241_Intimationsigned.pdf
Stallion India Fluorochemicals Limited,STALLION,NSE,2026-10-07T11:53:20,announcement,"Certificate under SEBI (Depositories and Participants) Regulations, 2018",,https://nsearchives.nseindia.com/corporate/STALLION_07102026115310_Certificate-under-Regu-74-Signed.pdf
Avio Smart Market Stack Limited,ASMS,NSE,2026-10-07T11:52:49,announcement,"Certificate under SEBI (Depositories and Participants) Regulations, 2018",,https://nsearchives.nseindia.com/corporate/BARTRONICS1_07102026115239_Depositories_Certificate.pdf
Crayons Advertising Limited,CRAYONS,NSE,2026-10-07T11:52:49,announcement,"Certificate under SEBI (Depositories and Participants) Regulations, 2018",,https://nsearchives.nseindia.com/corporate/CRAYONSAD_07102026115210_Reg_74_5__merged_signed_.pdf
Ideaforge Technology Limited,IDEAFORGE,NSE,2026-10-07T11:52:19,announcement,"Certificate under SEBI (Depositories and Participants) Regulations, 2018",,https://nsearchives.nseindia.com/corporate/IDEAFORGE_07102026115206_30092026_SE_Reg_74_5_DP_Reg.pdf
Rategain Travel Technologies Limited,RATEGAIN,NSE,2026-10-07T11:51:29,announcement,Press Release,,https://nsearchives.nseindia.com/corporate/RATEGAIN_07102026115114_RG_PR_071026.pdf
Rex Pipes And Cables Industries Limited,REXPIPES,NSE,2026-10-07T11:51:03,announcement,Outcome of Board Meeting,,https://nsearchives.nseindia.com/corporate/csrexpumps_07102026114910_Outcome_of_BoardMeeting.pdf
Jay Bharat Maruti Limited,JAYBARMARU,NSE,2026-10-07T11:50:53,announcement,Updates,,https://nsearchives.nseindia.com/corporate/JAYBARMARUT_07102026114621_Submission_BSE__NSE.pdf
One Point One Solutions Limited,ONEPOINT,NSE,2026-10-07T11:49:44,announcement,"Certificate under SEBI (Depositories and Participants) Regulations, 2018",,https://nsearchives.nseindia.com/corporate/ONEPOINT_07102026114907_ONEPOINT.pdf
Royal Orchid Hotels Limited,ROHLTD,NSE,2026-10-07T11:49:09,announcement,"Certificate under SEBI (Depositories and Participants) Regulations, 2018",,https://nsearchives.nseindia.com/corporate/ROHLTD_07102026114859_FinalIntimation.pdf
Hikal Limited,HIKAL,NSE,2026-10-07T11:46:05,announcement,"Certificate under SEBI (Depositories and Participants) Regulations, 2018",,https://nsearchives.nseindia.com/corporate/HIKAL_07102026114550_SEIntOct072026.pdf
Dhariwalcorp Limited,DHARIWAL,NSE,2026-10-07T11:45:46,announcement,Copy of Newspaper Publication,,https://nsearchives.nseindia.com/corporate/DHARIWALCORP_07102026114538_REG_47_1.pdf
Vinyl Chemicals (India) Limited,VINYLINDIA,NSE,2026-10-07T11:44:01,announcement,"Certificate under SEBI (Depositories and Participants) Regulations, 2018",,https://nsearchives.nseindia.com/corporate/VINYLINDIA_07102026114347_Certificate.pdf
Vinyas Innovative Technologies Limited,VINYAS,NSE,2026-10-07T11:43:55,announcement,Bagging/Receiving of orders/contracts,,https://nsearchives.nseindia.com/corporate/VINYAS_07102026114319_Intimation_under_SEBI_LODR_Reg_30_.pdf
TD Power Systems Limited,TDPOWERSYS,NSE,2026-10-07T11:41:04,announcement,Updates,,https://nsearchives.nseindia.com/corporate/TDPOWERSYS_07102026114016_Trading_Approval-_sg.pdf
Apollo Hospitals Enterprise Limited,APOLLOHOSP,NSE,2026-10-07T11:32:33,announcement,Updates,,https://nsearchives.nseindia.com/corporate/APOLLOHOSP_07102026113218_Demat_0926.pdf
Ramco Systems Limited,RAMCOSYS,NSE,2026-10-07T11:31:14,announcement,Press Release,,https://nsearchives.nseindia.com/corporate/RAMCOSYS_07102026111938_07102026PressRelease.pdf
Moneyboxx Finance Limited,MONEYBOXX,NSE,2026-10-07T11:30:44,announcement,"Certificate under SEBI (Depositories and Participants) Regulations, 2018",,https://nsearchives.nseindia.com/corporate/MONEYBOXX_07102026113024_03_Final_upload.pdf
Azad Engineering Limited,AZAD,NSE,2026-10-07T11:29:04,announcement,"Certificate under SEBI (Depositories and Participants) Regulations, 2018",,https://nsearchives.nseindia.com/corporate/AZAD2356_07102026112852_Covering.pdf
Procter & Gamble Hygiene and Health Care Limited,PGHH,NSE,2026-10-07T11:28:56,announcement,"Certificate under SEBI (Depositories and Participants) Regulations, 2018",,https://nsearchives.nseindia.com/corporate/PGHH_07102026112835_PGHH_Reg_74_5.pdf
Annapurna Swadisht Limited,ANNAPURNA,NSE,2026-10-07T11:28:26,announcement,Copy of Newspaper Publication,,https://nsearchives.nseindia.com/corporate/ASL_07102026112803_ASL_-_Newspaper_Publication_-2026.pdf
Avanti Feeds Limited,AVANTIFEED,NSE,2026-10-07T11:27:35,announcement,"Certificate under SEBI (Depositories and Participants) Regulations, 2018",,https://nsearchives.nseindia.com/corporate/AVANTIFEEDS_07102026112718_AFL__Reg_74_5__-_Q2_2026-27.pdf
Sarthak Metals Limited,SMLT,NSE,2026-10-07T11:27:09,announcement,Updates,,https://nsearchives.nseindia.com/corporate/SMLT_07102026112630_Clarification_to_NSE.pdf
Sree Rayalaseema Hi-Strength Hypo Limited,SRHHYPOLTD,NSE,2026-10-07T11:26:49,announcement,Updates,,https://nsearchives.nseindia.com/corporate/SRHHYPOLTD_07102026112638_Report.pdf
Mahanagar Telephone Nigam Limited,MTNL,NSE,2026-10-07T11:26:47,announcement,"Certificate under SEBI (Depositories and Participants) Regulations, 2018",,https://nsearchives.nseindia.com/corporate/MTNL_07102026112540_SD_SE_07102026.pdf
Ester Industries Limited,ESTER,NSE,2026-10-07T11:26:45,announcement,"Certificate under SEBI (Depositories and Participants) Regulations, 2018",,https://nsearchives.nseindia.com/corporate/ESTER_07102026112628_Intimation74_5_.pdf
Coffee Day Enterprises Limited,COFFEEDAY,NSE,2026-10-07T11:25:49,announcement,"Certificate under SEBI (Depositories and Participants) Regulations, 2018",,https://nsearchives.nseindia.com/corporate/COFFEEDAY_07102026112535_Certificate_74_5__nse.pdf
DMCC SPECIALITY CHEMICALS LIMITED,DMCC,NSE,2026-10-07T11:21:25,announcement,"Certificate under SEBI (Depositories and Participants) Regulations, 2018",,https://nsearchives.nseindia.com/corporate/AYUSHI_07102026112114_Reg74_5_Dmcc.pdf
Onyx Biotec Limited,ONYX,NSE,2026-10-07T11:21:11,announcement,Updates,,https://nsearchives.nseindia.com/corporate/team_sandeshc_07102026110422_OnyxLOF.zip
HP Telecom India Limited,HPTL,NSE,2026-10-07T11:19:57,announcement,"Certificate under SEBI (Depositories and Participants) Regulations, 2018",,https://nsearchives.nseindia.com/corporate/HPTL_07102026111947_Certificate_under_Regulation_74_5__of_DP.pdf
The Hi-Tech Gears Limited,HITECHGEAR,NSE,2026-10-07T11:18:41,announcement,Copy of Newspaper Publication,,https://nsearchives.nseindia.com/corporate/HITECHGEAR_07102026111820_Intimation_Sd.pdf
Gillette India Limited,GILLETTE,NSE,2026-10-07T11:18:32,announcement,"Certificate under SEBI (Depositories and Participants) Regulations, 2018",,https://nsearchives.nseindia.com/corporate/GILLETTE_07102026111736_SE_Intimation_Letter_Reg_74_5.pdf
Palash Securities Limited,PALASHSECU,NSE,2026-10-07T11:18:05,announcement,"Certificate under SEBI (Depositories and Participants) Regulations, 2018",,https://nsearchives.nseindia.com/corporate/PALASHSECU_07102026111747_CertReg74sep2026.pdf
ICICI Prudential Life Insurance Company Limited,ICICIPRULI,NSE,2026-10-07T11:16:30,announcement,Analysts/Institutional Investor Meet/Con. Call Updates,,https://nsearchives.nseindia.com/corporate/ICICIPRULI_07102026111621_SE_Earnings_intimation_H1-FY2027.pdf
Diffusion Engineers Limited,DIFFNKG,NSE,2026-10-07T11:16:28,announcement,"Certificate under SEBI (Depositories and Participants) Regulations, 2018",,https://nsearchives.nseindia.com/corporate/DIFFUSION_07102026111524_74Reg07102026.pdf
Baid Finserv Limited,BAIDFIN,NSE,2026-10-07T11:14:16,announcement,Updates,,https://nsearchives.nseindia.com/corporate/20121991_07102026111255_Intimation.pdf
DCM Shriram International Limited,DCMSIL,NSE,2026-10-07T11:14:01,announcement,"Certificate under SEBI (Depositories and Participants) Regulations, 2018",,https://nsearchives.nseindia.com/corporate/DSIL_07102026111348_74__5__Certificate_Sep-26_.pdf
SKM Egg Products Export (India) Limited,SKMEGGPROD,NSE,2026-10-07T11:13:40,announcement,"Certificate under SEBI (Depositories and Participants) Regulations, 2018",,https://nsearchives.nseindia.com/corporate/SKMEGGPROD_07102026111319_SKMEGGCUR74SEBI_DP_07102026F.pdf
Shiva Mills Limited,SHIVAMILLS,NSE,2026-10-07T11:12:34,announcement,"Certificate under SEBI (Depositories and Participants) Regulations, 2018",,https://nsearchives.nseindia.com/corporate/SHIVAMILLS_07102026111147_Reg74530926.pdf
Chandan Healthcare Limited,CHANDAN,NSE,2026-10-07T11:10:52,announcement,General Updates,,https://nsearchives.nseindia.com/corporate/CHANDAN_07102026111030_Resignation_Letter-_Vinod_Jain.pdf
Rainbow Childrens Medicare Limited,RAINBOW,NSE,2026-10-07T11:10:36,announcement,"Certificate under SEBI (Depositories and Participants) Regulations, 2018",,https://nsearchives.nseindia.com/corporate/RAINBOWUSER_07102026111021_Intimation.pdf
PIL ITALICA LIFESTYLE LIMITED,PILITA,NSE,2026-10-07T11:07:56,announcement,"Certificate under SEBI (Depositories and Participants) Regulations, 2018",,https://nsearchives.nseindia.com/corporate/PILITA_07102026110736_Final_Sept.pdf
Prime Focus Limited,PFOCUS,NSE,2026-10-07T11:05:31,announcement,News Verification,,-
S H Kelkar and Company Limited,SHK,NSE,2026-10-07T11:03:40,announcement,"Certificate under SEBI (Depositories and Participants) Regulations, 2018",,https://nsearchives.nseindia.com/corporate/9152077850_07102026110330_CertificateunderReg74ofDPRegQuarterendeSept2026.pdf
LTM Limited,LTM,NSE,2026-10-07T11:01:53,announcement,Press Release,,https://nsearchives.nseindia.com/corporate/LTI_07102026105311_Stockexchangesigned.pdf
Gajanand International Limited,GAJANAND,NSE,2026-10-07T11:01:42,announcement,Updates,,https://nsearchives.nseindia.com/corporate/GAJANAND_07102026110123_CERTIFICATE_REG_74.pdf
Concord Biotech Limited,CONCORDBIO,NSE,2026-10-07T11:01:02,announcement,"Certificate under SEBI (Depositories and Participants) Regulations, 2018",,https://nsearchives.nseindia.com/corporate/CONCORD_07102026110046_DisclosuresReg745CBL.pdf
Bharti Airtel Limited,BHARTIARTL,NSE,2026-10-07T11:00:56,announcement,Press Release,,https://nsearchives.nseindia.com/corporate/BHARTIARTL_07102026110048_BhartiAirtelPR.pdf
Talbros Automotive Components Limited,TALBROAUTO,NSE,2026-10-07T11:00:19,announcement,"Certificate under SEBI (Depositories and Participants) Regulations, 2018",,https://nsearchives.nseindia.com/corporate/TALBROAUTO_07102026110002_Intimationtostockexchange.pdf
DMCC SPECIALITY CHEMICALS LIMITED,DMCC,NSE,2026-10-07T10:59:27,announcement,Spurt in Volume,,https://nsearchives.nseindia.com/corporate/AYUSHI_07102026105815_Reply_to_NSE.pdf
JTL INDUSTRIES LIMITED,JTLIND,NSE,2026-10-07T10:59:09,announcement,"Certificate under SEBI (Depositories and Participants) Regulations, 2018",,https://nsearchives.nseindia.com/corporate/JTLIND_07102026105738_JTLIndReg7430092026.pdf
Escorts Kubota Limited,ESCORTS,NSE,2026-10-07T10:57:30,announcement,"Certificate under SEBI (Depositories and Participants) Regulations, 2018",,https://nsearchives.nseindia.com/corporate/ESCORTS2_07102026105540_EKL_2026_09_30_Reg_74_5__Signed.pdf
JBM Auto Limited,JBMA,NSE,2026-10-07T10:54:43,announcement,"Certificate under SEBI (Depositories and Participants) Regulations, 2018",,https://nsearchives.nseindia.com/corporate/JBMA_07102026105422_74_5_stx.pdf
Hyundai Motor India Limited,HYUNDAI,NSE,2026-10-07T10:54:24,announcement,"Certificate under SEBI (Depositories and Participants) Regulations, 2018",,https://nsearchives.nseindia.com/corporate/HMILNSE_07102026105403_DPREGCERTIFICATE__2_.pdf
ICICI Lombard General Insurance Company Limited,ICICIGI,NSE,2026-10-07T10:53:26,announcement,Updates,,https://nsearchives.nseindia.com/corporate/ICICIGI_07102026105309_SE_Intimation_Telangana_Order.pdf
Fairchem Organics Limited,FAIRCHEMOR,NSE,2026-10-07T10:52:51,announcement,"Certificate under SEBI (Depositories and Participants) Regulations, 2018",,https://nsearchives.nseindia.com/corporate/FAIRCHEMOR1_07102026105233_FOL_Rgln74_QE_30092026.pdf
Dilip Buildcon Limited,DBL,NSE,2026-10-07T10:52:08,announcement,General Updates,,https://nsearchives.nseindia.com/corporate/DBL_07102026105129_IntimationKarimnagar.pdf
AksharChem India Limited,AKSHARCHEM,NSE,2026-10-07T10:49:32,announcement,"Certificate under SEBI (Depositories and Participants) Regulations, 2018",,https://nsearchives.nseindia.com/corporate/AKSHARCHEM_07102026104920_Certificate.pdf
Gujarat Ambuja Exports Limited,GAEL,NSE,2026-10-07T10:47:24,announcement,Copy of Newspaper Publication,,https://nsearchives.nseindia.com/corporate/GAEL_07102026104208_Newspaper_publication.pdf
Naga Dhunseri Group Limited,NDGL,NSE,2026-10-07T10:47:21,announcement,"Certificate under SEBI (Depositories and Participants) Regulations, 2018",,https://nsearchives.nseindia.com/corporate/NDGL_07102026104708_NDGL_74_5_.pdf
Rashi Peripherals Limited,RPTECH,NSE,2026-10-07T10:46:17,announcement,"Certificate under SEBI (Depositories and Participants) Regulations, 2018",,https://nsearchives.nseindia.com/corporate/RASHI2024_07102026104604_Intimation.pdf
NCL Industries Limited,NCLIND,NSE,2026-10-07T10:45:46,announcement,Updates,,https://nsearchives.nseindia.com/corporate/NCLIND_07102026104537_Relodgment_paperad.pdf
Dilip Buildcon Limited,DBL,NSE,2026-10-07T10:38:39,announcement,Bagging/Receiving of orders/contracts,,https://nsearchives.nseindia.com/corporate/DBL_07102026103800_IntimationLPG.pdf
NCL Industries Limited,NCLIND,NSE,2026-10-07T10:37:25,announcement,"Certificate under SEBI (Depositories and Participants) Regulations, 2018",,https://nsearchives.nseindia.com/corporate/NCLIND_07102026103653_Covering_Letter74_5_QQESep2026.pdf
The State Trading Corporation of India Limited,STCINDIA,NSE,2026-10-07T10:35:40,announcement,General Updates,,https://nsearchives.nseindia.com/corporate/STCINDIA_07102026103526_INTIMATION_07102026.pdf
Manappuram Finance Limited,MANAPPURAM,NSE,2026-10-07T10:35:14,announcement,"Certificate under SEBI (Depositories and Participants) Regulations, 2018",,https://nsearchives.nseindia.com/corporate/MANAPPURAM_07102026103443_CertificateunderRegulation74_5_SEBIDP.pdf
CREDITACCESS GRAMEEN LIMITED,CREDITACC,NSE,2026-10-07T10:33:25,announcement,ESOP/ESOS/ESPS,,https://nsearchives.nseindia.com/corporate/CREDITACC_07102026103308_CAGL_SE_ESOPAllotment_07102026.pdf
Shiva Texyarn Limited,SHIVATEX,NSE,2026-10-07T10:33:03,announcement,"Certificate under SEBI (Depositories and Participants) Regulations, 2018",,https://nsearchives.nseindia.com/corporate/SHIVATEX_07102026103255_Certificateunderregulation74_5_.pdf
Goa Carbon Limited,GOACARBON,NSE,2026-10-07T10:32:37,announcement,"Certificate under SEBI (Depositories and Participants) Regulations, 2018",,https://nsearchives.nseindia.com/corporate/GOACARBON_07102026103223_GOACARBON_Reg_74_5_Q2FY2627_30092026.pdf
Sudarshan Chemical Industries Limited,SUDARSCHEM,NSE,2026-10-07T10:32:25,announcement,"Certificate under SEBI (Depositories and Participants) Regulations, 2018",,https://nsearchives.nseindia.com/corporate/SUDARSCHEM_07102026103218_Reg74intimationQ2FY27Signed.pdf
Sun Pharma Advanced Research Company Limited,SPARC,NSE,2026-10-07T10:31:11,announcement,"Certificate under SEBI (Depositories and Participants) Regulations, 2018",,https://nsearchives.nseindia.com/corporate/SPARC_07102026103101_Intimation07102026.pdf
SMS Pharmaceuticals Limited,SMSPHARMA,NSE,2026-10-07T10:29:19,announcement,"Certificate under SEBI (Depositories and Participants) Regulations, 2018",,https://nsearchives.nseindia.com/corporate/SMSPHARMA_07102026102724_REG_74_5_September_2026.pdf
Swastika Infra Limited,SWASTIKAIN,NSE,2026-10-07T10:29:06,announcement,Awarding of order(s)/contract(s),,https://nsearchives.nseindia.com/corporate/SWASTIKAINFRA_07102026102824_Disclosure_of_Order_win.pdf
Amrutanjan Health Care Limited,AMRUTANJAN,NSE,2026-10-07T10:25:48,announcement,"Certificate under SEBI (Depositories and Participants) Regulations, 2018",,https://nsearchives.nseindia.com/corporate/AMRUTANJAN_07102026102534_74DP_Sd.pdf
Alkyl Amines Chemicals Limited,ALKYLAMINE,NSE,2026-10-07T10:22:30,announcement,Spurt in Volume,,https://nsearchives.nseindia.com/corporate/ALKYLAMINE_07102026102143_Reply_-_Clarification_to_NSE.pdf
Sai Silks (Kalamandir) Limited,KALAMANDIR,NSE,2026-10-07T10:20:37,announcement,"Certificate under SEBI (Depositories and Participants) Regulations, 2018",,https://nsearchives.nseindia.com/corporate/SSKL_07102026102027_SSKL_Reg_74_5__30092026.pdf
Arvind Limited,ARVIND,NSE,2026-10-07T10:18:35,announcement,General Updates,,https://nsearchives.nseindia.com/corporate/ARVIND1_07102026101829_Arvind__1_.pdf
FDC Limited,FDC,NSE,2026-10-07T10:14:16,announcement,"Certificate under SEBI (Depositories and Participants) Regulations, 2018",,https://nsearchives.nseindia.com/corporate/FDC_07102026101355_Covering_Letter_Reg_74_5__S.pdf
Larsen & Toubro Limited,LT,NSE,2026-10-07T10:13:23,announcement,Bagging/Receiving of orders/contracts,,https://nsearchives.nseindia.com/corporate/PAM_07102026101304_PressRelease07102026.pdf
Sudarshan Colorants India Limited,SUDARCOLOR,NSE,2026-10-07T10:12:47,announcement,"Certificate under SEBI (Depositories and Participants) Regulations, 2018",,https://nsearchives.nseindia.com/corporate/CLNINDIA_07102026101151_SCILSE74Q2FY27FINAL.pdf
Swastika Infra Limited,SWASTIKAIN,NSE,2026-10-07T10:12:09,announcement,Press Release,,https://nsearchives.nseindia.com/corporate/SWASTIKAINFRA_07102026100901_Swastika_Infra_Limited_-_Press_Release_v4.pdf
Modern Threads (India) Limited,MODTHREAD,NSE,2026-10-07T10:10:19,announcement,"Certificate under SEBI (Depositories and Participants) Regulations, 2018",,https://nsearchives.nseindia.com/corporate/MODTHREAD_07102026100953_Certificate_Undersection_74_5_.pdf
Alankit Limited,ALANKIT,NSE,2026-10-07T10:09:09,announcement,Committee Meeting Updates,,https://nsearchives.nseindia.com/corporate/ALANKIT_07102026100857_ALLOTMEMENT_OUTCOME_SD.pdf
Modi Naturals Limited,MODINATUR,NSE,2026-10-07T10:07:51,announcement,"Certificate under SEBI (Depositories and Participants) Regulations, 2018",,https://nsearchives.nseindia.com/corporate/MODINATURALS_07102026100741_Final_Intimation.pdf
Aspinwall and Company Limited,ASPINWALL,NSE,2026-10-07T10:05:07,announcement,"Certificate under SEBI (Depositories and Participants) Regulations, 2018",,https://nsearchives.nseindia.com/corporate/ASPINWALL_07102026100356_Reg_74_5__Sept_2026.pdf
BLB Limited,BLBLIMITED,NSE,2026-10-07T10:02:19,announcement,"Certificate under SEBI (Depositories and Participants) Regulations, 2018",,https://nsearchives.nseindia.com/corporate/BLBLIMITED_07102026100201_Reg74_5_.pdf
Insecticides (India) Limited,INSECTICID,NSE,2026-10-07T10:02:17,announcement,Analysts/Institutional Investor Meet/Con. Call Updates,,https://nsearchives.nseindia.com/corporate/INSECTICID_07102026100139_EP_Intimation_Q2_results.pdf
COSMO FIRST LIMITED,COSMOFIRST,NSE,2026-10-07T10:02:05,announcement,"Certificate under SEBI (Depositories and Participants) Regulations, 2018",,https://nsearchives.nseindia.com/corporate/COSMOFILMS_07102026100149_Intimation_Certificate.pdf
Hy-Tech Engineers Limited,HTEL,NSE,2026-10-07T09:55:36,announcement,Updates,,https://nsearchives.nseindia.com/corporate/HYTECH_07102026095519_Revised.pdf
Sandur Manganese & Iron Ores Limited,SANDUMA,NSE,2026-10-07T09:55:20,announcement,"Certificate under SEBI (Depositories and Participants) Regulations, 2018",,https://nsearchives.nseindia.com/corporate/SANDUR_07102026095346_Ltr2SEsReg74_5_.pdf
Aries Agro Limited,ARIES,NSE,2026-10-07T09:54:14,announcement,Updates,,https://nsearchives.nseindia.com/corporate/ARIES_07102026095407_RTABSENSERe-lodgementofsharesTransferLetter.pdf
IZMO Limited,IZMO,NSE,2026-10-07T09:49:32,announcement,Press Release,,https://nsearchives.nseindia.com/corporate/IZMO_07102026094510_Intimation_and_PR.pdf
Moneyboxx Finance Limited,MONEYBOXX,NSE,2026-10-07T09:34:45,announcement,Press Release,,https://nsearchives.nseindia.com/corporate/MONEYBOXX_07102026093421_Press_Release.pdf
Anlon Technology Solutions Limited,ANLON,NSE,2026-10-07T09:33:50,announcement,General Updates,,https://nsearchives.nseindia.com/corporate/ANLON_07102026093211_Intimation_NSE_.pdf
Siddhika Coatings Limited,SIDDHIKA,NSE,2026-10-07T09:31:24,announcement,"Certificate under SEBI (Depositories and Participants) Regulations, 2018",,https://nsearchives.nseindia.com/corporate/Siddhika_07102026093116_Disclosures.pdf
Akanksha Power and Infrastructure Limited,AKANKSHA,NSE,2026-10-07T09:23:09,announcement,Analysts/Institutional Investor Meet/Con. Call Updates,,https://nsearchives.nseindia.com/corporate/AKANKSHAPOWER_07102026092244_Investor_Meet_Intimation.pdf
Presstonic Engineering Limited,PRESSTONIC,NSE,2026-10-07T09:05:10,announcement,General Updates,,https://nsearchives.nseindia.com/corporate/PRESSTONIC_07102026090428_Intimation_Letter-_07102026-sd.pdf
Yuken India Limited,YUKEN,NSE,2026-10-07T08:58:07,announcement,Spurt in Volume,,https://nsearchives.nseindia.com/corporate/YUKEN_07102026085724_NSE_Reply.pdf
Anant Raj Limited,ANANTRAJ,NSE,2026-10-07T08:57:15,announcement,"Arrangements for strategic, technical, manufacturing, or marketing tie up",,https://nsearchives.nseindia.com/corporate/ANANTRAJ_07102026085642_Intimation_MoU_07102026.pdf
UFO Moviez India Limited,UFO,NSE,2026-10-07T08:57:04,announcement,Pendency of Litigation(s)/dispute(s) or the outcome impacting the Company,,https://nsearchives.nseindia.com/corporate/UFO_07102026084653_Stock_Exchange_Disclosure_TSR_Settlement.pdf
Anant Raj Limited,ANANTRAJ,NSE,2026-10-07T08:53:47,announcement,Press Release,,https://nsearchives.nseindia.com/corporate/ANANTRAJ_07102026085336_Intimation_MoU_07102026.pdf
Inox Green Energy Services Limited,INOXGREEN,NSE,2026-10-07T07:52:27,announcement,Press Release,,https://nsearchives.nseindia.com/corporate/IGESL_07102026074723_IGESL__PR_STXs_dsc.pdf
Kalyan Jewellers India Limited,KALYANKJIL,NSE,2026-10-07T07:44:03,announcement,General Updates,,https://nsearchives.nseindia.com/corporate/KALYANKJIL_07102026073927_Q2_Update.pdf
Satin Creditcare Network Limited,SATIN,NSE,2026-10-07T07:30:40,announcement,General Updates,,https://nsearchives.nseindia.com/corporate/SATIN_07102026072926_SCNLBUSINESSUPDATE.pdf
Inox Green Energy Services Limited,INOXGREEN,NSE,2026-10-07T07:23:19,announcement,General Updates,,https://nsearchives.nseindia.com/corporate/IGESL_07102026072235_IGESL_Acq_WWIL_Reg30_dsc.pdf
BALAXI PHARMACEUTICALS LIMITED,BALAXI,NSE,2026-10-07T00:15:20,announcement,Updates,,https://nsearchives.nseindia.com/corporate/BALAXI_07102026001312_NSE_Announcement_07102026.pdf
Intense Technologies Limited,INTENTECH,NSE,2026-10-07T00:03:03,announcement,"Certificate under SEBI (Depositories and Participants) Regulations, 2018",,https://nsearchives.nseindia.com/corporate/INTENTECH_07102026000253_Q2_Reg_74_5.pdf
Dishman Carbogen Amcis Limited,DCAL,NSE,2026-10-07T00:00:00,upcoming event,Fund Raising/Other business matters,,
Ola Electric Mobility Limited,OLAELEC,NSE,2026-10-07T00:00:00,upcoming event,Fund Raising/Other business matters,,
Reliance Communications Limited,RCOM,NSE,2026-10-06T23:18:26,announcement,Action(s) initiated or orders passed,,https://nsearchives.nseindia.com/corporate/RCOM_06102026231513_DisclosureSEterminationofassig.pdf
Oriana Power Limited,ORIANA,NSE,2026-10-06T22:59:27,announcement,Giving guarantees/indemnity/ becoming a surety for third party,,https://nsearchives.nseindia.com/corporate/ORIANA_06102026225908_OPL_CG_USolar_061026.pdf
Asset Reconstruction Company (India) Limited,ARCIL,NSE,2026-10-06T22:56:26,announcement,Updates,,https://nsearchives.nseindia.com/corporate/ARCIL_06102026225345_Investor_Presentation_Q1-FY27.pdf
Tenneco Clean Air India Limited,TENNIND,NSE,2026-10-06T22:53:06,announcement,Pendency of Litigation(s)/dispute(s) or the outcome impacting the Company,,https://nsearchives.nseindia.com/corporate/TENNECO_06102026224928_Regulation_30_Disclsoure_Fine_and_Penalties_SCN_Oct_6_2026_Final_Signed.pdf
BirlaNu Limited,BIRLANU,NSE,2026-10-06T22:47:34,announcement,Scheme of Arrangement,,https://nsearchives.nseindia.com/corporate/sumedha_06102026224510_SEIntimationSchemesanctionbyHyderabadBench06oct2026signed.pdf
PTC Industries Limited,PTCIL,NSE,2026-10-06T22:36:31,announcement,Qualified Institutional Placement,,https://nsearchives.nseindia.com/corporate/PTCINDUSTRIES_06102026223535_Issue_opening_outcome_QIP26.pdf
Dalmia Bharat Limited,DALBHARAT,NSE,2026-10-06T22:35:40,announcement,"Certificate under SEBI (Depositories and Participants) Regulations, 2018",,https://nsearchives.nseindia.com/corporate/DALBHARAT_06102026223408_DBL_Certificat_74_5_30092026.pdf
JK Cement Limited,JKCEMENT,NSE,2026-10-06T22:16:02,announcement,Action(s) initiated or orders passed,,https://nsearchives.nseindia.com/corporate/JKCEMENT_06102026221544_Intdt06102016forSBOorder.pdf
Meesho Limited,MEESHO,NSE,2026-10-06T22:12:20,announcement,General Updates,,https://nsearchives.nseindia.com/corporate/MEESHO_06102026221209_MLBMOutcome06Oct2026Final.pdf
Asset Reconstruction Company (India) Limited,ARCIL,NSE,2026-10-06T21:59:46,announcement,Appointment,,https://nsearchives.nseindia.com/corporate/ARCIL_06102026215810_Disclosure_for_Appointment_of_Secretarial_Auditor.pdf
HCL Infosystems Limited,HCL-INSYS,NSE,2026-10-06T21:58:42,announcement,Pendency of Litigation(s)/dispute(s) or the outcome impacting the Company,,https://nsearchives.nseindia.com/corporate/HCL-INSYS1_06102026215829_HCLI.pdf
Gabriel India Limited,GABRIEL,NSE,2026-10-06T21:57:54,announcement,Press Release,,https://nsearchives.nseindia.com/corporate/GABRIEL_06102026215748_SE_intimation_press_release_final_signed.pdf
Persistent Systems Limited,PERSISTENT,NSE,2026-10-06T21:54:06,announcement,Amendment to AOA/MOA,,https://nsearchives.nseindia.com/corporate/PERSISTENTUSER1_06102026215352_IntimationofalterationAOASd.pdf
Kanohar Electricals Limited,KANOHAR,NSE,2026-10-06T21:37:58,announcement,Press Release,,https://nsearchives.nseindia.com/corporate/KANOHARNSE2026_06102026213732_Intimations_for_Press_Release.pdf
Persistent Systems Limited,PERSISTENT,NSE,2026-10-06T21:36:33,announcement,Shareholders meeting,,https://nsearchives.nseindia.com/corporate/PERSISTENTUSER1_06102026213622_PSLIntimationofvotingresultsEGM2026Sd.pdf
RITES Limited,RITES,NSE,2026-10-06T21:34:34,announcement,Change in Director(s),,https://nsearchives.nseindia.com/corporate/RITES_06102026213323_Intimation06102026.pdf
Kanohar Electricals Limited,KANOHAR,NSE,2026-10-06T21:30:26,announcement,Investor Presentation,,https://nsearchives.nseindia.com/corporate/KANOHARNSE2026_06102026212951_Intimations_for_Investor_Presentation.pdf
Karamtara Engineering Limited,KARAMTARA,NSE,2026-10-06T21:21:21,announcement,Investor Presentation,,https://nsearchives.nseindia.com/corporate/9833315135_06102026212100_Intimation_Presentation.pdf
Sheela Foam Limited,SFL,NSE,2026-10-06T21:18:54,announcement,General Updates,,https://nsearchives.nseindia.com/corporate/SFL_06102026211019_Signed_Reg30.pdf
Gabriel India Limited,GABRIEL,NSE,2026-10-06T21:16:55,announcement,Outcome of Board Meeting,,https://nsearchives.nseindia.com/corporate/GABRIEL_06102026211621_SE_intimation_final_signed.pdf
3M India Limited,3MINDIA,NSE,2026-10-06T21:14:09,announcement,General Updates,,https://nsearchives.nseindia.com/corporate/3MINDIALTD_06102026211155_LetterSEESGrating.pdf
Karamtara Engineering Limited,KARAMTARA,NSE,2026-10-06T21:09:45,announcement,Address Change,,https://nsearchives.nseindia.com/corporate/9833315135_06102026210928_Intimation_Change_in_RO.pdf
A-One Steels India Limited,AONESTEELS,NSE,2026-10-06T21:08:49,announcement,Action(s) taken or orders passed,,https://nsearchives.nseindia.com/corporate/AONESTEELS_06102026210819_SE_Intimation__Regulation_30Signed.pdf
Happiest Minds Technologies Limited,HAPPSTMNDS,NSE,2026-10-06T21:08:45,announcement,Copy of Newspaper Publication,,https://nsearchives.nseindia.com/corporate/suhask_06102026210831_INC_26_Newspaper_Advertisement.pdf
Asset Reconstruction Company (India) Limited,ARCIL,NSE,2026-10-06T21:08:24,announcement,Outcome of Board Meeting,,https://nsearchives.nseindia.com/corporate/ARCIL_06102026210623_Outcome_of_Board_Meeting.pdf
Juniper Green Energy Limited,JNPR,NSE,2026-10-06T21:03:29,announcement,Credit Rating,,https://nsearchives.nseindia.com/corporate/JGEL2025_06102026210252_2026_10_06-_Reg_30-_Credit_Rating-_Subsidiaries.pdf
Varmora Granito Limited,VARMORA,NSE,2026-10-06T20:59:31,announcement,"Certificate under SEBI (Depositories and Participants) Regulations, 2018",,https://nsearchives.nseindia.com/corporate/VARMORA_06102026205913_1_Intimation_74_5.pdf
ABB India Limited,ABB,NSE,2026-10-06T20:53:39,announcement,Appointment,,https://nsearchives.nseindia.com/corporate/ABB_06102026205214_Reg30disclosure06102026.pdf
Mahindra Lifespace Developers Limited,MAHLIFE,NSE,2026-10-06T20:53:05,announcement,Press Release,,https://nsearchives.nseindia.com/corporate/MAHLIFE1_06102026205218_IntimationofPressRelease_MahindraRivenzaBPsg.pdf
Glass Wall Systems (India) Limited,GLASSWALL,NSE,2026-10-06T20:48:48,announcement,Investor Presentation,,https://nsearchives.nseindia.com/corporate/GLASSWALL_06102026204830_Q1FY27_Investor_Presentation.pdf
PNB Housing Finance Limited,PNBHOUSING,NSE,2026-10-06T20:47:40,announcement,Credit Rating,,https://nsearchives.nseindia.com/corporate/PNBHOUSING_06102026204600_SE_Intimation_CRISIL_Rating_6_Oct_26.pdf
Glass Wall Systems (India) Limited,GLASSWALL,NSE,2026-10-06T20:43:06,announcement,Press Release,,https://nsearchives.nseindia.com/corporate/GLASSWALL_06102026204008_Press_Release.pdf
Sambhv Steel Tubes Limited,SAMBHV,NSE,2026-10-06T20:39:11,announcement,General Updates,,https://nsearchives.nseindia.com/corporate/SAMBHAV2024_06102026203833_MA.pdf
ACC Limited,ACC,NSE,2026-10-06T20:38:29,announcement,Appointment,,https://nsearchives.nseindia.com/corporate/ACC_1_06102026203703_ACC_Disclosure_LIC_Nominee.pdf
Dhanuka Agritech Limited,DHANUKA,NSE,2026-10-06T20:31:39,announcement,"Certificate under SEBI (Depositories and Participants) Regulations, 2018",,https://nsearchives.nseindia.com/corporate/DHANUKA_06102026203130_74_5_.pdf
Smartworks Coworking Spaces Limited,SMARTWORKS,NSE,2026-10-06T20:27:31,announcement,Analysts/Institutional Investor Meet/Con. Call Updates,,https://nsearchives.nseindia.com/corporate/SMARTWORKS_06102026202703_Announcement_Regulation_30_Investor_meet_Sept_2026.pdf
Glass Wall Systems (India) Limited,GLASSWALL,NSE,2026-10-06T20:25:44,announcement,Appointment,,https://nsearchives.nseindia.com/corporate/GLASSWALL_06102026202507_FINAL_OUTCOME.pdf
Dhanuka Agritech Limited,DHANUKA,NSE,2026-10-06T20:24:21,announcement,Action(s) taken or orders passed,,https://nsearchives.nseindia.com/corporate/DHANUKA_06102026202412_Intimationunderregulation30.pdf
Rossari Biotech Limited,ROSSARI,NSE,2026-10-06T20:18:33,announcement,"Certificate under SEBI (Depositories and Participants) Regulations, 2018",,https://nsearchives.nseindia.com/corporate/ROSSARI_06102026201518_20261006_Intimation_of_Compliance_Certificate_Under_Reg_74_5_.pdf
Glass Wall Systems (India) Limited,GLASSWALL,NSE,2026-10-06T20:16:08,announcement,Outcome of Board Meeting,,https://nsearchives.nseindia.com/corporate/GLASSWALL_06102026200956_FINAL_OUTCOME.pdf
Asian Paints Limited,ASIANPAINT,NSE,2026-10-06T20:12:08,announcement,Analysts/Institutional Investor Meet/Con. Call Updates,,https://nsearchives.nseindia.com/corporate/ASIANPAINT_06102026201150_Investor_conference_Q22026-27.pdf
L&T Finance Limited,LTF,NSE,2026-10-06T20:10:06,announcement,Shareholders meeting,,https://nsearchives.nseindia.com/corporate/ltfinance_06102026200951_NSEBSEVOTINGRESULTS.pdf
Karamtara Engineering Limited,KARAMTARA,NSE,2026-10-06T20:04:49,announcement,Outcome of Board Meeting,,https://nsearchives.nseindia.com/corporate/9833315135_06102026200042_Intimation_of__BM_Outcome.pdf
TVS Supply Chain Solutions Limited,TVSSCS,NSE,2026-10-06T20:03:00,announcement,Acquisition,,https://nsearchives.nseindia.com/corporate/CSCOMPLIANCE_06102026200224_TVS_SCS_Equity_infusion_to_SCS_ALA_signed.pdf
JSW Energy Limited,JSWENERGY,NSE,2026-10-06T20:00:41,announcement,Shareholders meeting,,https://nsearchives.nseindia.com/corporate/KRUTIKAJSWEL_06102026195709_Stock_Exchange_Intimation_PB_Notice_dispatch_Final.pdf
Persistent Systems Limited,PERSISTENT,NSE,2026-10-06T19:59:04,announcement,Shareholders meeting,,https://nsearchives.nseindia.com/corporate/PERSISTENTUSER1_06102026195846_PSLSubmissionoftheScrutinisersReportEGMSigned.pdf
Endurance Technologies Limited,ENDURANCE,NSE,2026-10-06T19:57:08,announcement,Acquisition,,https://nsearchives.nseindia.com/corporate/ENDURANCE_06102026195508_2026_10_06_-_Letter_SEs_acquisition_of_Fondalpress_by_EOSpA.pdf
Veegaland Developers Limited,VEEGALAND,NSE,2026-10-06T19:55:20,announcement,Investor Presentation,,https://nsearchives.nseindia.com/corporate/VEEGALAND_06102026195511_Investor_Presentation_sd.pdf
Shah Investor's Home Limited,SHAHINVEST,NSE,2026-10-06T19:55:01,announcement,Updates,,https://nsearchives.nseindia.com/corporate/SHAHINVESTORS_06102026195451_RTA_Signed.pdf
Krishna Institute of Medical Sciences Limited,KIMS,NSE,2026-10-06T19:54:33,announcement,Acquisition,,https://nsearchives.nseindia.com/corporate/KIMS_06102026195415_Disclosure_to_Stock_Exchanges-06102026-Splendid.pdf
Shah Investor's Home Limited,SHAHINVEST,NSE,2026-10-06T19:53:30,announcement,Updates,,https://nsearchives.nseindia.com/corporate/SHAHINVESTORS_06102026195216_CS_Signed.pdf
Krishna Institute of Medical Sciences Limited,KIMS,NSE,2026-10-06T19:53:26,announcement,Acquisition,,https://nsearchives.nseindia.com/corporate/KIMS_06102026195302_Disclosure_to_Stock_Exchanges-06102026-Sarvottam.pdf
Krishna Institute of Medical Sciences Limited,KIMS,NSE,2026-10-06T19:52:08,announcement,Acquisition,,https://nsearchives.nseindia.com/corporate/KIMS_06102026195201_Disclosure_to_Stock_Exchanges-06102026-Sangli.pdf
Krishna Institute of Medical Sciences Limited,KIMS,NSE,2026-10-06T19:51:03,announcement,Acquisition,,https://nsearchives.nseindia.com/corporate/KIMS_06102026195055_Disclosure_to_Stock_Exchanges-06102026-Insigniyaa.pdf
Regaal Resources Limited,REGAAL,NSE,2026-10-06T19:48:23,announcement,Disruption of Operations,,https://nsearchives.nseindia.com/corporate/REGAAL_06102026194748_Restoration_of_operation.pdf
Sterlite Technologies Limited,STLTECH,NSE,2026-10-06T19:46:27,announcement,Analysts/Institutional Investor Meet/Con. Call Updates,,https://nsearchives.nseindia.com/corporate/STLTECH_06102026194611_SEintimation_Earningscallintimation_Signed.pdf
Om Power Transmission Limited,OMPOWER,NSE,2026-10-06T19:44:41,announcement,Bagging/Receiving of orders/contracts,,https://nsearchives.nseindia.com/corporate/OMPOWER_06102026194414_V0_Intimation_receipt_of_order.pdf
Gandhar Oil Refinery (India) Limited,GANDHAR,NSE,2026-10-06T19:42:26,announcement,ESOP/ESOS/ESPS,,https://nsearchives.nseindia.com/corporate/GANDHAROIL_06102026194005_Intimation_ESOP_Allotment_Disclosure_final.pdf
VA Tech Wabag Limited,WABAG,NSE,2026-10-06T19:42:04,announcement,ESOP/ESOS/ESPS,,https://nsearchives.nseindia.com/corporate/VATECH_06102026194053_SIAllotment06102026.pdf
Acme Solar Holdings Limited,ACMESOLAR,NSE,2026-10-06T19:41:56,announcement,Acquisition,,https://nsearchives.nseindia.com/corporate/ACMECS_06102026193845_Intimation06102026.pdf
Transwarranty Finance Limited,TFL,NSE,2026-10-06T19:38:38,announcement,"Certificate under SEBI (Depositories and Participants) Regulations, 2018",,https://nsearchives.nseindia.com/corporate/TFL_06102026193709_Certificate_74_5__Final_sd.pdf
Allied Blenders and Distillers Limited,ABDL,NSE,2026-10-06T19:36:26,announcement,"Certificate under SEBI (Depositories and Participants) Regulations, 2018",,https://nsearchives.nseindia.com/corporate/ABDINDIA_06102026193611_SE_Intimation-_Reg_74_5__sd.pdf
Ivalue Infosolutions Limited,IVALUE,NSE,2026-10-06T19:33:25,announcement,Updates,,https://nsearchives.nseindia.com/corporate/IVALUE927_06102026193125_Disclosure.pdf
Alembic Limited,ALEMBICLTD,NSE,2026-10-06T19:33:05,announcement,"Certificate under SEBI (Depositories and Participants) Regulations, 2018",,https://nsearchives.nseindia.com/corporate/ALEMBICLTD_06102026193008_AL_Regulation_74_5_Stock_Exchanges_30092026.pdf
Eurotex Industries and Exports Limited,EUROTEXIND,NSE,2026-10-06T19:32:12,announcement,Price movement,,https://nsearchives.nseindia.com/corporate/EUROTEXIND_06102026192953_BSE_and_NSE_Query_signed.pdf
Rappid Valves (India) Limited,RAPPID,NSE,2026-10-06T19:28:27,announcement,"Certificate under SEBI (Depositories and Participants) Regulations, 2018",,https://nsearchives.nseindia.com/corporate/RAPPID_06102026192811_74_5__SEBI_DP_Signed.pdf
Atal Realtech Limited,ATALREAL,NSE,2026-10-06T19:28:17,announcement,Outcome of Board Meeting,,https://nsearchives.nseindia.com/corporate/ATALREAL_06102026192753_Withdrawal_of_Rights_Issue_Letter_to_BSE_and_NSE.pdf
Britannia Industries Limited,BRITANNIA,NSE,2026-10-06T19:26:53,announcement,Shareholders meeting,,https://nsearchives.nseindia.com/corporate/BRITANNIA1_06102026192437_Intimation_signed.pdf
Kanohar Electricals Limited,KANOHAR,NSE,2026-10-06T19:25:11,announcement,Outcome of Board Meeting,,https://nsearchives.nseindia.com/corporate/KANOHARNSE2026_06102026191733_Outcome_Board_Meeting.pdf
Karur Vysya Bank Limited,KARURVYSYA,NSE,2026-10-06T19:24:19,announcement,"Certificate under SEBI (Depositories and Participants) Regulations, 2018",,https://nsearchives.nseindia.com/corporate/KARURVYSYA_06102026192325_Regulations_74_5__-_SE_DSC.pdf
Kirloskar Industries Limited,KIRLOSIND,NSE,2026-10-06T19:19:41,announcement,Updates,,https://nsearchives.nseindia.com/corporate/KIRLOSIND_06102026191926_Intimation.pdf
Kay Cee Energy & Infra Limited,KCEIL,NSE,2026-10-06T19:19:40,announcement,Bagging/Receiving of orders/contracts,,https://nsearchives.nseindia.com/corporate/KAYCEE_06102026191919_Letter_of_Award_KAY_CEE.pdf
Pace Digitek Limited,PACEDIGITK,NSE,2026-10-06T19:18:51,announcement,General Updates,,https://nsearchives.nseindia.com/corporate/PACE_06102026191815_Investor_Presentation-1yr_of_IPO-Sd.pdf
Onelife Capital Advisors Limited,ONELIFECAP,NSE,2026-10-06T19:17:56,announcement,Shareholders meeting,,https://nsearchives.nseindia.com/corporate/ONELIFECAP_06102026191639_Scrutinizers_Report_Signed_with_Cover_sdd.pdf
Spectrum Electrical Industries Limited,SPECTRUM,NSE,2026-10-06T19:14:23,announcement,General Updates,,https://nsearchives.nseindia.com/corporate/SPECTRUM_06102026191359_SPECTRUM_544386_Trading_Approval_06102026.pdf
Asian Paints Limited,ASIANPAINT,NSE,2026-10-06T19:12:54,announcement,Record Date,,https://nsearchives.nseindia.com/corporate/ASIANPAINT_06102026191216_BMintimationtoStockExchangesOct26.pdf
Tega Industries Limited,TEGA,NSE,2026-10-06T19:11:15,announcement,Granting/withdrawal/surrender/cancellation/suspension of key licenses/ regulatory approvals,,https://nsearchives.nseindia.com/corporate/TEGA_06102026191055_Intimation_Of_In_principle_approval_sd.pdf
IG Petrochemicals Limited,IGPL,NSE,2026-10-06T19:10:24,announcement,Resignation of Director/KMP/SMP,,https://nsearchives.nseindia.com/corporate/IGPL_ROID_99874_KMP_Doc.zip
Asian Paints Limited,ASIANPAINT,NSE,2026-10-06T19:10:16,announcement,Updates,,https://nsearchives.nseindia.com/corporate/ASIANPAINT_06102026190837_BMintimationtoStockExchangesOct26.pdf
Repro India Limited,REPRO,NSE,2026-10-06T19:09:25,announcement,Acquisition,,https://nsearchives.nseindia.com/corporate/REPRO_06102026185938_Intimationforcompletionofacquisition.pdf
Cello World Limited,CELLO,NSE,2026-10-06T19:08:24,announcement,Spurt in Volume,,https://nsearchives.nseindia.com/corporate/CELLO2023_06102026190811_Clarification.pdf
3i Infotech Limited,3IINFOLTD,NSE,2026-10-06T19:08:03,announcement,"Certificate under SEBI (Depositories and Participants) Regulations, 2018",,https://nsearchives.nseindia.com/corporate/3IINFOTECHLTD_06102026190719_Final_certificate_signed_1.pdf
GRP Limited,GRPLTD,NSE,2026-10-06T19:06:31,announcement,"Certificate under SEBI (Depositories and Participants) Regulations, 2018",,https://nsearchives.nseindia.com/corporate/GRPLTD_06102026190612_74_5__covering_letter_Signed.pdf
Atal Realtech Limited,ATALREAL,NSE,2026-10-06T19:06:19,announcement,General Updates,,https://nsearchives.nseindia.com/corporate/ATALREAL_06102026190521_Withdrawal_of_Rights_Issue_Letter_to_BSE_and_NSE.pdf
Sat Kartar Life Limited,SATKARTAR,NSE,2026-10-06T19:05:40,announcement,"Certificate under SEBI (Depositories and Participants) Regulations, 2018",,https://nsearchives.nseindia.com/corporate/SATKARTAR_06102026190256_Compliance_certificate_under_reg_74_5_.pdf
Sonu Infratech Limited,SONUINFRA,NSE,2026-10-06T19:03:26,announcement,Resignation of Director/KMP/SMP,,https://nsearchives.nseindia.com/corporate/SONUINFRA_ROID_99872_KMP_Doc.zip
Sonu Infratech Limited,SONUINFRA,NSE,2026-10-06T19:01:57,announcement,Cessation,,https://nsearchives.nseindia.com/corporate/SONUINFRATECH_06102026190150_FINAL_FILE.pdf
Thyrocare Technologies Limited,THYROCARE,NSE,2026-10-06T19:00:11,announcement,"Certificate under SEBI (Depositories and Participants) Regulations, 2018",,https://nsearchives.nseindia.com/corporate/THYROCARE_06102026185952_SE_74_5_Signed.pdf
Regaal Resources Limited,REGAAL,NSE,2026-10-06T19:00:03,announcement,Action(s) taken or orders passed,,https://nsearchives.nseindia.com/corporate/REGAAL_06102026185940_Disclosure_of_RoC_Orders_under_Reg_30.pdf
TVS Holdings Limited,TVSHLTD,NSE,2026-10-06T18:59:20,announcement,Shareholders meeting,,https://nsearchives.nseindia.com/corporate/SUNCLAYLTD_06102026185757_NoticeofPostalBallotintimationSGD.pdf
Container Corporation of India Limited,CONCOR,NSE,2026-10-06T18:58:46,announcement,General Updates,,https://nsearchives.nseindia.com/corporate/CONCOR_06102026185812_CONCOR_SE_ID_06102026.pdf
Rajputana Biodiesel Limited,RAJPUTANA,NSE,2026-10-06T18:57:40,announcement,Granting/withdrawal/surrender/cancellation/suspension of key licenses/ regulatory approvals,,https://nsearchives.nseindia.com/corporate/RBPL_06102026185709_Rajputana_RRECL_Reg.pdf
IndoStar Capital Finance Limited,INDOSTAR,NSE,2026-10-06T18:54:51,announcement,"Certificate under SEBI (Depositories and Participants) Regulations, 2018",,https://nsearchives.nseindia.com/corporate/INDOSTAR_06102026185440_Covering_letter.pdf
New Delhi Television Limited,NDTV,NSE,2026-10-06T18:54:46,announcement,"Certificate under SEBI (Depositories and Participants) Regulations, 2018",,https://nsearchives.nseindia.com/corporate/NDTV_06102026185354_SE_Intimation_Reg_74_5.pdf
Bajaj Finserv Limited,BAJAJFINSV,NSE,2026-10-06T18:53:50,announcement,"Certificate under SEBI (Depositories and Participants) Regulations, 2018",,https://nsearchives.nseindia.com/corporate/BAJAJFINSV_06102026185248_BFS.pdf
Nestle India Limited,NESTLEIND,NSE,2026-10-06T18:51:28,announcement,"Certificate under SEBI (Depositories and Participants) Regulations, 2018",,https://nsearchives.nseindia.com/corporate/NESTLEIND1_06102026185037_StxIntimation745FYQ22627signed.pdf
Shivam Autotech Limited,SHIVAMAUTO,NSE,2026-10-06T18:51:13,announcement,"Certificate under SEBI (Depositories and Participants) Regulations, 2018",,https://nsearchives.nseindia.com/corporate/SHIVAMAUTO_06102026184805_SignedDisclosureunder74_5_dt06102026.pdf
Popular Vehicles and Services Limited,PVSL,NSE,2026-10-06T18:49:59,announcement,Credit Rating,,https://nsearchives.nseindia.com/corporate/9072530155_06102026184928_IntimationCreditRatingPAWL_Sd.pdf
Wipro Limited,WIPRO,NSE,2026-10-06T18:49:22,announcement,Updates,,https://nsearchives.nseindia.com/corporate/Cslogin_06102026184851_SEIntimation06102026.pdf
Shadowfax Technologies Limited,SHADOWFAX,NSE,2026-10-06T18:46:54,announcement,"Certificate under SEBI (Depositories and Participants) Regulations, 2018",,https://nsearchives.nseindia.com/corporate/9900590024_06102026184454_74.pdf
Shukra Pharmaceuticals Limited,SHUKRAPHAR,NSE,2026-10-06T18:46:03,announcement,Outcome of Board Meeting,,https://nsearchives.nseindia.com/corporate/SHUKRA_06102026184520_BM_Outcome_Equity_Shares_Allotment_06102026_SW.pdf
Blue Dart Express Limited,BLUEDART,NSE,2026-10-06T18:45:45,announcement,Press Release,,https://nsearchives.nseindia.com/corporate/BLUEDART_06102026184538_BSE_NSE-Press_Release_.pdf
Danish Power Limited,DANISH,NSE,2026-10-06T18:45:42,announcement,Updates,,https://nsearchives.nseindia.com/corporate/DANISH_06102026184440_Intimation_to_Exchange.pdf
Chandan Healthcare Limited,CHANDAN,NSE,2026-10-06T18:45:19,announcement,General Updates,,https://nsearchives.nseindia.com/corporate/CHANDAN_06102026184439_NSE_DiclosureICICI_LC.pdf
Tirupati Forge Limited,TIRUPATIFL,NSE,2026-10-06T18:42:55,announcement,"Certificate under SEBI (Depositories and Participants) Regulations, 2018",,https://nsearchives.nseindia.com/corporate/TIRUPATIFL_06102026184231_Regulation-74_5__Certificate_Tirupati_forge_Limited.pdf
ICICI Lombard General Insurance Company Limited,ICICIGI,NSE,2026-10-06T18:41:17,announcement,Analysts/Institutional Investor Meet/Con. Call Updates,,https://nsearchives.nseindia.com/corporate/ICICIGI_06102026183901_SEIntimationEarningsCallIntimationQ2FY27.pdf
United Foodbrands Limited,UFBL,NSE,2026-10-06T18:40:34,announcement,ESOP/ESOS/ESPS,,https://nsearchives.nseindia.com/corporate/BARBEQUE_06102026183929_IntimationofAllotmentofEquityShares06102026.pdf
Usha Martin Limited,USHAMART,NSE,2026-10-06T18:40:03,announcement,Copy of Newspaper Publication,,https://nsearchives.nseindia.com/corporate/USHAMART_06102026183935_Disclosure06102026.pdf
Euro India Fresh Foods Limited,EIFFL,NSE,2026-10-06T18:40:01,announcement,Outcome of Board Meeting,,https://nsearchives.nseindia.com/corporate/EIFFL_06102026183726_Reconstitution_of_Committee.pdf
Siemens Energy India Limited,ENRIN,NSE,2026-10-06T18:38:43,announcement,"Certificate under SEBI (Depositories and Participants) Regulations, 2018",,https://nsearchives.nseindia.com/corporate/ENRIN_06102026183815_Reg74SEIL30092026.pdf
All E Technologies Limited,ALLETEC,NSE,2026-10-06T18:38:25,announcement,Updates,,https://nsearchives.nseindia.com/corporate/ALLETECH_06102026183709_Alletec_Dividend_payment_date.pdf
Shukra Pharmaceuticals Limited,SHUKRAPHAR,NSE,2026-10-06T18:37:49,announcement,General Updates,,https://nsearchives.nseindia.com/corporate/SHUKRA_06102026183729_clarification_on_price_movement_NSE.pdf
Adani Ports and Special Economic Zone Limited,ADANIPORTS,NSE,2026-10-06T18:37:27,announcement,General Updates,,https://nsearchives.nseindia.com/corporate/rkbhagia_06102026183718_SEIntimationParadip.pdf
Arihant Superstructures Limited,ARIHANTSUP,NSE,2026-10-06T18:37:13,announcement,"Certificate under SEBI (Depositories and Participants) Regulations, 2018",,https://nsearchives.nseindia.com/corporate/ARIHANTSUP_06102026183704_ASL_DP_74_5__September_2026.pdf
Lokesh Machines Limited,LOKESHMACH,NSE,2026-10-06T18:34:13,announcement,Price movement,,https://nsearchives.nseindia.com/corporate/LOKESHMACH_06102026183329_Cover.pdf
Le Travenues Technology Limited,IXIGO,NSE,2026-10-06T18:33:05,announcement,"Certificate under SEBI (Depositories and Participants) Regulations, 2018",,https://nsearchives.nseindia.com/corporate/IXIGO_06102026183230_Certificate_Regulation_74_5.pdf
Omaxe Limited,OMAXE,NSE,2026-10-06T18:31:55,announcement,Credit Rating,,https://nsearchives.nseindia.com/corporate/OMAXE_06102026183140_Credit_Rating_Intimation.pdf
Antelopus Selan Energy Limited,ANTELOPUS,NSE,2026-10-06T18:30:16,announcement,"Certificate under SEBI (Depositories and Participants) Regulations, 2018",,https://nsearchives.nseindia.com/corporate/SELAN_06102026183005_Reg_74_5_.pdf
Valiant Organics Limited,VALIANTORG,NSE,2026-10-06T18:30:05,announcement,"Certificate under SEBI (Depositories and Participants) Regulations, 2018",,https://nsearchives.nseindia.com/corporate/VALIANTORG_06102026182956_Intimation_74_5_.pdf
Chandan Healthcare Limited,CHANDAN,NSE,2026-10-06T18:28:47,announcement,Resignation of Director/KMP/SMP,,https://nsearchives.nseindia.com/corporate/CHANDAN_ROID_99862_KMP_Doc.zip
Deepak Fertilizers and Petrochemicals Corporation Limited,DEEPAKFERT,NSE,2026-10-06T18:28:11,announcement,"Certificate under SEBI (Depositories and Participants) Regulations, 2018",,https://nsearchives.nseindia.com/corporate/DEEPAKFERT_06102026182651_Disclosure_74_5__certificate.pdf
GSM Foils Limited,GSMFOILS,NSE,2026-10-06T18:28:03,announcement,Monthly Business Updates,,https://nsearchives.nseindia.com/corporate/GSMFOILS_06102026182620_Monthly_Update_September-revised__1_.pdf
Repro India Limited,REPRO,NSE,2026-10-06T18:27:19,announcement,"Certificate under SEBI (Depositories and Participants) Regulations, 2018",,https://nsearchives.nseindia.com/corporate/REPRO_06102026182631_IntimationtoSE.pdf
TV Vision Limited,TVVISION,NSE,2026-10-06T18:26:47,announcement,Corporate Insolvency Resolution Process,,https://nsearchives.nseindia.com/corporate/TVVISION_06102026182614_Intimation_EOI_-sd.pdf
Cyient Limited,CYIENT,NSE,2026-10-06T18:26:31,announcement,Updates,,https://nsearchives.nseindia.com/corporate/CYIENT_06102026182600_Resignation_PrabhakarAtlaSigned.pdf
Sun Pharmaceutical Industries Limited,SUNPHARMA,NSE,2026-10-06T18:25:27,announcement,Press Release,,https://nsearchives.nseindia.com/corporate/SUNSEC_06102026182517_SEintimationPRforMSP.pdf
Indo Amines Limited,INDOAMIN,NSE,2026-10-06T18:25:02,announcement,Spurt in Volume,,https://nsearchives.nseindia.com/corporate/INDOAMINES_06102026182423_ClarificationNSE6thOct26.pdf
Rail Vikas Nigam Limited,RVNL,NSE,2026-10-06T18:24:16,announcement,General Updates,,https://nsearchives.nseindia.com/corporate/RVNL_06102026182408_Covering06102026.pdf
Arihant Superstructures Limited,ARIHANTSUP,NSE,2026-10-06T18:24:10,announcement,Structural Digital Database,,https://nsearchives.nseindia.com/corporate/ARIHANTSUP_06102026182403_ASL_SDD_September_2026.pdf
Speciality Restaurants Limited,SPECIALITY,NSE,2026-10-06T18:23:13,announcement,"Certificate under SEBI (Depositories and Participants) Regulations, 2018",,https://nsearchives.nseindia.com/corporate/SPECIALITY_06102026182252_BSENSELETTERDATED06102026.pdf
Aarti Surfactants Limited,AARTISURF,NSE,2026-10-06T18:23:07,announcement,"Certificate under SEBI (Depositories and Participants) Regulations, 2018",,https://nsearchives.nseindia.com/corporate/AARTISURF_06102026182258_AARTISURF.pdf
Barak Valley Cements Limited,BVCL,NSE,2026-10-06T18:22:59,announcement,"Certificate under SEBI (Depositories and Participants) Regulations, 2018",,https://nsearchives.nseindia.com/corporate/BVCL_06102026182220_Reg_74_5__Intimation_signed.pdf
Titan Company Limited,TITAN,NSE,2026-10-06T18:22:46,announcement,Updates,,https://nsearchives.nseindia.com/corporate/TITAN_06102026182232_Q2update202627.pdf
Gem Aromatics Limited,GEMAROMA,NSE,2026-10-06T18:20:24,announcement,"Certificate under SEBI (Depositories and Participants) Regulations, 2018",,https://nsearchives.nseindia.com/corporate/GEMAROMATICS2024_06102026182011_Intimation_74_5_.pdf
Dev Accelerator Limited,DEVX,NSE,2026-10-06T18:20:12,announcement,"Certificate under SEBI (Depositories and Participants) Regulations, 2018",,https://nsearchives.nseindia.com/corporate/DEVACCE_06102026181954_SE_Reg74_5_.pdf
Shoppers Stop Limited,SHOPERSTOP,NSE,2026-10-06T18:20:05,announcement,"Certificate under SEBI (Depositories and Participants) Regulations, 2018",,https://nsearchives.nseindia.com/corporate/SHOPERSTOP_06102026181948_Reg74Disclosure.pdf
TruCap Finance Limited,TRU,NSE,2026-10-06T18:19:47,announcement,"Certificate under SEBI (Depositories and Participants) Regulations, 2018",,https://nsearchives.nseindia.com/corporate/Trucap_06102026181927_Certificate_74_5__30092026.pdf
EMA Partners India Limited,EMAPARTNER,NSE,2026-10-06T18:19:25,announcement,"Certificate under SEBI (Depositories and Participants) Regulations, 2018",,https://nsearchives.nseindia.com/corporate/EMAIN_06102026181905_Intimation_Reg_74_5__September_2026.pdf
Carborundum Universal Limited,CARBORUNIV,NSE,2026-10-06T18:19:16,announcement,ESOP/ESOS/ESPS,,https://nsearchives.nseindia.com/corporate/CARBORUNIV_06102026181204_intimation_sd.pdf
Canara Robeco Asset Management Company Limited,CRAMC,NSE,2026-10-06T18:17:55,announcement,"Certificate under SEBI (Depositories and Participants) Regulations, 2018",,https://nsearchives.nseindia.com/corporate/CRAMC_06102026181741_Regulation74_5_certificatesigned.pdf
Chandan Healthcare Limited,CHANDAN,NSE,2026-10-06T18:17:43,announcement,General Updates,,https://nsearchives.nseindia.com/corporate/CHANDAN_06102026181734_Resignation_Letter-_Vinod_Jain.pdf
All E Technologies Limited,ALLETEC,NSE,2026-10-06T18:17:32,announcement,"Certificate under SEBI (Depositories and Participants) Regulations, 2018",,https://nsearchives.nseindia.com/corporate/ALLETECH_06102026181715_Alletec_Regulation_74_5__DP_Regulation.pdf
DOMS Industries Limited,DOMS,NSE,2026-10-06T18:17:19,announcement,"Certificate under SEBI (Depositories and Participants) Regulations, 2018",,https://nsearchives.nseindia.com/corporate/RAHULBS35_06102026181655_IntimationToStockExchange.pdf
Maral Overseas Limited,MARALOVER,NSE,2026-10-06T18:16:57,announcement,"Certificate under SEBI (Depositories and Participants) Regulations, 2018",,https://nsearchives.nseindia.com/corporate/MARALOVER_06102026181622_StxintimationReg.pdf
Container Corporation of India Limited,CONCOR,NSE,2026-10-06T18:16:54,announcement,Awarding of order(s)/contract(s),,https://nsearchives.nseindia.com/corporate/CONCOR_06102026181640_CONCOR_SE_06102026.pdf
IG Petrochemicals Limited,IGPL,NSE,2026-10-06T18:16:20,announcement,Change in Management,,https://nsearchives.nseindia.com/corporate/IGPL_06102026181550_Reg30_Resignation_SanjayGupta_06102026.pdf
Indifra Limited,INDIFRA,NSE,2026-10-06T18:15:14,announcement,"Certificate under SEBI (Depositories and Participants) Regulations, 2018",,https://nsearchives.nseindia.com/corporate/INDIFRA_06102026181506_74_5_MergeIndifra.pdf
Vikram Solar Limited,VIKRAMSOLR,NSE,2026-10-06T18:12:56,announcement,"Certificate under SEBI (Depositories and Participants) Regulations, 2018",,https://nsearchives.nseindia.com/corporate/VSLCS_06102026180901_STOCKEXCHANGEINTIMATION.pdf
Biofil Chemicals & Pharmaceuticals Limited,BIOFILCHEM,NSE,2026-10-06T18:12:50,announcement,"Certificate under SEBI (Depositories and Participants) Regulations, 2018",,https://nsearchives.nseindia.com/corporate/BIOFILCHEM_06102026181238_Covering_reg_74.pdf
Quadpro Ites Limited,QUADPRO,NSE,2026-10-06T18:12:43,announcement,"Certificate under SEBI (Depositories and Participants) Regulations, 2018",,https://nsearchives.nseindia.com/corporate/QUADPRO_06102026181225_74_5_MergeQp.pdf
Hoac Foods India Limited,HOACFOODS,NSE,2026-10-06T18:12:29,announcement,General Updates,,https://nsearchives.nseindia.com/corporate/HOAC_06102026180617_HOAC-_Business_Update.pdf
IRM Energy Limited,IRMENERGY,NSE,2026-10-06T18:11:34,announcement,Copy of Newspaper Publication,,https://nsearchives.nseindia.com/corporate/IRMENERGY_06102026181117_intimationtoSE.pdf
Alkyl Amines Chemicals Limited,ALKYLAMINE,NSE,2026-10-06T18:11:08,announcement,Spurt in Volume,,-
Canara HSBC Life Insurance Company Limited,CANHLIFE,NSE,2026-10-06T18:11:01,announcement,Analysts/Institutional Investor Meet/Con. Call Updates,,https://nsearchives.nseindia.com/corporate/CANARAHSBCLIFE_06102026180941_Investor_meet-_October_2026.pdf
Cello World Limited,CELLO,NSE,2026-10-06T18:10:59,announcement,Spurt in Volume,,-
DMCC SPECIALITY CHEMICALS LIMITED,DMCC,NSE,2026-10-06T18:10:50,announcement,Spurt in Volume,,-
Indo Amines Limited,INDOAMIN,NSE,2026-10-06T18:10:43,announcement,Spurt in Volume,,-
Yuken India Limited,YUKEN,NSE,2026-10-06T18:10:35,announcement,Spurt in Volume,,-
Moneyboxx Finance Limited,MONEYBOXX,NSE,2026-10-06T18:10:31,announcement,Updates,,https://nsearchives.nseindia.com/corporate/MONEYBOXX_06102026181020_SE_Intimation.pdf
Balmer Lawrie & Company Limited,BALMLAWRIE,NSE,2026-10-06T18:09:41,announcement,Updates,,https://nsearchives.nseindia.com/corporate/BALMLAWRIE_06102026180933_SEIntimationupdationGST.pdf
Equippp Social Impact Technologies Limited,EQUIPPP,NSE,2026-10-06T18:09:04,announcement,"Certificate under SEBI (Depositories and Participants) Regulations, 2018",,https://nsearchives.nseindia.com/corporate/EQUIPPP_06102026180818_Equippp_Reg-74_5__Sept_2026_sd.pdf
Protean eGov Technologies Limited,PROTEAN,NSE,2026-10-06T18:08:19,announcement,"Certificate under SEBI (Depositories and Participants) Regulations, 2018",,https://nsearchives.nseindia.com/corporate/PROTEANCS_06102026180737_Intimation_Reg_74_5_September_30_2026.pdf
Balmer Lawrie & Company Limited,BALMLAWRIE,NSE,2026-10-06T18:06:44,announcement,Pendency of Litigation(s)/dispute(s) or the outcome impacting the Company,,https://nsearchives.nseindia.com/corporate/BALMLAWRIE_06102026180636_SEIntimationupdationGST.pdf
India Glycols Limited,INDIAGLYCO,NSE,2026-10-06T18:06:39,announcement,Updates,,https://nsearchives.nseindia.com/corporate/INDIAGLYCO_06102026180443_Apportionment_of_Cost_of_Acquisition.pdf
Laurus Labs Limited,LAURUSLABS,NSE,2026-10-06T18:06:18,announcement,General Updates,,https://nsearchives.nseindia.com/corporate/LAURUSLABS_06102026180546_UpdateOnInvInKurnool06102026.pdf
BCPL Railway Infrastructure Limited,BCPL,NSE,2026-10-06T18:05:11,announcement,"Certificate under SEBI (Depositories and Participants) Regulations, 2018",,https://nsearchives.nseindia.com/corporate/BCPL_06102026180441_74_5_1.pdf
Nesco Limited,NESCO,NSE,2026-10-06T18:04:24,announcement,"Certificate under SEBI (Depositories and Participants) Regulations, 2018",,https://nsearchives.nseindia.com/corporate/NESCOCS_06102026180410_Reg_74_5__Upload.pdf
Mawana Sugars Limited,MAWANASUG,NSE,2026-10-06T18:04:13,announcement,General Updates,,https://nsearchives.nseindia.com/corporate/MAWANASUG_06102026180338_Disclosure06102026.pdf
Hoac Foods India Limited,HOACFOODS,NSE,2026-10-06T18:02:43,announcement,"Certificate under SEBI (Depositories and Participants) Regulations, 2018",,https://nsearchives.nseindia.com/corporate/HOAC_06102026175941_HOAC__Regulation_74_5__Depository__Participants.pdf
United Spirits Limited,UNITDSPR,NSE,2026-10-06T18:02:36,announcement,"Certificate under SEBI (Depositories and Participants) Regulations, 2018",,https://nsearchives.nseindia.com/corporate/MCDOWELL_06102026180145_SEDisclosure_74-5_Sept_2026_Sd.pdf
Equippp Social Impact Technologies Limited,EQUIPPP,NSE,2026-10-06T17:59:20,announcement,General Updates,,https://nsearchives.nseindia.com/corporate/EQUIPPP_06102026175335_EQUIPPP_Business_Update_sd.pdf
TVS Srichakra Limited,TVSSRICHAK,NSE,2026-10-06T17:59:17,announcement,Action(s) taken or orders passed,,https://nsearchives.nseindia.com/corporate/TVSSRICHAK_06102026175847_SE_Intimation_for_Penalty_under_Regulation_30.pdf
Axis Bank Limited,AXISBANK,NSE,2026-10-06T17:59:13,announcement,ESOP/ESOS/ESPS,,https://nsearchives.nseindia.com/corporate/AXISBANK_06102026175855_SE06102026.pdf
Hardwyn India Limited,HARDWYN,NSE,2026-10-06T17:59:07,announcement,"Certificate under SEBI (Depositories and Participants) Regulations, 2018",,https://nsearchives.nseindia.com/corporate/HARDWYN_06102026175851_CertificateReg74_5_ofDP.pdf
Transteel Seating Technologies Limited,TRANSTEEL,NSE,2026-10-06T17:59:01,announcement,Bagging/Receiving of orders/contracts,,https://nsearchives.nseindia.com/corporate/TRANSTEEL_06102026175848_Transteel_Work_Order_Disclosure.pdf
Goldstar Power Limited,GOLDSTAR,NSE,2026-10-06T17:58:50,announcement,"Certificate under SEBI (Depositories and Participants) Regulations, 2018",,https://nsearchives.nseindia.com/corporate/GOLDSTAR_06102026175843_Covering_with_Certi_Reg_74_5_.pdf
Viji Finance Limited,VIJIFIN,NSE,2026-10-06T17:58:13,announcement,"Certificate under SEBI (Depositories and Participants) Regulations, 2018",,https://nsearchives.nseindia.com/corporate/VIJIFIN_06102026175803_coverng_74_5__Sep_26.pdf
India Glycols Limited,INDIAGLYCO,NSE,2026-10-06T17:58:00,announcement,General Updates,,https://nsearchives.nseindia.com/corporate/INDIAGLYCO_06102026175746_Update_on_Analyst_Institutional_Investor_meetings.pdf
Kamdhenu Limited,KAMDHENU,NSE,2026-10-06T17:56:30,announcement,General Updates,,https://nsearchives.nseindia.com/corporate/KAMDHENU_06102026175617_Special_Window_sign.pdf
Eveready Industries India Limited,EVEREADY,NSE,2026-10-06T17:55:57,announcement,"Certificate under SEBI (Depositories and Participants) Regulations, 2018",,https://nsearchives.nseindia.com/corporate/EVEREADY_06102026175452_SEIntimation_74_5_.pdf
Canara Robeco Asset Management Company Limited,CRAMC,NSE,2026-10-06T17:55:43,announcement,General Updates,,https://nsearchives.nseindia.com/corporate/CRAMC_06102026175533_IntimationofBoardmeeting__fordividend.pdf
PCBL Chemical Limited,PCBL,NSE,2026-10-06T17:54:18,announcement,"Certificate under SEBI (Depositories and Participants) Regulations, 2018",,https://nsearchives.nseindia.com/corporate/PCBL_06102026175353_CertificateunderReg74ofSEBIDepositoriesforSeptember2026.pdf
Gujarat Apollo Industries Limited,GUJAPOLLO,NSE,2026-10-06T17:53:22,announcement,Disclosure of material issue,,https://nsearchives.nseindia.com/corporate/GUJAPOLLO_06102026175312_GAILCorporateAnnouncement06102026.pdf
Hardwyn India Limited,HARDWYN,NSE,2026-10-06T17:53:00,announcement,Extension  of Financial Year,,https://nsearchives.nseindia.com/corporate/HARDWYN_06102026175204_ExtensionofAGM.pdf
Agarwal Toughened Glass India Limited,AGARWALTUF,NSE,2026-10-06T17:52:46,announcement,Updates,,https://nsearchives.nseindia.com/corporate/AGARWALTOUGHENED_06102026175207_TUFF_business_update_sg.pdf
Eurotex Industries and Exports Limited,EUROTEXIND,NSE,2026-10-06T17:52:13,announcement,General Updates,,https://nsearchives.nseindia.com/corporate/EUROTEXIND_06102026175204_BSE_and_NSE_Query_signed.pdf
Hexagon Nutrition Limited,HEXAGON,NSE,2026-10-06T17:51:48,announcement,Shareholders meeting,,https://nsearchives.nseindia.com/corporate/HEXAGONNUTRITION_06102026175123_Notice_of_EOGM_Signed.pdf
Bench Mark Infotech Services Limited,BMISL,NSE,2026-10-06T17:51:23,announcement,Trading Window,,https://nsearchives.nseindia.com/corporate/BENCHMARK_06102026174924_TRADING-WINDOW-CLOSURE-INTIMATION.pdf
KCP Sugar and Industries Corporation Limited,KCPSUGIND,NSE,2026-10-06T17:50:41,announcement,"Certificate under SEBI (Depositories and Participants) Regulations, 2018",,https://nsearchives.nseindia.com/corporate/KCPSUGIND_06102026174953_NSEBSEsd.pdf
Annu Projects Limited,ANNU,NSE,2026-10-06T17:50:13,announcement,"Certificate under SEBI (Depositories and Participants) Regulations, 2018",,https://nsearchives.nseindia.com/corporate/ANNU2025_06102026174859_APLCertificateReg74_5_QTR30thSept2026.pdf
NRB Bearing Limited,NRBBEARING,NSE,2026-10-06T17:50:03,announcement,"Certificate under SEBI (Depositories and Participants) Regulations, 2018",,https://nsearchives.nseindia.com/corporate/NRBBEARING1_06102026174927_REG74_Sep_30_2026_signed_letter.pdf
JSW Cement Limited,JSWCEMENT,NSE,2026-10-06T17:50:01,announcement,Press Release,,https://nsearchives.nseindia.com/corporate/JSWCL_06102026174930_PRESS_RELEASE.pdf
Shree Ram Proteins Limited,SRPL,NSE,2026-10-06T17:49:36,announcement,Extension  of Financial Year,,https://nsearchives.nseindia.com/corporate/SRPL_06102026174926_GNL-1_Approval_Letter_AC6399424.pdf
Latteys Industries Limited,LATTEYS,NSE,2026-10-06T17:48:33,announcement,Structural Digital Database,,https://nsearchives.nseindia.com/corporate/LATTEYS_06102026174826_New_Format_of_SDD_Sept-26.pdf
ARSS Infrastructure Projects Limited,ARSSINFRA,NSE,2026-10-06T17:48:30,announcement,Disclosure of material issue,,https://nsearchives.nseindia.com/corporate/ARSSINFRA_06102026174803_Letter_Material_Disclosure_Stock_Exchange_FINAL.pdf
Milky Mist Dairy Food Limited,MILKYMIST,NSE,2026-10-06T17:46:07,announcement,Updates,,https://nsearchives.nseindia.com/corporate/MILKYMIST_06102026174548_intimationoncinupdation6102026.pdf
Lenskart Solutions Limited,LENSKART,NSE,2026-10-06T17:45:43,announcement,"Certificate under SEBI (Depositories and Participants) Regulations, 2018",,https://nsearchives.nseindia.com/corporate/LENSKART_06102026174405_Regulation_74.pdf
Divine Power Energy Limited,DPEL,NSE,2026-10-06T17:45:42,announcement,Outcome of Board Meeting,,https://nsearchives.nseindia.com/corporate/Divine_06102026174444_Outcome_BM_06102026.pdf
Hindustan Zinc Limited,HINDZINC,NSE,2026-10-06T17:44:33,announcement,"Certificate under SEBI (Depositories and Participants) Regulations, 2018",,https://nsearchives.nseindia.com/corporate/HINDZINCNSE_06102026174414_SEIntimation06102026.pdf
Garware Hi-Tech Films Limited,GRWRHITECH,NSE,2026-10-06T17:44:24,announcement,Copy of Newspaper Publication,,https://nsearchives.nseindia.com/corporate/GRWRHITECH_06102026173951_GHFL_Intimation_Stock_Exchange_Signed.pdf
TATA CONSUMER PRODUCTS LIMITED,TATACONSUM,NSE,2026-10-06T17:44:16,announcement,"Certificate under SEBI (Depositories and Participants) Regulations, 2018",,https://nsearchives.nseindia.com/corporate/Sukhvinder_06102026174406_Certificate_under_regulation_74_5_of_SEBI_Septembersd.pdf
Madhucon Projects Limited,MADHUCON,NSE,2026-10-06T17:43:37,announcement,Defaults on Payment of Interest/Principal,,https://nsearchives.nseindia.com/corporate/MADHUCON_06102026174314_DISDEFLOANSMR.pdf
Aeroflex Industries Limited,AEROFLEX,NSE,2026-10-06T17:43:03,announcement,"Certificate under SEBI (Depositories and Participants) Regulations, 2018",,https://nsearchives.nseindia.com/corporate/AEROFLEXINDIA_06102026174255_intimationsigned.pdf
KCP Sugar and Industries Corporation Limited,KCPSUGIND,NSE,2026-10-06T17:42:44,announcement,Updates,,https://nsearchives.nseindia.com/corporate/KCPSUGIND_06102026174212_BSENSEsd.pdf
Muthoot Microfin Limited,MUTHOOTMF,NSE,2026-10-06T17:42:42,announcement,"Certificate under SEBI (Depositories and Participants) Regulations, 2018",,https://nsearchives.nseindia.com/corporate/muthootmicrofin_06102026173805_Certificate_Sd.pdf
Balkrishna Paper Mills Limited,BALKRISHNA,NSE,2026-10-06T17:40:56,announcement,Integrated Filing- Governance,,https://nsearchives.nseindia.com/corporate/BALKRISHNA_06102026174037_ICGRason30092026.pdf
Oriental Hotels Limited,ORIENTHOT,NSE,2026-10-06T17:39:48,announcement,Copy of Newspaper Publication,,https://nsearchives.nseindia.com/corporate/TAJORIENTAL_06102026173902_SEnewspaper06102026.pdf
Lokesh Machines Limited,LOKESHMACH,NSE,2026-10-06T17:39:46,announcement,Price movement,,-
Bajaj Electricals Limited,BAJAJELEC,NSE,2026-10-06T17:39:42,announcement,Copy of Newspaper Publication,,https://nsearchives.nseindia.com/corporate/BAJAJELEC_06102026173808_SignedSEIntimationNPAdForPBNoticeDispatch006082026.pdf
Shukra Pharmaceuticals Limited,SHUKRAPHAR,NSE,2026-10-06T17:39:39,announcement,Price movement,,-
Sarthak Metals Limited,SMLT,NSE,2026-10-06T17:39:31,announcement,Price movement,,-
Halder Venture Limited,HALDER,NSE,2026-10-06T17:37:06,announcement,General Updates,,https://nsearchives.nseindia.com/corporate/HALDER_06102026173631_PKH-_Demise.pdf
Utkarsh Small Finance Bank Limited,UTKARSHBNK,NSE,2026-10-06T17:36:31,announcement,General Updates,,https://nsearchives.nseindia.com/corporate/UTKARSHBANK_06102026173619_BusinessUpdateQ2FY2027.pdf
Cholamandalam Financial Holdings Limited,CHOLAHLDNG,NSE,2026-10-06T17:36:17,announcement,"Certificate under SEBI (Depositories and Participants) Regulations, 2018",,https://nsearchives.nseindia.com/corporate/9500179438_06102026173602_SEIntimation.pdf
Grand Foundry Limited,GFSTEELS,NSE,2026-10-06T17:35:31,announcement,Shareholders meeting,,https://nsearchives.nseindia.com/corporate/GFSTEELS_06102026173520_EGM_Notice_GFL_with_covering_letter.pdf
Madhucon Projects Limited,MADHUCON,NSE,2026-10-06T17:34:47,announcement,Updates,,https://nsearchives.nseindia.com/corporate/MADHUCON_06102026173415_COMNCDMR.pdf
Cords Cable Industries Limited,CORDSCABLE,NSE,2026-10-06T17:34:33,announcement,Shareholders meeting,,https://nsearchives.nseindia.com/corporate/CORDSCABLE_06102026173201_AGM_Minutes.pdf
Digitide Solutions Limited,DIGITIDE,NSE,2026-10-06T17:34:26,announcement,"Certificate under SEBI (Depositories and Participants) Regulations, 2018",,https://nsearchives.nseindia.com/corporate/DIGITIDE_06102026173339_74_upload.pdf
Apollo Tyres Limited,APOLLOTYRE,NSE,2026-10-06T17:34:12,announcement,Resignation of Director/KMP/SMP,,https://nsearchives.nseindia.com/corporate/APOLLOTYRE_ROID_99856_KMP_Doc.zip
Paras Petrofils Limited,PARASPETRO,NSE,2026-10-06T17:33:17,announcement,Shareholders meeting,,https://nsearchives.nseindia.com/corporate/PARASPETRO_06102026173307_Proceeding_of_AGM_v2.pdf
ION Exchange (India) Limited,IONEXCHANG,NSE,2026-10-06T17:33:05,announcement,Copy of Newspaper Publication,,https://nsearchives.nseindia.com/corporate/IONEXCHANGE_06102026173221_Covering_Letter_merged.pdf
Visaman Global Sales Limited,VISAMAN,NSE,2026-10-06T17:31:35,announcement,Credit Rating,,https://nsearchives.nseindia.com/corporate/VISAMAN2019_06102026172824_Reg_30_Rating_Signed.pdf
CIE Automotive India Limited,CIEINDIA,NSE,2026-10-06T17:31:30,announcement,"Certificate under SEBI (Depositories and Participants) Regulations, 2018",,https://nsearchives.nseindia.com/corporate/Mahindracie_06102026173116_SEintimation.pdf
Amanta Healthcare Limited,AMANTA,NSE,2026-10-06T17:29:38,announcement,"Certificate under SEBI (Depositories and Participants) Regulations, 2018",,https://nsearchives.nseindia.com/corporate/AMANTA_06102026172931_RTA_Certificate_under_Regulation_74_5_.pdf
Muthoot Microfin Limited,MUTHOOTMF,NSE,2026-10-06T17:29:23,announcement,Updates,,https://nsearchives.nseindia.com/corporate/muthootmicrofin_06102026172851_ComplianceOfficerRTASeptember2026Sd.pdf
Granules India Limited,GRANULES,NSE,2026-10-06T17:28:56,announcement,Analysts/Institutional Investor Meet/Con. Call Updates,,https://nsearchives.nseindia.com/corporate/GRANULES_06102026172845_NSEBSETRANSCRIPT.pdf
Borosil Scientific Limited,BOROSCI,NSE,2026-10-06T17:28:02,announcement,"Certificate under SEBI (Depositories and Participants) Regulations, 2018",,https://nsearchives.nseindia.com/corporate/BOROSCI_06102026172741_SE_intimation_Reg_74_5_.pdf
Metropolis Healthcare Limited,METROPOLIS,NSE,2026-10-06T17:27:33,announcement,"Certificate under SEBI (Depositories and Participants) Regulations, 2018",,https://nsearchives.nseindia.com/corporate/METROPOLIS_06102026172409_Signed_SE_Intimation_-_Reg_74_5__-_September_2026.pdf
Vedanta Limited,VEDL,NSE,2026-10-06T17:26:27,announcement,"Certificate under SEBI (Depositories and Participants) Regulations, 2018",,https://nsearchives.nseindia.com/corporate/VEDL_06102026172548_VEDLSEIntimationReg74_5_Q2FY27final-signed.pdf
V R Infraspace Limited,VR,NSE,2026-10-06T17:26:24,announcement,Giving guarantees/indemnity/ becoming a surety for third party,,https://nsearchives.nseindia.com/corporate/VRIL_06102026172530_Reg_30.pdf
Accretion Pharmaceuticals Limited,ACCPL,NSE,2026-10-06T17:26:09,announcement,"Certificate under SEBI (Depositories and Participants) Regulations, 2018",,https://nsearchives.nseindia.com/corporate/APL2024_06102026172601_SEintimation74signed.pdf
Tracxn Technologies Limited,TRACXN,NSE,2026-10-06T17:25:12,announcement,"Certificate under SEBI (Depositories and Participants) Regulations, 2018",,https://nsearchives.nseindia.com/corporate/TRACXN_06102026172500_Reg74.pdf
Life Insurance Corporation Of India,LICI,NSE,2026-10-06T17:24:30,announcement,"Certificate under SEBI (Depositories and Participants) Regulations, 2018",,https://nsearchives.nseindia.com/corporate/LIC_BOARD_06102026172421_Final_Dis_Dep_06102026.pdf
Happy Forgings Limited,HAPPYFORGE,NSE,2026-10-06T17:24:07,announcement,"Certificate under SEBI (Depositories and Participants) Regulations, 2018",,https://nsearchives.nseindia.com/corporate/9876964720_06102026172346_reg7406102026.pdf
Madhucon Projects Limited,MADHUCON,NSE,2026-10-06T17:23:43,announcement,Structural Digital Database,,https://nsearchives.nseindia.com/corporate/MADHUCON_06102026172145_SDDMR300926.pdf
SIS LIMITED,SIS,NSE,2026-10-06T17:23:11,announcement,"Certificate under SEBI (Depositories and Participants) Regulations, 2018",,https://nsearchives.nseindia.com/corporate/SIS_06102026172057_Intimation.pdf
Cubex Tubings Limited,CUBEXTUB,NSE,2026-10-06T17:23:01,announcement,General Updates,,https://nsearchives.nseindia.com/corporate/CUBEXTUB_06102026172246_ir_intimation_20261005191006__1_.pdf
Colgate Palmolive (India) Limited,COLPAL,NSE,2026-10-06T17:21:35,announcement,"Certificate under SEBI (Depositories and Participants) Regulations, 2018",,https://nsearchives.nseindia.com/corporate/CPIL_06102026172120_SIReg74_5_September2026.pdf
Talwalkars Better Value Fitness Limited,TALWALKARS,NSE,2026-10-06T17:21:33,announcement,Resignation of Director/KMP/SMP,,https://nsearchives.nseindia.com/corporate/TALWALKARS_ROID_99854_KMP_Doc.zip
D-Link (India) Limited,DLINKINDIA,NSE,2026-10-06T17:21:22,announcement,"Certificate under SEBI (Depositories and Participants) Regulations, 2018",,https://nsearchives.nseindia.com/corporate/DLINKLEGAL_06102026172108_Cover_Letter_74_5__30092026_DSC.pdf
Speb Adhesives Limited,SPEB,NSE,2026-10-06T17:21:13,announcement,Analysts/Institutional Investor Meet/Con. Call Updates,,https://nsearchives.nseindia.com/corporate/SPEB_06102026172012_Investor_meet_intimation_signed.pdf
Ruchi Infrastructure Limited,RUCHINFRA,NSE,2026-10-06T17:19:59,announcement,"Certificate under SEBI (Depositories and Participants) Regulations, 2018",,https://nsearchives.nseindia.com/corporate/RUCHINFRA_06102026171929_CertificateReg74530092026.pdf
The Hi-Tech Gears Limited,HITECHGEAR,NSE,2026-10-06T17:19:55,announcement,Corporate Insolvency Resolution Process,,https://nsearchives.nseindia.com/corporate/HITECHGEAR_06102026171936_Stx_Intimation_signed.pdf
Afcons Infrastructure Limited,AFCONS,NSE,2026-10-06T17:19:27,announcement,Updates,,https://nsearchives.nseindia.com/corporate/AFCONS_06102026171919_Afcons_Certificate_of_RedemptionofCP.pdf
Ceigall India Limited,CEIGALL,NSE,2026-10-06T17:18:09,announcement,"Certificate under SEBI (Depositories and Participants) Regulations, 2018",,https://nsearchives.nseindia.com/corporate/ceigall_06102026171706_Final_Reg_74_5_.pdf
Afcons Infrastructure Limited,AFCONS,NSE,2026-10-06T17:17:55,announcement,General Updates,,https://nsearchives.nseindia.com/corporate/AFCONS_06102026171745_Afcons_Intimation_of_RedemptionofCP.pdf
SIS LIMITED,SIS,NSE,2026-10-06T17:17:38,announcement,Analysts/Institutional Investor Meet/Con. Call Updates,,https://nsearchives.nseindia.com/corporate/SIS_06102026171613_Intimation.pdf
Manba Finance Limited,MANBA,NSE,2026-10-06T17:17:09,announcement,"Certificate under SEBI (Depositories and Participants) Regulations, 2018",,https://nsearchives.nseindia.com/corporate/MANBA_06102026171245_SEIntimationsd.pdf
Transformers And Rectifiers (India) Limited,TARIL,NSE,2026-10-06T17:16:15,announcement,Analysts/Institutional Investor Meet/Con. Call Updates,,https://nsearchives.nseindia.com/corporate/TRIL_06102026171606_IntimationofEarningCallQ22027.pdf
Yatharth Hospital & Trauma Care Services Limited,YATHARTH,NSE,2026-10-06T17:16:00,announcement,Corrigendum,,https://nsearchives.nseindia.com/corporate/YATHARTH_06102026171443_Corrigendum_EGM_Notice_YH.pdf
Kirloskar Pneumatic Company Limited,KIRLPNU,NSE,2026-10-06T17:15:44,announcement,"Certificate under SEBI (Depositories and Participants) Regulations, 2018",,https://nsearchives.nseindia.com/corporate/revatideshpande_06102026171536_SEDisclosure.pdf
Aarti Industries Limited,AARTIIND,NSE,2026-10-06T17:15:29,announcement,"Certificate under SEBI (Depositories and Participants) Regulations, 2018",,https://nsearchives.nseindia.com/corporate/AARTIIND_06102026171431_AARTIIND.pdf
Patil Automation Limited,PATILAUTOM,NSE,2026-10-06T17:13:30,announcement,"Certificate under SEBI (Depositories and Participants) Regulations, 2018",,https://nsearchives.nseindia.com/corporate/PAL_06102026171308_Cover_Letter_patil_merged.pdf
Paisalo Digital Limited,PAISALO,NSE,2026-10-06T17:13:05,announcement,Utilisation of Funds,,https://nsearchives.nseindia.com/corporate/PAISALO_06102026171242_BSE_NSE_Quarterly_Disclosure_CP_06102026.pdf
Gayatri Rubbers And Chemicals Limited,GRCL,NSE,2026-10-06T17:12:39,announcement,"Certificate under SEBI (Depositories and Participants) Regulations, 2018",,https://nsearchives.nseindia.com/corporate/GRCL_06102026171227_Certificate.pdf
Iware Supplychain Services Limited,IWARE,NSE,2026-10-06T17:12:31,announcement,Quarterly Compliance Report on Corporate governance - within 21 days from the end of the quarter,,https://nsearchives.nseindia.com/corporate/IWARE_06102026171152_Iware_Non_Applicablity_of_CG_Sep_2026.pdf
Gufic Biosciences Limited,GUFICBIO,NSE,2026-10-06T17:11:55,announcement,"Certificate under SEBI (Depositories and Participants) Regulations, 2018",,https://nsearchives.nseindia.com/corporate/GUFIC_06102026171052_finalintimationSE.pdf
HDFC Life Insurance Company Limited,HDFCLIFE,NSE,2026-10-06T17:09:31,announcement,Analysts/Institutional Investor Meet/Con. Call Updates,,https://nsearchives.nseindia.com/corporate/HDFCLIFE2_06102026170537_Earnings_Call_Intimation__2_.pdf
Mukta Arts Limited,MUKTAARTS,NSE,2026-10-06T17:09:02,announcement,"Certificate under SEBI (Depositories and Participants) Regulations, 2018",,https://nsearchives.nseindia.com/corporate/MUKTAARTS_06102026170846_Intimation_to_SE_under_Reg_74_5_.pdf
Patanjali Foods Limited,PATANJALI,NSE,2026-10-06T17:08:58,announcement,"Certificate under SEBI (Depositories and Participants) Regulations, 2018",,https://nsearchives.nseindia.com/corporate/RUCHI_06102026170844_Letter.pdf
20 Microns Limited,20MICRONS,NSE,2026-10-06T17:08:55,announcement,"Certificate under SEBI (Depositories and Participants) Regulations, 2018",,https://nsearchives.nseindia.com/corporate/20MICRONS_06102026170836_Bse_Nse_Reg74_5__upload.pdf
Kaveri Seed Company Limited,KSCL,NSE,2026-10-06T17:08:47,announcement,"Certificate under SEBI (Depositories and Participants) Regulations, 2018",,https://nsearchives.nseindia.com/corporate/KSCL_06102026170827_Reg_74_5_.pdf
Medistep Healthcare Limited,MEDISTEP,NSE,2026-10-06T17:06:58,announcement,"Certificate under SEBI (Depositories and Participants) Regulations, 2018",,https://nsearchives.nseindia.com/corporate/MEDISTEP_06102026170612_Cover_Letter_with_Certficate.pdf
Apollo Tyres Limited,APOLLOTYRE,NSE,2026-10-06T17:06:53,announcement,Cessation,,https://nsearchives.nseindia.com/corporate/APOLLOTYRE1_06102026170644_intimationlettercfo.pdf
KKV Agro Powers Limited,KKVAPOW,NSE,2026-10-06T17:06:52,announcement,"Certificate under SEBI (Depositories and Participants) Regulations, 2018",,https://nsearchives.nseindia.com/corporate/KKVAPOW_06102026170602_certi_KKV_74_signed_final.pdf
Acutaas Chemicals Limited,ACUTAAS,NSE,2026-10-06T17:06:18,announcement,"Certificate under SEBI (Depositories and Participants) Regulations, 2018",,https://nsearchives.nseindia.com/corporate/AMIORG_06102026170605_Reg74300926swsigned.pdf
Zydus Lifesciences Limited,ZYDUSLIFE,NSE,2026-10-06T17:06:14,announcement,"Certificate under SEBI (Depositories and Participants) Regulations, 2018",,https://nsearchives.nseindia.com/corporate/Cadilahc_06102026170408_CertificateunderReg745.pdf
Pritika Engineering Components Limited,PRITIKA,NSE,2026-10-06T17:06:04,announcement,"Certificate under SEBI (Depositories and Participants) Regulations, 2018",,https://nsearchives.nseindia.com/corporate/PECL_06102026170544_Certificate74_5_RTAPECLSep302026.pdf
Dalmia Bharat Sugar and Industries Limited,DALMIASUG,NSE,2026-10-06T17:05:20,announcement,"Certificate under SEBI (Depositories and Participants) Regulations, 2018",,https://nsearchives.nseindia.com/corporate/DALMIACEM_06102026170505_Reg_74_5_.pdf
Om Power Transmission Limited,OMPOWER,NSE,2026-10-06T17:05:08,announcement,Bagging/Receiving of orders/contracts,,https://nsearchives.nseindia.com/corporate/OMPOWER_06102026170500_V0_Intimation_receipt_of_order.pdf
Tata Elxsi Limited,TATAELXSI,NSE,2026-10-06T17:04:33,announcement,Analysts/Institutional Investor Meet/Con. Call Updates,,https://nsearchives.nseindia.com/corporate/TELNSE_06102026170421_Analystcall_Intimation.pdf
Iware Supplychain Services Limited,IWARE,NSE,2026-10-06T17:04:20,announcement,"Certificate under SEBI (Depositories and Participants) Regulations, 2018",,https://nsearchives.nseindia.com/corporate/IWARE_06102026170346_Iware_Reg_74_5__of_DP_Act_Sep_2026.pdf
Indiabulls Limited,IBULLSLTD,NSE,2026-10-06T17:02:47,announcement,"Certificate under SEBI (Depositories and Participants) Regulations, 2018",,https://nsearchives.nseindia.com/corporate/YAARI_06102026170235_IBL_74_5__Compliance_30092026.pdf
Digicontent Limited,DGCONTENT,NSE,2026-10-06T17:02:42,announcement,ESOP/ESOS/ESPS,,https://nsearchives.nseindia.com/corporate/DGCONTENT_06102026170157_DCL_SX_discl_rsu_sd.pdf
Apollo Tyres Limited,APOLLOTYRE,NSE,2026-10-06T17:02:35,announcement,Resignation,,https://nsearchives.nseindia.com/corporate/APOLLOTYRE1_06102026170148_intimationlettercfo.pdf
MM Forgings Limited,MMFL,NSE,2026-10-06T17:01:38,announcement,"Certificate under SEBI (Depositories and Participants) Regulations, 2018",,https://nsearchives.nseindia.com/corporate/MMFL_06102026170048_Dematcertificate30092026sebidpregulations.pdf
Atlanta Electricals Limited,ATLANTAELE,NSE,2026-10-06T17:01:38,announcement,"Certificate under SEBI (Depositories and Participants) Regulations, 2018",,https://nsearchives.nseindia.com/corporate/ATLANTAIPO123_06102026170127_Certificate_under_Regulation745_30092026.pdf
Noida Toll Bridge Company Limited,NOIDATOLL,NSE,2026-10-06T17:00:55,announcement,"Certificate under SEBI (Depositories and Participants) Regulations, 2018",,https://nsearchives.nseindia.com/corporate/NOIDATOLL_06102026170032_Corporate_Announcement.pdf
Max Financial Services Limited,MFSL,NSE,2026-10-06T16:59:56,announcement,"Certificate under SEBI (Depositories and Participants) Regulations, 2018",,https://nsearchives.nseindia.com/corporate/Max_06102026165637_COM74_5_-MFSL-30092026.pdf
Talwalkars Better Value Fitness Limited,TALWALKARS,NSE,2026-10-06T16:59:44,announcement,Cessation,,https://nsearchives.nseindia.com/corporate/TALWALKARS1_06102026165901_Intimation_of_Resignation_06102026_Signed.pdf
TV Today Network Limited,TVTODAY,NSE,2026-10-06T16:59:11,announcement,"Certificate under SEBI (Depositories and Participants) Regulations, 2018",,https://nsearchives.nseindia.com/corporate/TVTODAY_06102026165823_SE_74_5_30092026.pdf
Veedol Corporation Limited,VEEDOL,NSE,2026-10-06T16:57:51,announcement,Resignation of Director/KMP/SMP,,https://nsearchives.nseindia.com/corporate/VEEDOL_ROID_99848_KMP_Doc.zip
Fertilizers and Chemicals Travancore Limited,FACT,NSE,2026-10-06T16:57:16,announcement,Cessation,,https://nsearchives.nseindia.com/corporate/FACT_06102026165643_230__NSE_DM_cessation_Addl_Charge.pdf
Dhara Rail Projects Limited,DHARARAIL,NSE,2026-10-06T16:57:15,announcement,"Certificate under SEBI (Depositories and Participants) Regulations, 2018",,https://nsearchives.nseindia.com/corporate/DHARA_06102026165702_Regulation_74_5__Sept_2026.pdf
Orient Electric Limited,ORIENTELEC,NSE,2026-10-06T16:57:05,announcement,"Certificate under SEBI (Depositories and Participants) Regulations, 2018",,https://nsearchives.nseindia.com/corporate/OEL_06102026165643_Reg74_5__30092026.pdf
EID Parry India Limited,EIDPARRY,NSE,2026-10-06T16:56:45,announcement,"Certificate under SEBI (Depositories and Participants) Regulations, 2018",,https://nsearchives.nseindia.com/corporate/EIDPARRY1_06102026165559_SEIntimationSd.pdf
Vardhman Special Steels Limited,VSSL,NSE,2026-10-06T16:55:34,announcement,"Certificate under SEBI (Depositories and Participants) Regulations, 2018",,https://nsearchives.nseindia.com/corporate/VSSL_06102026165453_vssl_sd.pdf
United Breweries Limited,UBL,NSE,2026-10-06T16:55:17,announcement,Pendency of Litigation(s)/dispute(s) or the outcome impacting the Company,,https://nsearchives.nseindia.com/corporate/UBLSJR_06102026165437_OutcomeofLitigation06102026.pdf
Punjab & Sind Bank,PSB,NSE,2026-10-06T16:55:07,announcement,Credit Rating,,https://nsearchives.nseindia.com/corporate/PSB_06102026165455_bsense06102026.pdf
Bodhi Tree Multimedia Limited,BTML,NSE,2026-10-06T16:54:08,announcement,Shareholders meeting,,https://nsearchives.nseindia.com/corporate/BTML_06102026165357_NOTICEBTML061026withcoverletter.pdf
Positron Energy Limited,POSITRON,NSE,2026-10-06T16:54:03,announcement,General Updates,,https://nsearchives.nseindia.com/corporate/POSITRON_06102026165235_Announcement_.pdf
JSW Cement Limited,JSWCEMENT,NSE,2026-10-06T16:52:51,announcement,General Updates,,https://nsearchives.nseindia.com/corporate/JSWCL_06102026165208_SE_Intimation_Final_DSC.pdf
Berger Paints (I) Limited,BERGEPAINT,NSE,2026-10-06T16:52:42,announcement,"Certificate under SEBI (Depositories and Participants) Regulations, 2018",,https://nsearchives.nseindia.com/corporate/PAINTBERGE_06102026165214_Reg_74_5__061026.pdf
InfoBeans Technologies Limited,INFOBEAN,NSE,2026-10-06T16:52:03,announcement,"Certificate under SEBI (Depositories and Participants) Regulations, 2018",,https://nsearchives.nseindia.com/corporate/INFOBEAN_06102026165139_Reg_74_5_-_Signed.pdf
Jash Engineering Limited,JASH,NSE,2026-10-06T16:51:30,announcement,Updates,,https://nsearchives.nseindia.com/corporate/JASH_06102026165009_JASHNEWSLETTER06102026.pdf
The Phoenix Mills Limited,PHOENIXLTD,NSE,2026-10-06T16:49:58,announcement,Copy of Newspaper Publication,,https://nsearchives.nseindia.com/corporate/PHOENIXLTD_06102026164925_PML_newspaper_06102026.pdf
Accuracy Shipping Limited,ACCURACY,NSE,2026-10-06T16:49:17,announcement,"Certificate under SEBI (Depositories and Participants) Regulations, 2018",,https://nsearchives.nseindia.com/corporate/ACCURACY_06102026164844_CertificateunderRegulation74Sep2026.pdf
Kross Limited,KROSS,NSE,2026-10-06T16:48:59,announcement,Analysts/Institutional Investor Meet/Con. Call Updates,,https://nsearchives.nseindia.com/corporate/8910457293_06102026164801_Reg_30_08102026_Intimation061026.pdf
Osia Hyper Retail Limited,OSIAHYPER,NSE,2026-10-06T16:48:02,announcement,Corporate Insolvency Resolution Process,,https://nsearchives.nseindia.com/corporate/OSIAHYPER_06102026164539_IntimationFormGOsia.pdf
Veedol Corporation Limited,VEEDOL,NSE,2026-10-06T16:47:37,announcement,Resignation,,https://nsearchives.nseindia.com/corporate/TIDEWATER1_06102026164710_MurliVasudevanResignation.pdf
Vardhman Textiles Limited,VTL,NSE,2026-10-06T16:47:24,announcement,"Certificate under SEBI (Depositories and Participants) Regulations, 2018",,https://nsearchives.nseindia.com/corporate/VTL_06102026164522_VTXL_sd.pdf
Indowind Energy Limited,INDOWIND,NSE,2026-10-06T16:46:49,announcement,Action(s) taken or orders passed,,https://nsearchives.nseindia.com/corporate/INDOWIND_06102026164635_re.pdf
Soma Textiles & Industries Limited,SOMATEX,NSE,2026-10-06T16:46:31,announcement,"Certificate under SEBI (Depositories and Participants) Regulations, 2018",,https://nsearchives.nseindia.com/corporate/SOMATEX_06102026164619_Certificate_under_regulation_74_5_of_SEBI_DP_Regulations_2018.pdf
Muthoot Microfin Limited,MUTHOOTMF,NSE,2026-10-06T16:46:10,announcement,Structural Digital Database,,https://nsearchives.nseindia.com/corporate/muthootmicrofin_06102026163646_SDDComplianceCertificateSeptember2026Sd.pdf
Mohit Industries Limited,MOHITIND,NSE,2026-10-06T16:45:45,announcement,"Certificate under SEBI (Depositories and Participants) Regulations, 2018",,https://nsearchives.nseindia.com/corporate/MOHITIND_06102026164526_REG7406102026.pdf
Meesho Limited,MEESHO,NSE,2026-10-06T16:44:10,announcement,"Certificate under SEBI (Depositories and Participants) Regulations, 2018",,https://nsearchives.nseindia.com/corporate/MEESHO_06102026164335_Meesho_-_Cover_letter_Regulation_74_5__Sep_30_2026.pdf
Agarwal Industrial Corporation Limited,AGARIND,NSE,2026-10-06T16:44:03,announcement,"Certificate under SEBI (Depositories and Participants) Regulations, 2018",,https://nsearchives.nseindia.com/corporate/AGARIND_06102026164208_Certicate_Final.pdf
Alphageo (India) Limited,ALPHAGEO,NSE,2026-10-06T16:43:39,announcement,"Certificate under SEBI (Depositories and Participants) Regulations, 2018",,https://nsearchives.nseindia.com/corporate/ALPHAGEO_06102026164316_Certificate_under_Regulation_74_5__of_the_SEBI_30092026.pdf
GLOBE ENTERPRISES (INDIA) LIMITED,GLOBE,NSE,2026-10-06T16:43:31,announcement,"Certificate under SEBI (Depositories and Participants) Regulations, 2018",,https://nsearchives.nseindia.com/corporate/GLOBE_06102026164156_CertificateunderRegulation74_5_Signed.pdf
CARYSIL LIMITED,CARYSIL,NSE,2026-10-06T16:43:12,announcement,"Certificate under SEBI (Depositories and Participants) Regulations, 2018",,https://nsearchives.nseindia.com/corporate/ACRYSIL_06102026164232_Reg74_5_.pdf
Equitas Small Finance Bank Limited,EQUITASBNK,NSE,2026-10-06T16:42:59,announcement,Allotment of Securities,,https://nsearchives.nseindia.com/corporate/EQUITASBNK_06102026164238_ESOPallotmentOct026.pdf
Vardhman Holdings Limited,VHL,NSE,2026-10-06T16:42:54,announcement,"Certificate under SEBI (Depositories and Participants) Regulations, 2018",,https://nsearchives.nseindia.com/corporate/VHL_06102026164208_VHL_Reg74_5__sd.pdf
Graphite India Limited,GRAPHITE,NSE,2026-10-06T16:42:01,announcement,"Certificate under SEBI (Depositories and Participants) Regulations, 2018",,https://nsearchives.nseindia.com/corporate/GILKOLKATA_06102026164141_20261006_SE_74_5_.pdf
Greenply Industries Limited,GREENPLY,NSE,2026-10-06T16:41:16,announcement,"Certificate under SEBI (Depositories and Participants) Regulations, 2018",,https://nsearchives.nseindia.com/corporate/GREEN_06102026164106_Reg_74_5__30092026_GIL.pdf
Integrity Infrabuild Developers Limited,INTEGRITY,NSE,2026-10-06T16:40:40,announcement,"Certificate under SEBI (Depositories and Participants) Regulations, 2018",,https://nsearchives.nseindia.com/corporate/INTEGRITY_06102026164012_Certificate-1_Final.pdf
Dynamic Services & Security Limited,DYNAMIC,NSE,2026-10-06T16:40:22,announcement,Awarding of order(s)/contract(s),,https://nsearchives.nseindia.com/corporate/DYNAMIC_06102026164014_Intimation_Bharat_Battery_06_Oct.pdf
HCL Technologies Limited,HCLTECH,NSE,2026-10-06T16:38:19,announcement,Updates,,https://nsearchives.nseindia.com/corporate/HCLTECH_06102026163758_Release6October2026_2.pdf
Augmont Enterprises Limited,AUGMONT,NSE,2026-10-06T16:38:15,announcement,"Certificate under SEBI (Depositories and Participants) Regulations, 2018",,https://nsearchives.nseindia.com/corporate/AEL2012_06102026163757_AELintimationunderReg74_5_ofDPregulationsSigned.pdf
NLC India Limited,NLCINDIA,NSE,2026-10-06T16:35:24,announcement,Updates,,https://nsearchives.nseindia.com/corporate/NLCINDIA_06102026163448_SE_IntimationFurnishing_of_Board_comments_dt05092026.pdf
Lokesh Machines Limited,LOKESHMACH,NSE,2026-10-06T16:34:31,announcement,"Certificate under SEBI (Depositories and Participants) Regulations, 2018",,https://nsearchives.nseindia.com/corporate/LOKESHMACH_06102026163024_final.pdf
Rushil Decor Limited,RUSHIL,NSE,2026-10-06T16:33:35,announcement,"Certificate under SEBI (Depositories and Participants) Regulations, 2018",,https://nsearchives.nseindia.com/corporate/RUSHIL_06102026163319_Reg_74_5__Final_Letter.pdf
DiGiSPICE Technologies Limited,DIGISPICE,NSE,2026-10-06T16:33:06,announcement,"Certificate under SEBI (Depositories and Participants) Regulations, 2018",,https://nsearchives.nseindia.com/corporate/DIGISPICE_06102026163248_STX_Intimationunderreg74.pdf
CEAT Limited,CEATLTD,NSE,2026-10-06T16:31:27,announcement,Loss of Share Certificates,,https://nsearchives.nseindia.com/corporate/CEATLTD_06102026162956_SELossIntimationOct062026signed.pdf
Capital Small Finance Bank Limited,CAPITALSFB,NSE,2026-10-06T16:30:50,announcement,ESOP/ESOS/ESPS,,https://nsearchives.nseindia.com/corporate/CAPITALSFB_06102026163039_IntimationofallotmentofESOP-signed.pdf
RSWM Limited,RSWM,NSE,2026-10-06T16:30:30,announcement,"Certificate under SEBI (Depositories and Participants) Regulations, 2018",,https://nsearchives.nseindia.com/corporate/RSWM_06102026163019_covering.pdf
Finkurve Financial Services Limited,FINKURVE,NSE,2026-10-06T16:30:20,announcement,Updates,,https://nsearchives.nseindia.com/corporate/FINKURVE_06102026163001_Certificateupload.pdf
Equitas Small Finance Bank Limited,EQUITASBNK,NSE,2026-10-06T16:30:16,announcement,"Certificate under SEBI (Depositories and Participants) Regulations, 2018",,https://nsearchives.nseindia.com/corporate/EQUITASBNK_06102026162949_ESFBCertificateunderReg74_5_.pdf
Aaron Industries Limited,AARON,NSE,2026-10-06T16:29:46,announcement,"Certificate under SEBI (Depositories and Participants) Regulations, 2018",,https://nsearchives.nseindia.com/corporate/AARON_06102026162931_CertificateReg74_5.pdf
Capital Small Finance Bank Limited,CAPITALSFB,NSE,2026-10-06T16:29:39,announcement,ESOP/ESOS/ESPS,,https://nsearchives.nseindia.com/corporate/CAPITALSFB_06102026162928_IntimationofallotmentofESOP-signed.pdf
Ind-Swift Laboratories Limited,INDSWFTLAB,NSE,2026-10-06T16:28:28,announcement,Copy of Newspaper Publication,,https://nsearchives.nseindia.com/corporate/INDSWFTLAB_06102026162753_Intimation_Oct2026.pdf
Diamond Power Infrastructure Limited,DIACABS,NSE,2026-10-06T16:28:28,announcement,Updates,,https://nsearchives.nseindia.com/corporate/DIACABS_06102026162713_ClarificationtoBSE.pdf
Capital Small Finance Bank Limited,CAPITALSFB,NSE,2026-10-06T16:28:04,announcement,Committee Meeting Updates,,https://nsearchives.nseindia.com/corporate/CAPITALSFB_06102026162752_IntimationofallotmentofESOP-signed.pdf
Slone Infosystems Limited,SLONE,NSE,2026-10-06T16:27:54,announcement,General Updates,,https://nsearchives.nseindia.com/corporate/sloneinfo_06102026162241_Regulation_30-Intimation_of_Appointment_of_IR_Consultant.pdf
United Heat Transfer Limited,UHTL,NSE,2026-10-06T16:26:42,announcement,Pendency of Litigation(s)/dispute(s) or the outcome impacting the Company,,https://nsearchives.nseindia.com/corporate/UNITEDHEAT_06102026162621_UHTL_Reporting_of_GST_Notice-_06102026.pdf
Magadh Sugar & Energy Limited,MAGADSUGAR,NSE,2026-10-06T16:25:57,announcement,"Certificate under SEBI (Depositories and Participants) Regulations, 2018",,https://nsearchives.nseindia.com/corporate/MAGADSUGAR_06102026162549_Msel_745_Sep26.pdf
Oswal Agro Mills Limited,OSWALAGRO,NSE,2026-10-06T16:24:48,announcement,"Certificate under SEBI (Depositories and Participants) Regulations, 2018",,https://nsearchives.nseindia.com/corporate/OSWALAGRO_06102026162434_Regulation_74_5__intimation_Signed.pdf
Oswal Greentech Limited,OSWALGREEN,NSE,2026-10-06T16:24:44,announcement,"Certificate under SEBI (Depositories and Participants) Regulations, 2018",,https://nsearchives.nseindia.com/corporate/BINDALAGRO_06102026162424_Intimation_74_5_.pdf
Angel One Limited,ANGELONE,NSE,2026-10-06T16:23:55,announcement,ESOP/ESOS/ESPS,,https://nsearchives.nseindia.com/corporate/ANGEL8896_06102026162327_October062026_Intimation_of_grants.pdf
Karur Vysya Bank Limited,KARURVYSYA,NSE,2026-10-06T16:21:35,announcement,Copy of Newspaper Publication,,https://nsearchives.nseindia.com/corporate/KARURVYSYA_06102026162124_Intimation_DSC.pdf
AWL Agri Business Limited,AWL,NSE,2026-10-06T16:21:10,announcement,"Certificate under SEBI (Depositories and Participants) Regulations, 2018",,https://nsearchives.nseindia.com/corporate/AWL_06102026162057_SE_74.pdf
Hisar Metal Industries Limited,HISARMETAL,NSE,2026-10-06T16:21:09,announcement,Updates,,https://nsearchives.nseindia.com/corporate/HISARMETAL_06102026162045_MergedReportSep2026.pdf
Star Paper Mills Limited,STARPAPER,NSE,2026-10-06T16:20:33,announcement,"Certificate under SEBI (Depositories and Participants) Regulations, 2018",,https://nsearchives.nseindia.com/corporate/STARPAPER_06102026162012_cert74_5_30thsept2026.pdf
Fabtech Technologies Limited,FABTECH,NSE,2026-10-06T16:19:14,announcement,"Certificate under SEBI (Depositories and Participants) Regulations, 2018",,https://nsearchives.nseindia.com/corporate/FABTECH_06102026161727_Intimation_Signed.pdf
Waaree Energies Limited,WAAREEENER,NSE,2026-10-06T16:16:46,announcement,"Certificate under SEBI (Depositories and Participants) Regulations, 2018",,https://nsearchives.nseindia.com/corporate/WAAREE_06102026161638_Regulation74_5__signed.pdf
Softtech Engineers Limited,SOFTTECH,NSE,2026-10-06T16:16:44,announcement,"Certificate under SEBI (Depositories and Participants) Regulations, 2018",,https://nsearchives.nseindia.com/corporate/SOFTTECH_06102026161636_Disclosure_Regulation_74_5__Sept2026.pdf
Bodal Chemicals Limited,BODALCHEM,NSE,2026-10-06T16:16:15,announcement,"Certificate under SEBI (Depositories and Participants) Regulations, 2018",,https://nsearchives.nseindia.com/corporate/BODALCHEM_06102026161506_Bodal_Chem_06_10-2026_Reg_74_5.pdf
Usha Martin Education & Solutions Limited,UMESLTD,NSE,2026-10-06T16:15:25,announcement,"Certificate under SEBI (Depositories and Participants) Regulations, 2018",,https://nsearchives.nseindia.com/corporate/UMESLTD_06102026161518_74_5_Covering.pdf
Angel One Limited,ANGELONE,NSE,2026-10-06T16:14:29,announcement,Record Date,,https://nsearchives.nseindia.com/corporate/ANGEL8896_06102026161317_October062026_Prior_intimation_of_dividend.pdf
Clay Craft India Limited,CLAYCRAFT,NSE,2026-10-06T16:12:36,announcement,Analysts/Institutional Investor Meet/Con. Call Updates,,https://nsearchives.nseindia.com/corporate/CLAYCRAFT_06102026161145_OutcomeofInvestorMeet06102026.pdf
Kalana Ispat Limited,KALANA,NSE,2026-10-06T16:10:33,announcement,Updates,,https://nsearchives.nseindia.com/corporate/KALANA_06102026161025_Signed_non_applicability_of_CG.pdf
Kalana Ispat Limited,KALANA,NSE,2026-10-06T16:08:55,announcement,"Certificate under SEBI (Depositories and Participants) Regulations, 2018",,https://nsearchives.nseindia.com/corporate/KALANA_06102026160844_Signed_Certificate_under_Reg_74_5_.pdf
Avadh Sugar & Energy Limited,AVADHSUGAR,NSE,2026-10-06T16:08:05,announcement,"Certificate under SEBI (Depositories and Participants) Regulations, 2018",,https://nsearchives.nseindia.com/corporate/AVADHSUGAR_06102026160446_Asel_745_Sep26.pdf
Talwalkars Better Value Fitness Limited,TALWALKARS,NSE,2026-10-06T16:08:01,announcement,Resignation of Director/KMP/SMP,,https://nsearchives.nseindia.com/corporate/TALWALKARS_ROID_99842_KMP_Doc.zip
Godrej Consumer Products Limited,GODREJCP,NSE,2026-10-06T16:07:46,announcement,Press Release,,https://nsearchives.nseindia.com/corporate/GODREJCP_06102026160659_SE_signed.pdf
The Peria Karamalai Tea & Produce Company Limited,PKTEA,NSE,2026-10-06T16:07:45,announcement,Shareholders meeting,,https://nsearchives.nseindia.com/corporate/PKTEA_06102026160700_AGMMINUTES2026PKTEA.pdf
Salasar Techno Engineering Limited,SALASAR,NSE,2026-10-06T16:07:43,announcement,Trading Window,,https://nsearchives.nseindia.com/corporate/SALASAR_06102026160736_Intimation_Closure_of_Trading_Window.pdf
Kapston Services Limited,KAPSTON,NSE,2026-10-06T16:06:56,announcement,"Certificate under SEBI (Depositories and Participants) Regulations, 2018",,https://nsearchives.nseindia.com/corporate/KAPSTON_06102026160642_KSL74FINAL.pdf
DB (International) Stock Brokers Limited,DBSTOCKBRO,NSE,2026-10-06T16:05:54,announcement,"Certificate under SEBI (Depositories and Participants) Regulations, 2018",,https://nsearchives.nseindia.com/corporate/DBSTOCKBRO_06102026160528_Reg74certificate06102026.pdf
Hexaware Technologies Limited,HEXT,NSE,2026-10-06T16:05:30,announcement,Updates,,https://nsearchives.nseindia.com/corporate/HEXAWARETECH_06102026160515_Press_Release.pdf
Rico Auto Industries Limited,RICOAUTO,NSE,2026-10-06T16:04:17,announcement,"Certificate under SEBI (Depositories and Participants) Regulations, 2018",,https://nsearchives.nseindia.com/corporate/RICOAUTO_06102026160342_Regulation_74.pdf
Ratnamani Metals & Tubes Limited,RATNAMANI,NSE,2026-10-06T16:04:10,announcement,Copy of Newspaper Publication,,https://nsearchives.nseindia.com/corporate/RATNAMANI_06102026160402_RMTLNEWSPAPER06102026.pdf
Radico Khaitan Limited,RADICO,NSE,2026-10-06T16:03:28,announcement,"Certificate under SEBI (Depositories and Participants) Regulations, 2018",,https://nsearchives.nseindia.com/corporate/RADICO_06102026160244_dpregulation.pdf
E2E Networks Limited,E2E,NSE,2026-10-06T16:01:42,announcement,"Certificate under SEBI (Depositories and Participants) Regulations, 2018",,https://nsearchives.nseindia.com/corporate/E2E_06102026160132_Signed_74_5__Certificate.pdf
Marsons Limited,MARSONS,NSE,2026-10-06T16:01:07,announcement,Press Release,,https://nsearchives.nseindia.com/corporate/MARSONS_06102026160040_Marsons_Press_Release_Filing_signed.pdf
REC Limited,RECLTD,NSE,2026-10-06T16:00:35,announcement,"Certificate under SEBI (Depositories and Participants) Regulations, 2018",,https://nsearchives.nseindia.com/corporate/RECLTD_06102026160017_Signed_Certificate_under_Regulation74.pdf
Baid Finserv Limited,BAIDFIN,NSE,2026-10-06T16:00:22,announcement,"Certificate under SEBI (Depositories and Participants) Regulations, 2018",,https://nsearchives.nseindia.com/corporate/20121991_06102026155852_Intimation.pdf
Docmode Health Technologies Limited,DHTL,NSE,2026-10-06T16:00:02,announcement,Updates,,https://nsearchives.nseindia.com/corporate/DOCMODE_06102026155948_IntimationtoSEunderReg29SAST_Doctrack.pdf
Camlin Fine Sciences Limited,CAMLINFINE,NSE,2026-10-06T15:58:41,announcement,"Certificate under SEBI (Depositories and Participants) Regulations, 2018",,https://nsearchives.nseindia.com/corporate/CAMLINFINE_06102026155806_74_5__DP_Compliance_Certificate_Sept_2026.pdf
Marsons Limited,MARSONS,NSE,2026-10-06T15:58:16,announcement,Outcome of Board Meeting,,https://nsearchives.nseindia.com/corporate/MARSONS_06102026155731_Marsons_Board_Meeting_Outcome_signed.pdf
Modi Naturals Limited,MODINATUR,NSE,2026-10-06T15:58:11,announcement,Updates,,https://nsearchives.nseindia.com/corporate/MODINATURALS_06102026155802_Final_Initmation.pdf
Docmode Health Technologies Limited,DHTL,NSE,2026-10-06T15:56:49,announcement,Updates,,https://nsearchives.nseindia.com/corporate/DOCMODE_06102026155637_IntimationStockexchangeunderReg29SAST_Doctrack.pdf
KSH International Limited,KSHINTL,NSE,2026-10-06T15:56:39,announcement,"Certificate under SEBI (Depositories and Participants) Regulations, 2018",,https://nsearchives.nseindia.com/corporate/INTERNATIONAL_06102026155514_KSH_Intimation_under_Reg-74_5__signed.pdf
Gujarat State Fertilizers & Chemicals Limited,GSFC,NSE,2026-10-06T15:55:55,announcement,"Certificate under SEBI (Depositories and Participants) Regulations, 2018",,https://nsearchives.nseindia.com/corporate/GSFC_06102026155533_Certi74DP30092026.pdf
Akme Fintrade (India) Limited,AFIL,NSE,2026-10-06T15:54:45,announcement,Granting/withdrawal/surrender/cancellation/suspension of key licenses/ regulatory approvals,,https://nsearchives.nseindia.com/corporate/AKMEFINTRADE_06102026155353_Intimation_sss.pdf
Linde India Limited,LINDEINDIA,NSE,2026-10-06T15:54:19,announcement,"Certificate under SEBI (Depositories and Participants) Regulations, 2018",,https://nsearchives.nseindia.com/corporate/LINDEINDIA1_06102026155403_Linde_India_Certificate_under_Reg_74_5_30092026.pdf
Nitco Limited,NITCO,NSE,2026-10-06T15:53:58,announcement,"Certificate under SEBI (Depositories and Participants) Regulations, 2018",,https://nsearchives.nseindia.com/corporate/NITCO_06102026155346_Reg74_5__Compliancecertificate_30092026.pdf
Docmode Health Technologies Limited,DHTL,NSE,2026-10-06T15:53:51,announcement,Updates,,https://nsearchives.nseindia.com/corporate/DOCMODE_06102026155340_IntimationStockexchangeunderReg29SAST_Doctrack.pdf
Garden Reach Shipbuilders & Engineers Limited,GRSE,NSE,2026-10-06T15:53:42,announcement,Change in Director(s),,https://nsearchives.nseindia.com/corporate/GRSE_06102026155258_Appointment_of_2_Independent_Directors_on_the_Board_of_GRSE.pdf
L&T Finance Limited,LTF,NSE,2026-10-06T15:53:02,announcement,Analysts/Institutional Investor Meet/Con. Call Updates,,https://nsearchives.nseindia.com/corporate/ltfinance_06102026155216_NSEBSEINTIMATION.pdf
Deem Roll Tech Limited,DEEM,NSE,2026-10-06T15:52:40,announcement,Structural Digital Database,,https://nsearchives.nseindia.com/corporate/DEEM123_06102026155112_SDD_Compliance_Certificate_Sep_26_Deem_Roll_Tech_Limited.pdf
Deepa Jewellers Limited,DEEPA,NSE,2026-10-06T15:52:08,announcement,"Certificate under SEBI (Depositories and Participants) Regulations, 2018",,https://nsearchives.nseindia.com/corporate/DEEPA_06102026155148_INTIMATION.pdf
Quick Heal Technologies Limited,QUICKHEAL,NSE,2026-10-06T15:52:05,announcement,"Certificate under SEBI (Depositories and Participants) Regulations, 2018",,https://nsearchives.nseindia.com/corporate/QUICKHEAL_06102026155159_DepositoryCertificate.pdf
The Investment Trust Of India Limited,THEINVEST,NSE,2026-10-06T15:50:58,announcement,"Certificate under SEBI (Depositories and Participants) Regulations, 2018",,https://nsearchives.nseindia.com/corporate/THEINVEST_06102026155047_TITIL_Cert_RTA_Reg74_5__Sept26.pdf
Markolines Pavement Technologies Limited,MARKOLINES,NSE,2026-10-06T15:48:27,announcement,"Certificate under SEBI (Depositories and Participants) Regulations, 2018",,https://nsearchives.nseindia.com/corporate/MPTL2002_06102026154806_MPTL74_5_CERTIFICATESEPT26.pdf
GOCL Corporation Limited,GOCLCORP,NSE,2026-10-06T15:47:41,announcement,"Certificate under SEBI (Depositories and Participants) Regulations, 2018",,https://nsearchives.nseindia.com/corporate/GULFCORP_06102026154554_Reg74ComplianceCertificate30092026_Signed.pdf
Prizor Viztech Limited,PRIZOR,NSE,2026-10-06T15:47:10,announcement,Press Release,,https://nsearchives.nseindia.com/corporate/PRIZOR_06102026154702_Letter.pdf
Bharat Petroleum Corporation Limited,BPCL,NSE,2026-10-06T15:47:04,announcement,"Certificate under SEBI (Depositories and Participants) Regulations, 2018",,https://nsearchives.nseindia.com/corporate/BPCL26_06102026154621_stexintimation745s.pdf
Adani Green Energy Limited,ADANIGREEN,NSE,2026-10-06T15:46:16,announcement,"Certificate under SEBI (Depositories and Participants) Regulations, 2018",,https://nsearchives.nseindia.com/corporate/ADANIGREEN_06102026154603_Letter.pdf
Forge Auto International Limited,FORGEAUTO,NSE,2026-10-06T15:45:15,announcement,General Updates,,https://nsearchives.nseindia.com/corporate/FORGEAUTO_06102026154505_FAI_submission.pdf
Gyftr Limited,GYFTR,NSE,2026-10-06T15:45:11,announcement,"Certificate under SEBI (Depositories and Participants) Regulations, 2018",,https://nsearchives.nseindia.com/corporate/GYFTR_06102026154435_Intimation_Sep_26.pdf
Remsons Industries Limited,REMSONSIND,NSE,2026-10-06T15:43:54,announcement,Demise,,https://nsearchives.nseindia.com/corporate/REMSONSIND_06102026154212_Intimation_of_demise_of_Mr_Rahul_Kejriwal.pdf
Saregama India Limited,SAREGAMA,NSE,2026-10-06T15:42:33,announcement,Copy of Newspaper Publication,,https://nsearchives.nseindia.com/corporate/SAREGAMA_06102026154150_Cover_Letter.pdf
Sai Silks (Kalamandir) Limited,KALAMANDIR,NSE,2026-10-06T15:42:12,announcement,General Updates,,https://nsearchives.nseindia.com/corporate/SSKL_06102026154108_SSKL_IR_Agency_Appointment.pdf
Vaswani Industries Limited,VASWANI,NSE,2026-10-06T15:42:08,announcement,"Certificate under SEBI (Depositories and Participants) Regulations, 2018",,https://nsearchives.nseindia.com/corporate/VASWANI_06102026154200_VIL_REG_74.pdf
Veegaland Developers Limited,VEEGALAND,NSE,2026-10-06T15:41:59,announcement,Press Release,,https://nsearchives.nseindia.com/corporate/VEEGALAND_06102026154146_Press_Release.pdf
Artemis Medicare Services Limited,ARTEMISMED,NSE,2026-10-06T15:41:55,announcement,"Certificate under SEBI (Depositories and Participants) Regulations, 2018",,https://nsearchives.nseindia.com/corporate/ARTEMISMED_06102026153906_Reg_74_5_Sept_2026.pdf
KNR Constructions Limited,KNRCON,NSE,2026-10-06T15:40:38,announcement,"Certificate under SEBI (Depositories and Participants) Regulations, 2018",,https://nsearchives.nseindia.com/corporate/KNRCON_06102026154013_Reg74.pdf
KRM Ayurveda Limited,KRMAYURVED,NSE,2026-10-06T15:40:13,announcement,Updates,,https://nsearchives.nseindia.com/corporate/KRMIPO_06102026153646_STX_Intimation_letter_Ghaziabad.pdf
JINDAL STEEL LIMITED,JINDALSTEL,NSE,2026-10-06T15:40:12,announcement,Copy of Newspaper Publication,,https://nsearchives.nseindia.com/corporate/JINDALSTEL_06102026153956_STX_061026.pdf
MphasiS Limited,MPHASIS,NSE,2026-10-06T15:39:33,announcement,Press Release,,https://nsearchives.nseindia.com/corporate/MPHASIS_06102026153914_Press_Release-6_October_2026_Sd.pdf
The India Cements Limited,INDIACEM,NSE,2026-10-06T15:39:27,announcement,"Certificate under SEBI (Depositories and Participants) Regulations, 2018",,https://nsearchives.nseindia.com/corporate/INDIACEM_06102026153904_SEsltrdt74530092026sd.pdf
Bajaj Consumer Care Limited,BAJAJCON,NSE,2026-10-06T15:38:43,announcement,"Certificate under SEBI (Depositories and Participants) Regulations, 2018",,https://nsearchives.nseindia.com/corporate/BAJAJCON_06102026153819_Exchanges_74_5.pdf
IL&FS Engineering and Construction Company Limited,IL&FSENGG,NSE,2026-10-06T15:38:19,announcement,General Updates,,https://nsearchives.nseindia.com/corporate/IL_FSENGG_06102026153802_Resolution_update_Disclosure.pdf
Indian Railway Catering And Tourism Corporation Limited,IRCTC,NSE,2026-10-06T15:37:55,announcement,"Certificate under SEBI (Depositories and Participants) Regulations, 2018",,https://nsearchives.nseindia.com/corporate/IRCTC_06102026153740_STXIntimationREG74_30092026.pdf
Innovana Thinklabs Limited,INNOVANA,NSE,2026-10-06T15:37:06,announcement,"Certificate under SEBI (Depositories and Participants) Regulations, 2018",,https://nsearchives.nseindia.com/corporate/INNOVANA_06102026153420_Certificate_under_reg_74_5_.pdf
Gujarat Narmada Valley Fertilizers and Chemicals Limited,GNFC,NSE,2026-10-06T15:36:56,announcement,General Updates,,https://nsearchives.nseindia.com/corporate/rajeshpillai8741_06102026153417_Postal_Ballot_NP_Signed.pdf
Kirloskar Oil Engines Limited,KIRLOSENG,NSE,2026-10-06T15:35:14,announcement,Copy of Newspaper Publication,,https://nsearchives.nseindia.com/corporate/KIRLOSENG_06102026153456_SE_Newspaperpublication_6Oct26.pdf
Intrasoft Technologies Limited,ISFT,NSE,2026-10-06T15:34:57,announcement,"Certificate under SEBI (Depositories and Participants) Regulations, 2018",,https://nsearchives.nseindia.com/corporate/ISFT_06102026153429_Reg74.pdf
Indian Metals & Ferro Alloys Limited,IMFA,NSE,2026-10-06T15:33:39,announcement,Outcome of Board Meeting,,https://nsearchives.nseindia.com/corporate/IMFA_06102026153325_Res_Circulation.pdf
KRN Heat Exchanger and Refrigeration Limited,KRN,NSE,2026-10-06T15:32:33,announcement,"Certificate under SEBI (Depositories and Participants) Regulations, 2018",,https://nsearchives.nseindia.com/corporate/KRNHEAT_06102026153224_certificatertasigned.pdf
Sellowrap Industries Limited,SELLOWRAP,NSE,2026-10-06T15:32:20,announcement,"Certificate under SEBI (Depositories and Participants) Regulations, 2018",,https://nsearchives.nseindia.com/corporate/SELLOWRAPINC_06102026153212_Disclosure_74_5__final.pdf
DCB Bank Limited,DCBBANK,NSE,2026-10-06T15:31:03,announcement,"Certificate under SEBI (Depositories and Participants) Regulations, 2018",,https://nsearchives.nseindia.com/corporate/ujwal727_06102026153039_BSENSEConfirmationFromRTADPReg74530092026.pdf
Bliss GVS Pharma Limited,BLISSGVS,NSE,2026-10-06T15:31:00,announcement,"Certificate under SEBI (Depositories and Participants) Regulations, 2018",,https://nsearchives.nseindia.com/corporate/BLISSGVS_06102026153052_Regualation74_5_30092026.pdf
Kakatiya Cement Sugar & Industries Limited,KAKATCEM,NSE,2026-10-06T15:30:25,announcement,General Updates,,https://nsearchives.nseindia.com/corporate/KAKATCEM_06102026153012_RELOD30092026.pdf
Gujarat Narmada Valley Fertilizers and Chemicals Limited,GNFC,NSE,2026-10-06T15:30:23,announcement,Copy of Newspaper Publication,,https://nsearchives.nseindia.com/corporate/rajeshpillai8741_06102026152929_Postal_Ballot_NP_Signed.pdf
GKW Limited,GKWLIMITED,NSE,2026-10-06T15:30:08,announcement,"Certificate under SEBI (Depositories and Participants) Regulations, 2018",,https://nsearchives.nseindia.com/corporate/GKWLIMITED_06102026152952_GKWLIMITED_NSE_Certificate_Under_Regulation_74_5_.pdf
GHCL Textiles Limited,GHCLTEXTIL,NSE,2026-10-06T15:29:39,announcement,"Certificate under SEBI (Depositories and Participants) Regulations, 2018",,https://nsearchives.nseindia.com/corporate/GHCLTEXTILES_06102026152929_GHCL_Textiles_FY2026_27Q2_SE_Reg_74_06062026.pdf
Shree Tirupati Balajee Agro Trading Company Limited,BALAJEE,NSE,2026-10-06T15:29:36,announcement,Shareholders meeting,,https://nsearchives.nseindia.com/corporate/SHREETIRUPATI_06102026152928_SELETTERWITHMINUTES.pdf
Kakatiya Cement Sugar & Industries Limited,KAKATCEM,NSE,2026-10-06T15:28:59,announcement,"Certificate under SEBI (Depositories and Participants) Regulations, 2018",,https://nsearchives.nseindia.com/corporate/KAKATCEM_06102026152847_CCR74530092026.pdf
Parth Electricals & Engineering Limited,PARTH,NSE,2026-10-06T15:28:34,announcement,"Certificate under SEBI (Depositories and Participants) Regulations, 2018",,https://nsearchives.nseindia.com/corporate/PARTH_06102026152758_Reg_74_5_-Certificate_from_depository_SIGNED.pdf
Kabra Extrusion Technik Limited,KABRAEXTRU,NSE,2026-10-06T15:28:20,announcement,General Updates,,https://nsearchives.nseindia.com/corporate/KABRAEXTRU_06102026152752_Kabra_Reg30_Intimation_Geon_International_FZ-LLC.pdf
Thomas Cook  (India)  Limited,THOMASCOOK,NSE,2026-10-06T15:27:48,announcement,"Certificate under SEBI (Depositories and Participants) Regulations, 2018",,https://nsearchives.nseindia.com/corporate/THOMASCOOK_06102026152417_Stock_Exchange_Intimation_-_Compliance_Certificate.pdf
Mukka Proteins Limited,MUKKA,NSE,2026-10-06T15:26:23,announcement,Granting/withdrawal/surrender/cancellation/suspension of key licenses/ regulatory approvals,,https://nsearchives.nseindia.com/corporate/MUKKA_06102026152536_Intimation_of_NOP_Attestation.pdf
Indegene Limited,INDGN,NSE,2026-10-06T15:25:20,announcement,Press Release,,https://nsearchives.nseindia.com/corporate/INDEGENE_06102026152458_tofile06102026PressRelease.pdf
ICICI Prudential Life Insurance Company Limited,ICICIPRULI,NSE,2026-10-06T15:24:42,announcement,ESOP/ESOS/ESPS,,https://nsearchives.nseindia.com/corporate/ICICIPRULI_06102026152404_SE_Intimation_Oct_6_2026.pdf
Cohance Lifesciences Limited,COHANCE,NSE,2026-10-06T15:24:08,announcement,General Updates,,https://nsearchives.nseindia.com/corporate/SUVENPHARMROHIT_06102026152353_Cohance_Crisil_ESG_Rating_6Oct2026.pdf
Alembic Pharmaceuticals Limited,APLLTD,NSE,2026-10-06T15:24:07,announcement,"Certificate under SEBI (Depositories and Participants) Regulations, 2018",,https://nsearchives.nseindia.com/corporate/APLLTD_06102026152350_Certificate-74_5_-BSE-NSE-signed.pdf
Union Bank of India,UNIONBANK,NSE,2026-10-06T15:23:27,announcement,"Certificate under SEBI (Depositories and Participants) Regulations, 2018",,https://nsearchives.nseindia.com/corporate/UNIONBANK_06102026152315_Regulation_74_5_.pdf
Responsive Industries Limited,RESPONIND,NSE,2026-10-06T15:22:58,announcement,"Certificate under SEBI (Depositories and Participants) Regulations, 2018",,https://nsearchives.nseindia.com/corporate/RESPONIND_06102026152240_Reg74_5_Sept2026RIL.pdf
NELCO Limited,NELCO,NSE,2026-10-06T15:20:33,announcement,"Certificate under SEBI (Depositories and Participants) Regulations, 2018",,https://nsearchives.nseindia.com/corporate/NELCO_06102026152014_Regulation74_5_.pdf
Gujarat Alkalies and Chemicals Limited,GUJALKALI,NSE,2026-10-06T15:19:49,announcement,"Certificate under SEBI (Depositories and Participants) Regulations, 2018",,https://nsearchives.nseindia.com/corporate/JAXESH_ZAVERI_06102026151939_Reg74.pdf
Apar Industries Limited,APARINDS,NSE,2026-10-06T15:17:38,announcement,"Certificate under SEBI (Depositories and Participants) Regulations, 2018",,https://nsearchives.nseindia.com/corporate/APARINDS_06102026151653_SubmissionofCertificateunderReg74_5_.pdf
Sula Vineyards Limited,SULA,NSE,2026-10-06T15:16:33,announcement,"Certificate under SEBI (Depositories and Participants) Regulations, 2018",,https://nsearchives.nseindia.com/corporate/SULA_06102026151621_SE_Intimation_74__5_.pdf
Sona BLW Precision Forgings Limited,SONACOMS,NSE,2026-10-06T15:16:06,announcement,Rescission/termination(s),,https://nsearchives.nseindia.com/corporate/SONACOMS_06102026151541_Intimation.pdf
Fusion Finance Limited,FUSION,NSE,2026-10-06T15:15:58,announcement,Updates,,https://nsearchives.nseindia.com/corporate/FUSIONHO_06102026151549_Intimation_Details_Compliance_Officer_and_RTA_September26_SIGN.pdf
Craftsman Automation Limited,CRAFTSMAN,NSE,2026-10-06T15:15:11,announcement,Action(s) taken or orders passed,,https://nsearchives.nseindia.com/corporate/CRAFTSMAN_06102026151456_Intimationorderpassed.pdf
ANDHRA PAPER LIMITED,ANDHRAPAP,NSE,2026-10-06T15:13:54,announcement,"Certificate under SEBI (Depositories and Participants) Regulations, 2018",,https://nsearchives.nseindia.com/corporate/ANDHRAPAP_06102026151331_74_5_.pdf
Steamhouse India Limited,STEAMHOUSE,NSE,2026-10-06T15:12:21,announcement,Analysts/Institutional Investor Meet/Con. Call Updates,,https://nsearchives.nseindia.com/corporate/CAVAIBHAVGATTANI_06102026151156_Earning_Call_-_Audio_recording.pdf
Tata Motors Passenger Vehicles Limited,TMPV,NSE,2026-10-06T15:12:21,announcement,General Updates,,https://nsearchives.nseindia.com/corporate/TATAMOTORSSJS_06102026151209_NSEBSESIAM.pdf
Nilkamal Limited,NILKAMAL,NSE,2026-10-06T15:11:31,announcement,Updates,,https://nsearchives.nseindia.com/corporate/NILKAMAL_06102026151004_SE_Letter.pdf
Easy Trip Planners Limited,EASEMYTRIP,NSE,2026-10-06T15:08:43,announcement,"Certificate under SEBI (Depositories and Participants) Regulations, 2018",,https://nsearchives.nseindia.com/corporate/EASEMYTRIP_06102026150819_cert.pdf
Aditya Birla Real Estate Limited,ABREL,NSE,2026-10-06T15:08:14,announcement,"Certificate under SEBI (Depositories and Participants) Regulations, 2018",,https://nsearchives.nseindia.com/corporate/CENTURYTEX_06102026150520_NSEBSEINTIMATION.pdf
The Great Eastern Shipping Company Limited,GESHIP,NSE,2026-10-06T15:06:54,announcement,Copy of Newspaper Publication,,https://nsearchives.nseindia.com/corporate/GESHIP_06102026150645_GESL_SE_Notice_Spl_Wnidow_Trf_Phy_Shares_Signed.pdf
Archidply Decor Limited,ADL,NSE,2026-10-06T15:06:06,announcement,Resignation of Director/KMP/SMP,,https://nsearchives.nseindia.com/corporate/ADL_ROID_99837_KMP_Doc.zip
Century Plyboards (India) Limited,CENTURYPLY,NSE,2026-10-06T15:05:33,announcement,Credit Rating- Others,,https://nsearchives.nseindia.com/corporate/CENTURYPLY_06102026150348_ESG_Rating.pdf
INDO-MIM Limited,INDOMIM,NSE,2026-10-06T15:05:20,announcement,"Certificate under SEBI (Depositories and Participants) Regulations, 2018",,https://nsearchives.nseindia.com/corporate/INDOMIM_06102026150507_INDO-MIM_-_Regulation_74_5___-_06-10-2026.pdf
Veegaland Developers Limited,VEEGALAND,NSE,2026-10-06T15:04:44,announcement,Outcome of Board Meeting,,https://nsearchives.nseindia.com/corporate/VEEGALAND_06102026150313_Outcome_of_BM.pdf
Rain Industries Limited,RAIN,NSE,2026-10-06T15:03:27,announcement,"Certificate under SEBI (Depositories and Participants) Regulations, 2018",,https://nsearchives.nseindia.com/corporate/RAIN_06102026150245_Compliance_74_5_30092026.pdf
Safari Industries (India) Limited,SAFARI,NSE,2026-10-06T15:02:00,announcement,Credit Rating,,https://nsearchives.nseindia.com/corporate/SAFARIIND_06102026150127_SEINTIMATION_2_-_Credit_Rating_-_06Oct2026.pdf
Quintegra Solutions Limited,QUINTEGRA,NSE,2026-10-06T15:01:13,announcement,Integrated Filing- Governance,,https://nsearchives.nseindia.com/corporate/QUINTEGRA_06102026150031_NSEBSE_IntegratedFiling_CG_300926_Signed.pdf
Viyash Scientific Limited,VIYASH,NSE,2026-10-06T14:58:40,announcement,"Certificate under SEBI (Depositories and Participants) Regulations, 2018",,https://nsearchives.nseindia.com/corporate/SEQUENT2_06102026145817_VSL_-_Certificate_under_Reg_74_5__-_Q2_FY_27.pdf
Siyaram Silk Mills Limited,SIYSIL,NSE,2026-10-06T14:57:17,announcement,"Certificate under SEBI (Depositories and Participants) Regulations, 2018",,https://nsearchives.nseindia.com/corporate/SIYSIL_06102026145613_SSMLReg74_5September2026.pdf
India Nippon Electricals Limited,INDNIPPON,NSE,2026-10-06T14:56:48,announcement,"Certificate under SEBI (Depositories and Participants) Regulations, 2018",,https://nsearchives.nseindia.com/corporate/INDNIPPON2_06102026145620_Intimation_Reg74_Q2.pdf
INDO-MIM Limited,INDOMIM,NSE,2026-10-06T14:56:04,announcement,General Updates,,https://nsearchives.nseindia.com/corporate/INDOMIM_06102026145535_INDO_MIM_-_Updation_of_CIN_-_06-10-2026.pdf
Five-Star Business Finance Limited,FIVESTAR,NSE,2026-10-06T14:54:49,announcement,"Certificate under SEBI (Depositories and Participants) Regulations, 2018",,https://nsearchives.nseindia.com/corporate/FIVESTAR_06102026145434_ExchangeIntimation.pdf
Colgate Palmolive (India) Limited,COLPAL,NSE,2026-10-06T14:53:42,announcement,Copy of Newspaper Publication,,https://nsearchives.nseindia.com/corporate/CPIL_06102026145325_SEINewspaperSpecialWindow.pdf
Wheels India Limited,WHEELS,NSE,2026-10-06T14:51:58,announcement,"Certificate under SEBI (Depositories and Participants) Regulations, 2018",,https://nsearchives.nseindia.com/corporate/WHEELS_06102026145018_WILReg74_5_September_2026.pdf
Archidply Decor Limited,ADL,NSE,2026-10-06T14:51:41,announcement,Resignation,,https://nsearchives.nseindia.com/corporate/ADL_06102026145121_LETTER_TO_SE_cfo__resign_SIGNED.pdf
Arkade Developers Limited,ARKADE,NSE,2026-10-06T14:51:00,announcement,"Certificate under SEBI (Depositories and Participants) Regulations, 2018",,https://nsearchives.nseindia.com/corporate/ARKADE_06102026145039_Intimation_Reg_74_5_.pdf
Compucom Software Limited,COMPUSOFT,NSE,2026-10-06T14:50:20,announcement,"Certificate under SEBI (Depositories and Participants) Regulations, 2018",,https://nsearchives.nseindia.com/corporate/COMPUSOFT_06102026145009_Reg74DP.pdf
NMDC Limited,NMDC,NSE,2026-10-06T14:49:23,announcement,"Certificate under SEBI (Depositories and Participants) Regulations, 2018",,https://nsearchives.nseindia.com/corporate/NMDC_06102026144916_NMD_Compliance_certificate_06102026.pdf
Vishnu Chemicals Limited,VISHNU,NSE,2026-10-06T14:49:08,announcement,"Certificate under SEBI (Depositories and Participants) Regulations, 2018",,https://nsearchives.nseindia.com/corporate/VISHNU_06102026144855_VCL_74_5__Certificate_30092026_Final_signed.pdf
Zee Entertainment Enterprises Limited,ZEEL,NSE,2026-10-06T14:49:04,announcement,General Updates,,https://nsearchives.nseindia.com/corporate/ZEEL_06102026144845_SEDisclosureInvestigationsigned.pdf
BF Utilities Limited,BFUTILITIE,NSE,2026-10-06T14:47:37,announcement,"Certificate under SEBI (Depositories and Participants) Regulations, 2018",,https://nsearchives.nseindia.com/corporate/BFUTILITIE_06102026144729_Certificate_ur_74_5_BFUL_30092026.pdf
Sungarner Energies Limited,SEL,NSE,2026-10-06T14:46:32,announcement,"Certificate under SEBI (Depositories and Participants) Regulations, 2018",,https://nsearchives.nseindia.com/corporate/SUNGARNER_06102026144617_BSE_Intimation.pdf
DCM Shriram Industries Limited,DCMSRIND,NSE,2026-10-06T14:45:39,announcement,"Certificate under SEBI (Depositories and Participants) Regulations, 2018",,https://nsearchives.nseindia.com/corporate/DCMSRIND_06102026144520_Certificate.pdf
Krsnaa Diagnostics Limited,KRSNAA,NSE,2026-10-06T14:44:58,announcement,"Certificate under SEBI (Depositories and Participants) Regulations, 2018",,https://nsearchives.nseindia.com/corporate/KRSNAA_06102026144434_543328.pdf
BF Utilities Limited,BFUTILITIE,NSE,2026-10-06T14:44:47,announcement,Copy of Newspaper Publication,,https://nsearchives.nseindia.com/corporate/BFUTILITIE_06102026144430_Newspaper_Relodgement_circular_intimation_06102026.pdf
Tata Power Company Limited,TATAPOWER,NSE,2026-10-06T14:44:19,announcement,Copy of Newspaper Publication,,https://nsearchives.nseindia.com/corporate/KSTPCL_06102026144400_Newspaper.pdf
JK Tyre & Industries Limited,JKTYRE,NSE,2026-10-06T14:43:34,announcement,"Certificate under SEBI (Depositories and Participants) Regulations, 2018",,https://nsearchives.nseindia.com/corporate/JKTYRE_06102026144058_reg74_5_.pdf
Mangalore Refinery and Petrochemicals Limited,MRPL,NSE,2026-10-06T14:43:18,announcement,"Certificate under SEBI (Depositories and Participants) Regulations, 2018",,https://nsearchives.nseindia.com/corporate/MRPL_06102026144310_Regulation74September26SD.pdf
Plaza Wires Limited,PLAZACABLE,NSE,2026-10-06T14:43:06,announcement,"Certificate under SEBI (Depositories and Participants) Regulations, 2018",,https://nsearchives.nseindia.com/corporate/PLAZAWIRES_06102026144255_Covering_Letter_with_Regulation_74_5__DP_Act.pdf
Garware Technical Fibres Limited,GARFIBRES,NSE,2026-10-06T14:41:54,announcement,"Certificate under SEBI (Depositories and Participants) Regulations, 2018",,https://nsearchives.nseindia.com/corporate/GARFIBRES_06102026144131_Certificate7406102026.pdf
V R Infraspace Limited,VR,NSE,2026-10-06T14:41:34,announcement,"Certificate under SEBI (Depositories and Participants) Regulations, 2018",,https://nsearchives.nseindia.com/corporate/VRIL_06102026144058_Cover_74_5__092026.pdf
Jain Irrigation Systems Limited,JISLDVREQS,NSE,2026-10-06T14:41:08,announcement,"Certificate under SEBI (Depositories and Participants) Regulations, 2018",,https://nsearchives.nseindia.com/corporate/JISLDVREQS_06102026144056_SE_letter_Reg_74_5__DVR_.pdf
Apcotex Industries Limited,APCOTEXIND,NSE,2026-10-06T14:40:19,announcement,"Certificate under SEBI (Depositories and Participants) Regulations, 2018",,https://nsearchives.nseindia.com/corporate/APCOTEXIND_06102026144012_Covering_-_signed.pdf
Zaggle Prepaid Ocean Services Limited,ZAGGLE,NSE,2026-10-06T14:40:07,announcement,General Updates,,https://nsearchives.nseindia.com/corporate/ZAGGLE_06102026143851_Outcome_of_BM__-_incorporation.pdf
Jain Irrigation Systems Limited,JISLJALEQS,NSE,2026-10-06T14:38:32,announcement,"Certificate under SEBI (Depositories and Participants) Regulations, 2018",,https://nsearchives.nseindia.com/corporate/JISLJALEQS_06102026143820_SE_letter_Reg_74_5__Equity_.pdf
Mangalore Refinery and Petrochemicals Limited,MRPL,NSE,2026-10-06T14:38:26,announcement,Appointment,,https://nsearchives.nseindia.com/corporate/MRPL_06102026143813_AppointmentSeemaSD.pdf
Rentomojo Limited,RENTOMOJO,NSE,2026-10-06T14:37:08,announcement,Press Release,,https://nsearchives.nseindia.com/corporate/RENTMOJO_06102026143607_PRESS_RELEASE.pdf
Divgi Torqtransfer Systems Limited,DIVGIITTS,NSE,2026-10-06T14:35:25,announcement,"Certificate under SEBI (Depositories and Participants) Regulations, 2018",,https://nsearchives.nseindia.com/corporate/DIVGITTS_06102026143514_DTTS_Regulation-74_5_-CERT_Finalsubmission_signed.pdf
PDS Limited,PDSL,NSE,2026-10-06T14:35:23,announcement,Copy of Newspaper Publication,,https://nsearchives.nseindia.com/corporate/PDSL_06102026143515_Ltr_Newspaper_Advt_Transfer_Lodgement_06102026.pdf
Gulf Oil Lubricants India Limited,GULFOILLUB,NSE,2026-10-06T14:35:19,announcement,General Updates,,https://nsearchives.nseindia.com/corporate/GULFOILLUB_06102026143437_ESGRating2026.pdf
Solex Energy Limited,SOLEX,NSE,2026-10-06T14:34:40,announcement,Press Release,,https://nsearchives.nseindia.com/corporate/SOLEX_06102026143429_Press_Release.pdf
Zaggle Prepaid Ocean Services Limited,ZAGGLE,NSE,2026-10-06T14:33:29,announcement,Outcome of Board Meeting,,https://nsearchives.nseindia.com/corporate/ZAGGLE_06102026143303_Outcome_of_BM__-_incorporation.pdf
Sp Refractories Limited,SPRL,NSE,2026-10-06T14:32:59,announcement,General Updates,,https://nsearchives.nseindia.com/corporate/SPRL_06102026142942_Clarification_for_Movement_in_price_SPRL_signed.pdf
Harsha Engineers International Limited,HARSHA,NSE,2026-10-06T14:32:43,announcement,"Certificate under SEBI (Depositories and Participants) Regulations, 2018",,https://nsearchives.nseindia.com/corporate/Harsha_06102026143235_Reg74_5_30092026.pdf
Rallis India Limited,RALLIS,NSE,2026-10-06T14:30:52,announcement,"Certificate under SEBI (Depositories and Participants) Regulations, 2018",,https://nsearchives.nseindia.com/corporate/RALLIS1_06102026143026_74_5__Letter_Signed.pdf
Polycab India Limited,POLYCAB,NSE,2026-10-06T14:30:39,announcement,ESOP/ESOS/ESPS,,https://nsearchives.nseindia.com/corporate/POLYCAB_06102026143016_Intimation_of_Stock_Exchange.pdf
BF Investment Limited,BFINVEST,NSE,2026-10-06T14:27:28,announcement,"Certificate under SEBI (Depositories and Participants) Regulations, 2018",,https://nsearchives.nseindia.com/corporate/BFINVEST_06102026142720_Certificate_ur_74_5_BFIL_30092026.pdf
Jubilant Agri and Consumer Products Limited,JUBLCPL,NSE,2026-10-06T14:27:25,announcement,"Certificate under SEBI (Depositories and Participants) Regulations, 2018",,https://nsearchives.nseindia.com/corporate/JACPL_06102026142615_RTA_Cert_Regu74_5__Signed.pdf
SKF India Limited,SKFINDIA,NSE,2026-10-06T14:26:47,announcement,"Certificate under SEBI (Depositories and Participants) Regulations, 2018",,https://nsearchives.nseindia.com/corporate/SKFINDIA25_06102026142607_NSE.pdf
TVS Srichakra Limited,TVSSRICHAK,NSE,2026-10-06T14:26:25,announcement,"Certificate under SEBI (Depositories and Participants) Regulations, 2018",,https://nsearchives.nseindia.com/corporate/TVSSRICHAK_06102026142538_TSL_Reg_74__5__of_DP_Signed.pdf
Deepak Nitrite Limited,DEEPAKNTR,NSE,2026-10-06T14:24:19,announcement,"Certificate under SEBI (Depositories and Participants) Regulations, 2018",,https://nsearchives.nseindia.com/corporate/DEEPAKNTR_06102026142338_NSE-Regulation_74_Disclosure.pdf
Shah Investor's Home Limited,SHAHINVEST,NSE,2026-10-06T14:22:26,announcement,Trading Window,,https://nsearchives.nseindia.com/corporate/SHAHINVESTORS_06102026142059_Closure_of_Trading_Window_Signed.pdf
CIE Automotive India Limited,CIEINDIA,NSE,2026-10-06T14:20:34,announcement,Copy of Newspaper Publication,,https://nsearchives.nseindia.com/corporate/Mahindracie_06102026141932_SEintimation.pdf
Diamines & Chemicals Limited,DIAMINESQ,NSE,2026-10-06T14:19:59,announcement,"Certificate under SEBI (Depositories and Participants) Regulations, 2018",,https://nsearchives.nseindia.com/corporate/DIAMINES_06102026141819_SE_REg_74_5_Q2_2026_27_signed.pdf
South West Pinnacle Exploration Limited,SOUTHWEST,NSE,2026-10-06T14:15:24,announcement,Updates,,https://nsearchives.nseindia.com/corporate/SOUTHWEST_06102026141043_Final-_Intimation_Listing_Approval.pdf
W S Industries (I) Limited,WSI,NSE,2026-10-06T14:13:22,announcement,"Certificate under SEBI (Depositories and Participants) Regulations, 2018",,https://nsearchives.nseindia.com/corporate/WSI_06102026141313_WSI_Reg_74_5__Certificate_Sep_2026_SD.pdf
Reliance Communications Limited,RCOM,NSE,2026-10-06T14:12:56,announcement,Defaults on Payment of Interest/Principal,,https://nsearchives.nseindia.com/corporate/RCOM_06102026141140_DarftLettertoSEDefault30092026.pdf
Jagran Prakashan Limited,JAGRAN,NSE,2026-10-06T14:11:59,announcement,Copy of Newspaper Publication,,https://nsearchives.nseindia.com/corporate/JAGRAN_06102026140535_JPLSPECIALWINDOWNOTICE.pdf
Vijaya Diagnostic Centre Limited,VIJAYA,NSE,2026-10-06T14:08:54,announcement,"Certificate under SEBI (Depositories and Participants) Regulations, 2018",,https://nsearchives.nseindia.com/corporate/VIJAYA_06102026140819_Stx_Intimation_Signed.pdf
Bharat Rasayan Limited,BHARATRAS,NSE,2026-10-06T14:08:50,announcement,Shareholders meeting,,https://nsearchives.nseindia.com/corporate/BHARATRAS_06102026140658_37th_AGM_MINUTES_24092026_BHARATRAS.pdf
Gujarat Industries Power Company Limited,GIPCL,NSE,2026-10-06T14:08:36,announcement,"Certificate under SEBI (Depositories and Participants) Regulations, 2018",,https://nsearchives.nseindia.com/corporate/Gipcl7868_06102026140825_GIPCL_SE_REG745DP06102026_CS.pdf
Vesuvius India Limited,VESUVIUS,NSE,2026-10-06T14:07:54,announcement,Copy of Newspaper Publication,,https://nsearchives.nseindia.com/corporate/VESUVIUS_06102026140744_LettertoStockExchange_SpecialWindow.pdf
Kiri Industries Limited,KIRIINDUS,NSE,2026-10-06T14:06:39,announcement,"Certificate under SEBI (Depositories and Participants) Regulations, 2018",,https://nsearchives.nseindia.com/corporate/KIRIINDUS_06102026140622_Certificate_REG_74_S.pdf
Seamec Limited,SEAMECLTD,NSE,2026-10-06T14:05:49,announcement,"Certificate under SEBI (Depositories and Participants) Regulations, 2018",,https://nsearchives.nseindia.com/corporate/SEAMECLTD_06102026140540_IntimationREG74BSENSE06102026.pdf
SRIT India Limited,SRIT,NSE,2026-10-06T14:04:57,announcement,Updates,,https://nsearchives.nseindia.com/corporate/SRIT_06102026140445_Intimation_under_Regulation_8__2__Signed.pdf
Indo Farm Equipment Limited,INDOFARM,NSE,2026-10-06T14:04:17,announcement,"Certificate under SEBI (Depositories and Participants) Regulations, 2018",,https://nsearchives.nseindia.com/corporate/IFEL_06102026140406_Covering_Letter_74_5_.pdf
Dharani Sugars & Chemicals Limited,DHARSUGAR,NSE,2026-10-06T14:03:37,announcement,Updates,,https://nsearchives.nseindia.com/corporate/dharanisugarsltd_06102026140324_Dis_closures_letter_BSE_NSE.pdf
SRIT India Limited,SRIT,NSE,2026-10-06T14:02:53,announcement,Updates,,https://nsearchives.nseindia.com/corporate/SRIT_06102026140238_Disclosure_of_Materiality_of_Events_or_Information_Signed.pdf
Netweb Technologies India Limited,NETWEB,NSE,2026-10-06T14:02:52,announcement,"Certificate under SEBI (Depositories and Participants) Regulations, 2018",,https://nsearchives.nseindia.com/corporate/NETWEB1234_06102026140237_Reg_74_5__30092026.pdf
S. P. Apparels Limited,SPAL,NSE,2026-10-06T14:02:03,announcement,Record Date,,https://nsearchives.nseindia.com/corporate/SPAL_06102026140136_OutcomeFinal.pdf
Purple Style Labs Limited,PERNIASPOP,NSE,2026-10-06T14:00:23,announcement,Analysts/Institutional Investor Meet/Con. Call Updates,,https://nsearchives.nseindia.com/corporate/PURPLESTYLE_06102026135939_PSL_Earnings_Call_Transcript_Q1_FY27.pdf
Abhishek Corporation Limited,ABHISHEK,NSE,2026-10-06T14:00:16,announcement,"Certificate under SEBI (Depositories and Participants) Regulations, 2018",,https://nsearchives.nseindia.com/corporate/ABHISHEK_06102026135925_stk.pdf
SRIT India Limited,SRIT,NSE,2026-10-06T14:00:14,announcement,Updates,,https://nsearchives.nseindia.com/corporate/SRIT_06102026140000_Appointed_Company_Secretary_Signed.pdf
Pennar Industries Limited,PENIND,NSE,2026-10-06T13:58:59,announcement,"Certificate under SEBI (Depositories and Participants) Regulations, 2018",,https://nsearchives.nseindia.com/corporate/PENIND_06102026135837_CC74_5.pdf
360 ONE WAM LIMITED,360ONE,NSE,2026-10-06T13:57:57,announcement,General Updates,,https://nsearchives.nseindia.com/corporate/IIFLWAM_06102026135549_ESGRatingIntimationSigned.pdf
AXISCADES Technologies Limited,AXISCADES,NSE,2026-10-06T13:57:25,announcement,Acquisition,,https://nsearchives.nseindia.com/corporate/AXISCADES_06102026135716_Incorporation_06102026.pdf
SRIT India Limited,SRIT,NSE,2026-10-06T13:56:20,announcement,Updates,,https://nsearchives.nseindia.com/corporate/SRIT_06102026135603_Registrar_and_Share_Transfer_Agent_Signed.pdf
S. P. Apparels Limited,SPAL,NSE,2026-10-06T13:56:14,announcement,Outcome of Board Meeting,,https://nsearchives.nseindia.com/corporate/SPAL_06102026135553_OutcomeFinal.pdf
Pokarna Limited,POKARNA,NSE,2026-10-06T13:56:09,announcement,"Certificate under SEBI (Depositories and Participants) Regulations, 2018",,https://nsearchives.nseindia.com/corporate/POKARNA_06102026135554_Intimation_Pokarna_Reg_74_5_-Final.pdf
Jagran Prakashan Limited,JAGRAN,NSE,2026-10-06T13:55:43,announcement,General Updates,,https://nsearchives.nseindia.com/corporate/JAGRAN_06102026135528_JPLSPECIALWINDOWNOTICE.pdf
D.B.Corp Limited,DBCORP,NSE,2026-10-06T13:54:20,announcement,"Certificate under SEBI (Depositories and Participants) Regulations, 2018",,https://nsearchives.nseindia.com/corporate/DBCORP_06102026135353_DBCORP_Reg_74_5__September_2026.pdf
Steamhouse India Limited,STEAMHOUSE,NSE,2026-10-06T13:50:41,announcement,Trading Window,,https://nsearchives.nseindia.com/corporate/CAVAIBHAVGATTANI_06102026135018_Trading_Window_Closure_Intimation.pdf
Trident Limited,TRIDENT,NSE,2026-10-06T13:48:34,announcement,Copy of Newspaper Publication,,https://nsearchives.nseindia.com/corporate/TRIDENT_06102026134820_Intimation_Filing.pdf
SRIT India Limited,SRIT,NSE,2026-10-06T13:48:17,announcement,Trading Window,,https://nsearchives.nseindia.com/corporate/SRIT_06102026134801_Intimation_Trading_Window_Closure_s.pdf
Silky Overseas Limited,SILKY,NSE,2026-10-06T13:45:15,announcement,"Certificate under SEBI (Depositories and Participants) Regulations, 2018",,https://nsearchives.nseindia.com/corporate/SILKYOVERSEAS_06102026134501_Silky_74_5__Final.pdf
Zenith Exports Limited,ZENITHEXPO,NSE,2026-10-06T13:44:15,announcement,"Certificate under SEBI (Depositories and Participants) Regulations, 2018",,https://nsearchives.nseindia.com/corporate/ZENITHEXPO_06102026134402_NSEBSERegulation74_5_ZELSeptemberQtrEnded30062026.pdf
IKIO Technologies Limited,IKIO,NSE,2026-10-06T13:43:08,announcement,"Certificate under SEBI (Depositories and Participants) Regulations, 2018",,https://nsearchives.nseindia.com/corporate/IKIO_06102026134255_Certificate74_5_.pdf
Capacit'e Infraprojects Limited,CAPACITE,NSE,2026-10-06T13:42:49,announcement,Updates,,https://nsearchives.nseindia.com/corporate/CAPACITE_06102026134054_WorkOrderChennaiMetrorailf.pdf
Ethos Limited,ETHOSLTD,NSE,2026-10-06T13:41:47,announcement,"Certificate under SEBI (Depositories and Participants) Regulations, 2018",,https://nsearchives.nseindia.com/corporate/ETHOS_06102026134050_ComplianceCertificateunder74_5_.pdf
Soma Textiles & Industries Limited,SOMATEX,NSE,2026-10-06T13:39:38,announcement,Copy of Newspaper Publication,,https://nsearchives.nseindia.com/corporate/SOMATEX_06102026133916_NewspaperPublication.pdf
Kross Limited,KROSS,NSE,2026-10-06T13:39:07,announcement,"Certificate under SEBI (Depositories and Participants) Regulations, 2018",,https://nsearchives.nseindia.com/corporate/8910457293_06102026133822_Reg74_5__merged.pdf
India Shelter Finance Corporation Limited,INDIASHLTR,NSE,2026-10-06T13:34:32,announcement,Updates,,https://nsearchives.nseindia.com/corporate/ISFC2010_06102026133132_Reg_6_1__and_7_1_.pdf
Albert David Limited,ALBERTDAVD,NSE,2026-10-06T13:32:37,announcement,"Certificate under SEBI (Depositories and Participants) Regulations, 2018",,https://nsearchives.nseindia.com/corporate/ALBERTDAVD_06102026133142_74_5__Final.pdf
Milky Mist Dairy Food Limited,MILKYMIST,NSE,2026-10-06T13:31:41,announcement,Shareholders meeting,,https://nsearchives.nseindia.com/corporate/MILKYMIST_06102026133113_intimationonpostalballotnotice6102026.pdf
TITAGARH RAIL SYSTEMS LIMITED,TITAGARH,NSE,2026-10-06T13:29:37,announcement,"Certificate under SEBI (Depositories and Participants) Regulations, 2018",,https://nsearchives.nseindia.com/corporate/TWL_06102026132903_Reg745.pdf
NMDC Steel Limited,NSLNISP,NSE,2026-10-06T13:27:58,announcement,"Certificate under SEBI (Depositories and Participants) Regulations, 2018",,https://nsearchives.nseindia.com/corporate/NSLNISP_06102026132751_NSL_ComplianceCertificate_74_5_.pdf
Bharat Rasayan Limited,BHARATRAS,NSE,2026-10-06T13:27:13,announcement,Shareholders meeting,,https://nsearchives.nseindia.com/corporate/BHARATRAS_06102026132648_37th_AGM_MINUTES_24092026_BHARATRAS.pdf
H.G. Infra Engineering Limited,HGINFRA,NSE,2026-10-06T13:24:34,announcement,Pendency of Litigation(s)/dispute(s) or the outcome impacting the Company,,https://nsearchives.nseindia.com/corporate/HGINFRA_06102026132416_FinalIntimation.pdf
Tata Motors Limited,TMCV,NSE,2026-10-06T13:24:22,announcement,General Updates,,https://nsearchives.nseindia.com/corporate/TMLCOMMERCIAL_06102026132329_NSEBSE.pdf
Oil & Natural Gas Corporation Limited,ONGC,NSE,2026-10-06T13:18:37,announcement,"Certificate under SEBI (Depositories and Participants) Regulations, 2018",,https://nsearchives.nseindia.com/corporate/ONGC_06102026131803_SEBI74_5.pdf
MOIL Limited,MOIL,NSE,2026-10-06T13:16:59,announcement,Change in Management,,https://nsearchives.nseindia.com/corporate/MOIL_06102026131627_Appointment_of_Shri_Rajiv_Atrey.pdf
India Shelter Finance Corporation Limited,INDIASHLTR,NSE,2026-10-06T13:15:24,announcement,"Certificate under SEBI (Depositories and Participants) Regulations, 2018",,https://nsearchives.nseindia.com/corporate/ISFC2010_06102026131025_Intimation_Regulation_74_5_of_SEBI_DP_Regulations_2018.pdf
Smartlink Holdings Limited,SMARTLINK,NSE,2026-10-06T13:15:10,announcement,Pendency of Litigation(s)/dispute(s) or the outcome impacting the Company,,https://nsearchives.nseindia.com/corporate/SMARTLINK_06102026131439_SmartlinkIntimationGSTIntimation06102026.pdf
VRL Logistics Limited,VRLLOG,NSE,2026-10-06T13:15:05,announcement,Shareholders meeting,,https://nsearchives.nseindia.com/corporate/VRLLOGI_06102026131023_Proceedings_of_Postal_Ballot_.pdf
Zen Technologies Limited,ZENTEC,NSE,2026-10-06T13:13:12,announcement,"Certificate under SEBI (Depositories and Participants) Regulations, 2018",,https://nsearchives.nseindia.com/corporate/ZENTEC_06102026131233_Covering_Letter_74_5_.pdf
Mtar Technologies Limited,MTARTECH,NSE,2026-10-06T13:08:43,announcement,General Updates,,https://nsearchives.nseindia.com/corporate/MTARTECH_06102026130831_ESG_Rating.pdf
Docmode Health Technologies Limited,DHTL,NSE,2026-10-06T13:07:58,announcement,Disclosure under SEBI Takeover Regulations,,https://nsearchives.nseindia.com/corporate/team_sandeshc_06102026130318_Declaration.pdf
Jana Small Finance Bank Limited,JSFB,NSE,2026-10-06T13:07:48,announcement,Updates,,https://nsearchives.nseindia.com/corporate/vinay_raikar_janabank_com_06102026130738_HalfyearlyCertificate.pdf
Jainik Power Cables Limited,JAINIK,NSE,2026-10-06T13:05:00,announcement,General Updates,,https://nsearchives.nseindia.com/corporate/JAINIK_06102026130410_Large_Entity_disclosure_2026.pdf
Yuken India Limited,YUKEN,NSE,2026-10-06T13:04:51,announcement,Copy of Newspaper Publication,,https://nsearchives.nseindia.com/corporate/YUKEN_06102026130440_Newspaper_Advertisement_WTD.pdf
Shree Renuka Sugars Limited,RENUKA,NSE,2026-10-06T13:03:31,announcement,"Certificate under SEBI (Depositories and Participants) Regulations, 2018",,https://nsearchives.nseindia.com/corporate/RENUKA_06102026130323_74_5_S26merged.pdf
Delta Manufacturing Limited,DELTAMAGNT,NSE,2026-10-06T13:02:55,announcement,"Certificate under SEBI (Depositories and Participants) Regulations, 2018",,https://nsearchives.nseindia.com/corporate/DELTAMAGNT_06102026130131_DML.pdf
IRB Infrastructure Developers Limited,IRB,NSE,2026-10-06T13:01:19,announcement,Credit Rating- New,,https://nsearchives.nseindia.com/corporate/IRB_06102026125924_IRBIDL_CARE_Ratings_Intimationsd.pdf
Ganesh Consumer Products Limited,GANESHCP,NSE,2026-10-06T13:01:03,announcement,"Certificate under SEBI (Depositories and Participants) Regulations, 2018",,https://nsearchives.nseindia.com/corporate/GANESH_NSE_06102026130048_Certificate_Under_Regulation_74__5_.pdf
Cellecor Gadgets Limited,CELLECOR,NSE,2026-10-06T13:00:27,announcement,"Certificate under SEBI (Depositories and Participants) Regulations, 2018",,https://nsearchives.nseindia.com/corporate/CELLECOR_06102026130005_Reg_74__5__Certificate.pdf
Namo eWaste Management Limited,NAMOEWASTE,NSE,2026-10-06T13:00:12,announcement,Quarterly Compliance Report on Corporate governance - within 21 days from the end of the quarter,,https://nsearchives.nseindia.com/corporate/NAMOEWASTE_06102026125954_Non_Applicability_of_Corporate_Governance_30092026.pdf
Pitti Engineering Limited,PITTIENG,NSE,2026-10-06T12:59:58,announcement,"Certificate under SEBI (Depositories and Participants) Regulations, 2018",,https://nsearchives.nseindia.com/corporate/PITTIENG_06102026122956_Reg74Certificate.pdf
Sukhjit Starch & Chemicals Limited,SUKHJITS,NSE,2026-10-06T12:59:53,announcement,"Certificate under SEBI (Depositories and Participants) Regulations, 2018",,https://nsearchives.nseindia.com/corporate/SUKHJIT1944_06102026125917_certificate_74_5_.pdf
Kuantum Papers Limited,KUANTUM,NSE,2026-10-06T12:59:39,announcement,"Certificate under SEBI (Depositories and Participants) Regulations, 2018",,https://nsearchives.nseindia.com/corporate/KUANTUM_06102026125913_745certificate06102026.pdf
Tatva Chintan Pharma Chem Limited,TATVA,NSE,2026-10-06T12:59:22,announcement,"Certificate under SEBI (Depositories and Participants) Regulations, 2018",,https://nsearchives.nseindia.com/corporate/TATVA_06102026125844_C.pdf
Interiors & More Limited,INM,NSE,2026-10-06T12:57:24,announcement,"Certificate under SEBI (Depositories and Participants) Regulations, 2018",,https://nsearchives.nseindia.com/corporate/INTERIORS_06102026125711_Covering_74_5_.pdf
Vindhya Telelinks Limited,VINDHYATEL,NSE,2026-10-06T12:57:18,announcement,"Certificate under SEBI (Depositories and Participants) Regulations, 2018",,https://nsearchives.nseindia.com/corporate/VINDHYATEL_06102026125656_DisclosureUnderRegulation74_5_.pdf
Max Estates Limited,MAXESTATES,NSE,2026-10-06T12:57:00,announcement,"Certificate under SEBI (Depositories and Participants) Regulations, 2018",,https://nsearchives.nseindia.com/corporate/MEL_06102026125514_20261006RTACertificate745.pdf
REC Limited,RECLTD,NSE,2026-10-06T12:55:43,announcement,General Updates,,https://nsearchives.nseindia.com/corporate/RECLTD_06102026125432_Signed_Incorporation_of_SPVs_06102026.pdf
Namo eWaste Management Limited,NAMOEWASTE,NSE,2026-10-06T12:54:56,announcement,"Certificate under SEBI (Depositories and Participants) Regulations, 2018",,https://nsearchives.nseindia.com/corporate/NAMOEWASTE_06102026125411_Disclosure_under_Reg_74_5_.pdf
Dabur India Limited,DABUR,NSE,2026-10-06T12:52:58,announcement,General Updates,,https://nsearchives.nseindia.com/corporate/DABURA_06102026125213_Update.pdf
Gland Pharma Limited,GLAND,NSE,2026-10-06T12:51:35,announcement,Shareholders meeting,,https://nsearchives.nseindia.com/corporate/GLAND_06102026124921_PB_Notice_XIngli_Wang_Final_Upload.pdf
Smarten Power Systems Limited,SMARTEN,NSE,2026-10-06T12:51:13,announcement,"Certificate under SEBI (Depositories and Participants) Regulations, 2018",,https://nsearchives.nseindia.com/corporate/SMARTENPOWER_06102026125106_NSE74530092026.pdf
Karnika Industries Limited,KARNIKA,NSE,2026-10-06T12:50:49,announcement,"Certificate under SEBI (Depositories and Participants) Regulations, 2018",,https://nsearchives.nseindia.com/corporate/KARNIKA_06102026125041_REG-74.pdf
Optiemus Infracom Limited,OPTIEMUS,NSE,2026-10-06T12:49:17,announcement,Copy of Newspaper Publication,,https://nsearchives.nseindia.com/corporate/OPTIEMUS_06102026124901_OILIntimationRegardingOpeningOfSpecialWindow06102026.pdf
DCM Shriram Industries Limited,DCMSRIND,NSE,2026-10-06T12:45:51,announcement,Spurt in Volume,,https://nsearchives.nseindia.com/corporate/DCMSRIND_06102026124432_Volume_Movement.pdf
GHCL Limited,GHCL,NSE,2026-10-06T12:45:28,announcement,"Certificate under SEBI (Depositories and Participants) Regulations, 2018",,https://nsearchives.nseindia.com/corporate/GHCL_06102026124520_GHCL_Submission_Certificate_Regulation74_Quarter_September30_2026.pdf
Phantom Digital Effects Limited,PHANTOMFX,NSE,2026-10-06T12:45:17,announcement,Updates,,https://nsearchives.nseindia.com/corporate/PHANTOM_06102026124405_NSEintimation06102026final.pdf
HCL Technologies Limited,HCLTECH,NSE,2026-10-06T12:44:36,announcement,Updates,,https://nsearchives.nseindia.com/corporate/HCLTECH_06102026124422_Release6October2026.pdf
Wonderla Holidays Limited,WONDERLA,NSE,2026-10-06T12:42:59,announcement,"Certificate under SEBI (Depositories and Participants) Regulations, 2018",,https://nsearchives.nseindia.com/corporate/WONDERLA_06102026124247_Reg_74_5__cl_Signed.pdf
G R Infraprojects Limited,GRINFRA,NSE,2026-10-06T12:42:17,announcement,"Certificate under SEBI (Depositories and Participants) Regulations, 2018",,https://nsearchives.nseindia.com/corporate/GRINFRA_06102026124203_Signed_Regulation_74_5_.pdf
Agarwal Toughened Glass India Limited,AGARWALTUF,NSE,2026-10-06T12:41:26,announcement,"Certificate under SEBI (Depositories and Participants) Regulations, 2018",,https://nsearchives.nseindia.com/corporate/AGARWALTOUGHENED_06102026124117_tuff_Reg_74_sept_2026.pdf
Aegis Logistics Limited,AEGISLOG,NSE,2026-10-06T12:41:24,announcement,Copy of Newspaper Publication,,https://nsearchives.nseindia.com/corporate/AEGISCHEM_06102026123419_ALL_News_Adv_Special_Window_S.pdf
Hexa Tradex Limited,HEXATRADEX,NSE,2026-10-06T12:41:21,announcement,"Certificate under SEBI (Depositories and Participants) Regulations, 2018",,https://nsearchives.nseindia.com/corporate/HEXATRADEX_06102026124108_Reg74_5_SE.pdf
Reliable Data Services Limited,RELIABLE,NSE,2026-10-06T12:40:38,announcement,"Certificate under SEBI (Depositories and Participants) Regulations, 2018",,https://nsearchives.nseindia.com/corporate/RELIABLE_06102026124029_certificateofdepositoryparticipants.pdf
Max Estates Limited,MAXESTATES,NSE,2026-10-06T12:40:21,announcement,Press Release,,https://nsearchives.nseindia.com/corporate/MEL_06102026124000_20261006PressReleasePreSalesH1.pdf
Ujjivan Small Finance Bank Limited,UJJIVANSFB,NSE,2026-10-06T12:39:10,announcement,"Certificate under SEBI (Depositories and Participants) Regulations, 2018",,https://nsearchives.nseindia.com/corporate/UJJIVANBANK_06102026123852_92_Certificate_under_Regulation_74_5_Q2_FY27.pdf
Kandarp Digi Smart BPO Limited,KANDARP,NSE,2026-10-06T12:38:23,announcement,"Certificate under SEBI (Depositories and Participants) Regulations, 2018",,https://nsearchives.nseindia.com/corporate/KANDARP_06102026123803_certificateofdepositoryparticipants.pdf
Robust Hotels Limited,RHL,NSE,2026-10-06T12:37:13,announcement,"Certificate under SEBI (Depositories and Participants) Regulations, 2018",,https://nsearchives.nseindia.com/corporate/ROBUSTHOTELS_06102026123642_RobustRTAcertificateseptember2026signed.pdf
Century Plyboards (India) Limited,CENTURYPLY,NSE,2026-10-06T12:36:26,announcement,"Certificate under SEBI (Depositories and Participants) Regulations, 2018",,https://nsearchives.nseindia.com/corporate/CENTURYPLY_06102026123449_74_5_.pdf
Info Edge (India) Limited,NAUKRI,NSE,2026-10-06T12:36:22,announcement,Copy of Newspaper Publication,,https://nsearchives.nseindia.com/corporate/NAUKRI2_06102026123504_IEIL_Relodgement_newspaper_Clippings-06Oct2026.pdf
JSW Infrastructure Limited,JSWINFRA,NSE,2026-10-06T12:36:13,announcement,"Certificate under SEBI (Depositories and Participants) Regulations, 2018",,https://nsearchives.nseindia.com/corporate/JSWINFRA_06102026123600_SEIntimation74_5_.pdf
Religare Enterprises Limited,RELIGARE,NSE,2026-10-06T12:35:22,announcement,Updates,,https://nsearchives.nseindia.com/corporate/RELIGARE_06102026123104_RELUPDATERFLCTO.pdf
S&S Power Switchgears Limited,S&SPOWER,NSE,2026-10-06T12:33:31,announcement,"Certificate under SEBI (Depositories and Participants) Regulations, 2018",,https://nsearchives.nseindia.com/corporate/S_SPOWER_06102026123320_CL_SSPS_74_5__30092026.pdf
Vishal Mega Mart Limited,VMM,NSE,2026-10-06T12:32:28,announcement,"Certificate under SEBI (Depositories and Participants) Regulations, 2018",,https://nsearchives.nseindia.com/corporate/VMMP2024_06102026123130_Intimation_under_Regulation_74_5_Sept_2026.pdf
Kingfa Science & Technology (India) Limited,KINGFA,NSE,2026-10-06T12:32:28,announcement,"Certificate under SEBI (Depositories and Participants) Regulations, 2018",,https://nsearchives.nseindia.com/corporate/KINGFA_06102026121607_Intimation_Letter_Reg_74.pdf
Universal Cables Limited,UNIVCABLES,NSE,2026-10-06T12:32:15,announcement,"Certificate under SEBI (Depositories and Participants) Regulations, 2018",,https://nsearchives.nseindia.com/corporate/UNIVCABLES_06102026123057_Certificate_under_Regulation_74_5_.pdf
PSP Projects Limited,PSPPROJECT,NSE,2026-10-06T12:31:07,announcement,"Certificate under SEBI (Depositories and Participants) Regulations, 2018",,https://nsearchives.nseindia.com/corporate/PSPPROJECT_06102026123044_20261006_Reg_74_5__34.pdf
North Eastern Carrying Corporation Limited,NECCLTD,NSE,2026-10-06T12:30:36,announcement,Shareholders meeting,,https://nsearchives.nseindia.com/corporate/NECCLTD_06102026123014_AGM_Minutes_10092026.pdf
Hirect Limited,HIRECT,NSE,2026-10-06T12:30:21,announcement,"Certificate under SEBI (Depositories and Participants) Regulations, 2018",,https://nsearchives.nseindia.com/corporate/HIRECT_06102026122954_Reg_74_5__SE_Letter.pdf
Salasar Exteriors and Contour Limited,SECL,NSE,2026-10-06T12:30:13,announcement,"Certificate under SEBI (Depositories and Participants) Regulations, 2018",,https://nsearchives.nseindia.com/corporate/SECL_06102026122955_Regulation_74_5_-Final.pdf
Gujarat Fluorochemicals Limited,FLUOROCHEM,NSE,2026-10-06T12:29:27,announcement,"Certificate under SEBI (Depositories and Participants) Regulations, 2018",,https://nsearchives.nseindia.com/corporate/FLUOROCHEM_06102026122903_GFCL_-_Regulation_74_5__Confirmation_Certificate_-_30September2026.pdf
The New India Assurance Company Limited,NIACL,NSE,2026-10-06T12:29:23,announcement,"Certificate under SEBI (Depositories and Participants) Regulations, 2018",,https://nsearchives.nseindia.com/corporate/NIACL_06102026122914_Certificate_74.pdf
KNR Constructions Limited,KNRCON,NSE,2026-10-06T12:28:42,announcement,Updates,,https://nsearchives.nseindia.com/corporate/KNRCON_06102026122824_Intimation.pdf
Virtuoso Optoelectronics Limited,VOEPL,NSE,2026-10-06T12:28:27,announcement,General Updates,,https://nsearchives.nseindia.com/corporate/VIRTUOSO_06102026122815_General_Announcement_Final.pdf
Marushika Technology Limited,MARUSHIKA,NSE,2026-10-06T12:27:16,announcement,"Certificate under SEBI (Depositories and Participants) Regulations, 2018",,https://nsearchives.nseindia.com/corporate/MARUSHIKA_06102026122707_Compliance_Certificate_Reg_74_5__Signed.pdf
Divi's Laboratories Limited,DIVISLAB,NSE,2026-10-06T12:26:58,announcement,"Certificate under SEBI (Depositories and Participants) Regulations, 2018",,https://nsearchives.nseindia.com/corporate/DIVISLAB_06102026122638_Reg_74_5_.pdf
Acetech E-Commerce Limited,ACETEC,NSE,2026-10-06T12:26:06,announcement,"Certificate under SEBI (Depositories and Participants) Regulations, 2018",,https://nsearchives.nseindia.com/corporate/ACETECHINC_06102026122550_74_5__SD.pdf
Sical Logistics Limited,SICALLOG,NSE,2026-10-06T12:25:42,announcement,Updates,,https://nsearchives.nseindia.com/corporate/SICALLOG_06102026122526_SUBMISSION.pdf
Sanghvi Movers Limited,SANGHVIMOV,NSE,2026-10-06T12:25:34,announcement,General Updates,,https://nsearchives.nseindia.com/corporate/SANGHVIMOV_06102026122446_SE_Intimation_Reg_10_7__SAST_MRS.pdf
AION-TECH SOLUTIONS LIMITED,GOLDTECH,NSE,2026-10-06T12:25:00,announcement,"Certificate under SEBI (Depositories and Participants) Regulations, 2018",,https://nsearchives.nseindia.com/corporate/GOLDTECH_06102026122423_ATS_REG_74_5_.pdf
Ponni Sugars (Erode) Limited,PONNIERODE,NSE,2026-10-06T12:24:45,announcement,"Certificate under SEBI (Depositories and Participants) Regulations, 2018",,https://nsearchives.nseindia.com/corporate/PONNIERODE_06102026122411_PonniSugarsREG74cert.pdf
Jindal Saw Limited,JINDALSAW,NSE,2026-10-06T12:23:09,announcement,"Certificate under SEBI (Depositories and Participants) Regulations, 2018",,https://nsearchives.nseindia.com/corporate/JINDALSAW_06102026122259_Reg74_5_SE.pdf
Shakti Pumps (India) Limited,SHAKTIPUMP,NSE,2026-10-06T12:21:40,announcement,Bagging/Receiving of orders/contracts,,https://nsearchives.nseindia.com/corporate/SHAKTIPUMP_06102026122041_LetterofEmpanelmentfromMSEDCL.pdf
Interarch Building Solutions Limited,INTERARCH,NSE,2026-10-06T12:21:11,announcement,Bagging/Receiving of orders/contracts,,https://nsearchives.nseindia.com/corporate/INTERARCH1983_06102026122104_IntimationunderRegulation30BaggingAward06102026.pdf
Shree Digvijay Cement Co.Ltd,SHREDIGCEM,NSE,2026-10-06T12:21:04,announcement,"Certificate under SEBI (Depositories and Participants) Regulations, 2018",,https://nsearchives.nseindia.com/corporate/SHREEDIG_06102026122017_L_SDCCL_Compl_Letter_under_Reg74_5__6_10_2026.pdf
Solex Energy Limited,SOLEX,NSE,2026-10-06T12:20:19,announcement,Bagging/Receiving of orders/contracts,,https://nsearchives.nseindia.com/corporate/SOLEX_06102026121952_Intimation_of_Work_Order.pdf
Yuken India Limited,YUKEN,NSE,2026-10-06T12:19:13,announcement,"Certificate under SEBI (Depositories and Participants) Regulations, 2018",,https://nsearchives.nseindia.com/corporate/YUKEN_06102026121852_Certificate_74_5_.pdf
Superhouse Limited,SUPERHOUSE,NSE,2026-10-06T12:14:26,announcement,"Certificate under SEBI (Depositories and Participants) Regulations, 2018",,https://nsearchives.nseindia.com/corporate/share_06102026121233_Regulation_74_Sept_2026.pdf
Avantel Limited,AVANTEL,NSE,2026-10-06T12:14:11,announcement,"Certificate under SEBI (Depositories and Participants) Regulations, 2018",,https://nsearchives.nseindia.com/corporate/AVANTEL_06102026121139_Regulation74.pdf
Adani Power Limited,ADANIPOWER,NSE,2026-10-06T12:12:26,announcement,Updates,,https://nsearchives.nseindia.com/corporate/ADANIPOWER_06102026121219_APLreg74_5_30092026.pdf
Shree Rama Multi-Tech Limited,SHREERAMA,NSE,2026-10-06T12:09:52,announcement,"Certificate under SEBI (Depositories and Participants) Regulations, 2018",,https://nsearchives.nseindia.com/corporate/SHREERAMA_06102026120735_Certificate74SRMTL30092026.pdf
Rentomojo Limited,RENTOMOJO,NSE,2026-10-06T12:09:29,announcement,General Updates,,https://nsearchives.nseindia.com/corporate/RENTMOJO_06102026120735_RentoMojo_Q1FY27_Final.pdf
Powerica Limited,POWERICA,NSE,2026-10-06T12:06:02,announcement,"Certificate under SEBI (Depositories and Participants) Regulations, 2018",,https://nsearchives.nseindia.com/corporate/PowericaNSE_06102026120544_Reg_74_5_Cover_letter_signedSE.pdf
Rama Phosphates Limited,RAMAPHO,NSE,2026-10-06T12:05:44,announcement,"Certificate under SEBI (Depositories and Participants) Regulations, 2018",,https://nsearchives.nseindia.com/corporate/RAMA_06102026120531_RPL-74_5__September_2026_searcheable.pdf
LEAP India Limited,LEAPIND,NSE,2026-10-06T12:05:15,announcement,General Updates,,https://nsearchives.nseindia.com/corporate/LEAPINDIA_06102026120454_Disclosure_as_per_Reg_30.pdf
Finolex Cables Limited,FINCABLES,NSE,2026-10-06T12:03:55,announcement,"Certificate under SEBI (Depositories and Participants) Regulations, 2018",,https://nsearchives.nseindia.com/corporate/CSChandan_06102026120341_Compliance_Certificate_under_Regulations_74_5__2026-27_Q2_signed.pdf
Sona BLW Precision Forgings Limited,SONACOMS,NSE,2026-10-06T12:02:39,announcement,Shareholders meeting,,https://nsearchives.nseindia.com/corporate/SONACOMS_06102026120223_Scrutinizer_Report_final.pdf
Shanthala FMCG Products Limited,SHANTHALA,NSE,2026-10-06T11:58:42,announcement,Extension  of Financial Year,,https://nsearchives.nseindia.com/corporate/SHANTHALA_06102026115719_GNL-1_Approval_Letter_AC5915619_18_Sep_2026.pdf
Cyient Limited,CYIENT,NSE,2026-10-06T11:56:28,announcement,Press Release,,https://nsearchives.nseindia.com/corporate/CYIENT_06102026115611_06102026PRFinalSigned.pdf
DCM  Limited,DCM,NSE,2026-10-06T11:55:22,announcement,"Certificate under SEBI (Depositories and Participants) Regulations, 2018",,https://nsearchives.nseindia.com/corporate/DCMCS_06102026115313_Reg_74_5_30092026_SD.pdf
Master Trust Limited,MASTERTR,NSE,2026-10-06T11:54:52,announcement,"Certificate under SEBI (Depositories and Participants) Regulations, 2018",,https://nsearchives.nseindia.com/corporate/MASTERTRUSTNSE_06102026115433_Letter_-_74_5_.pdf
Andhra Cements Limited,ACL,NSE,2026-10-06T11:53:59,announcement,"Certificate under SEBI (Depositories and Participants) Regulations, 2018",,https://nsearchives.nseindia.com/corporate/ANDHRACEMENT_06102026115347_Reg7430092026.pdf
MBL Infrastructure Limited,MBLINFRA,NSE,2026-10-06T11:52:53,announcement,Press Release,,https://nsearchives.nseindia.com/corporate/MBLINFRA_06102026115236_PressReleaseintimation.pdf
The State Trading Corporation of India Limited,STCINDIA,NSE,2026-10-06T11:52:33,announcement,"Certificate under SEBI (Depositories and Participants) Regulations, 2018",,https://nsearchives.nseindia.com/corporate/STCINDIA_06102026115225_Intimation_30092026.pdf
Dar Credit & Capital Limited,DCCL,NSE,2026-10-06T11:51:41,announcement,"Certificate under SEBI (Depositories and Participants) Regulations, 2018",,https://nsearchives.nseindia.com/corporate/DARCREDIT_06102026115133_Reconciliation_of_Share_Capital_Audit_Report.pdf
Bio Medica Laboratories Limited,BMLL,NSE,2026-10-06T11:49:18,announcement,"Certificate under SEBI (Depositories and Participants) Regulations, 2018",,https://nsearchives.nseindia.com/corporate/BIOMEDICA_06102026114846_Reg_74_5_-Final.pdf
Brainbees Solutions Limited,FIRSTCRY,NSE,2026-10-06T11:48:52,announcement,"Certificate under SEBI (Depositories and Participants) Regulations, 2018",,https://nsearchives.nseindia.com/corporate/BRAINBEES_06102026114818_Disclosure_under_regulation_74_5__.pdf
Jay Bharat Maruti Limited,JAYBARMARU,NSE,2026-10-06T11:48:29,announcement,"Certificate under SEBI (Depositories and Participants) Regulations, 2018",,https://nsearchives.nseindia.com/corporate/JAYBARMARUT_06102026114238_Submission_BSE_NSE.pdf
Gujarat Fluorochemicals Limited,FLUOROCHEM,NSE,2026-10-06T11:45:39,announcement,Copy of Newspaper Publication,,https://nsearchives.nseindia.com/corporate/FLUOROCHEM_06102026114454_GFCL_-_Intimation_of_newspaper_advertisement_-_Special_window_1_1.pdf
VIP Clothing Limited,VIPCLOTHNG,NSE,2026-10-06T11:44:35,announcement,General Updates,,https://nsearchives.nseindia.com/corporate/VIPCLOTHNG_06102026114417_CoverLetter_Special_Window.pdf
West Coast Paper Mills Limited,WSTCSTPAPR,NSE,2026-10-06T11:42:50,announcement,"Certificate under SEBI (Depositories and Participants) Regulations, 2018",,https://nsearchives.nseindia.com/corporate/WSTCSTPAPR_06102026114210_SeventyFourFiveSepTwentysix.pdf
Zodiac Energy Limited,ZODIAC,NSE,2026-10-06T11:42:29,announcement,Acquisition,,https://nsearchives.nseindia.com/corporate/ZODIAC_06102026114218_Reg_30_Final_.pdf
Info Edge (India) Limited,NAUKRI,NSE,2026-10-06T11:41:20,announcement,"Certificate under SEBI (Depositories and Participants) Regulations, 2018",,https://nsearchives.nseindia.com/corporate/NAUKRI2_06102026114109_IEIL_Reg74_5_.pdf
Grand Foundry Limited,GFSTEELS,NSE,2026-10-06T11:40:46,announcement,General Updates,,https://nsearchives.nseindia.com/corporate/GFSTEELS_06102026114037_Disclosure_for_Revised_CA_certifiacte_general_announcement.pdf
Taj GVK Hotels & Resorts Limited,TAJGVK,NSE,2026-10-06T11:40:02,announcement,"Certificate under SEBI (Depositories and Participants) Regulations, 2018",,https://nsearchives.nseindia.com/corporate/TAJGVK_06102026113949_RTACertificate1.pdf
MBL Infrastructure Limited,MBLINFRA,NSE,2026-10-06T11:39:25,announcement,General Updates,,https://nsearchives.nseindia.com/corporate/MBLINFRA_06102026113859_UpdateonarbitrationAward.pdf
Enviro Infra Engineers Limited,EIEL,NSE,2026-10-06T11:36:15,announcement,"Certificate under SEBI (Depositories and Participants) Regulations, 2018",,https://nsearchives.nseindia.com/corporate/ENVIRO_06102026113519_74_5__Intimation.pdf
Meesho Limited,MEESHO,NSE,2026-10-06T11:36:07,announcement,Press Release,,https://nsearchives.nseindia.com/corporate/MEESHO_06102026113557_PressRelease.pdf
Annu Projects Limited,ANNU,NSE,2026-10-06T11:35:58,announcement,General Updates,,https://nsearchives.nseindia.com/corporate/ANNU2025_06102026113516_Announcement.pdf
Kesoram Industries Limited,KESORAMIND,NSE,2026-10-06T11:35:49,announcement,"Certificate under SEBI (Depositories and Participants) Regulations, 2018",,https://nsearchives.nseindia.com/corporate/KESORAMIND_06102026113533_Reg74_5_.pdf
Twamev Construction and Infrastructure Limited,TICL,NSE,2026-10-06T11:35:35,announcement,"Certificate under SEBI (Depositories and Participants) Regulations, 2018",,https://nsearchives.nseindia.com/corporate/TCLCONS_06102026113527_Regulation745September2026.pdf
Aequs Limited,AEQUS,NSE,2026-10-06T11:34:35,announcement,"Certificate under SEBI (Depositories and Participants) Regulations, 2018",,https://nsearchives.nseindia.com/corporate/AEQUSLIMITED_06102026113352_Certificate_Regulation_74_5_.pdf
BALAXI PHARMACEUTICALS LIMITED,BALAXI,NSE,2026-10-06T11:33:32,announcement,Copy of Newspaper Publication,,https://nsearchives.nseindia.com/corporate/BALAXI_06102026113308_Balaxi_NSE_Intimation_of_Special_Window_06102026.pdf
Neueon Corporation Limited,NEUEON,NSE,2026-10-06T11:33:25,announcement,"Certificate under SEBI (Depositories and Participants) Regulations, 2018",,https://nsearchives.nseindia.com/corporate/NTL_06102026113310_NCL_Letter-_74_5__signed.pdf
Schneider Electric Infrastructure Limited,SCHNEIDER,NSE,2026-10-06T11:30:53,announcement,Copy of Newspaper Publication,,https://nsearchives.nseindia.com/corporate/SCHNEIDER_06102026113015_SEIL_Newspaper_publication_Relodge_of_physcial_shares_Oct_2026.pdf
Hester Biosciences Limited,HESTERBIO,NSE,2026-10-06T11:30:39,announcement,General Updates,,https://nsearchives.nseindia.com/corporate/HESTERBIO_06102026113026_20261006OutcomeanddisclosureofBoardMeeting.pdf
Sumitomo Chemical India Limited,SUMICHEM,NSE,2026-10-06T11:29:37,announcement,"Certificate under SEBI (Depositories and Participants) Regulations, 2018",,https://nsearchives.nseindia.com/corporate/SUMICHEM_06102026112915_Letter_Reg_74_5.pdf
Aurum PropTech Limited,AURUM,NSE,2026-10-06T11:29:26,announcement,"Certificate under SEBI (Depositories and Participants) Regulations, 2018",,https://nsearchives.nseindia.com/corporate/AURUM_06102026112731_CertificateReg74_5_.pdf
Godawari Power And Ispat limited,GPIL,NSE,2026-10-06T11:28:04,announcement,General Updates,,https://nsearchives.nseindia.com/corporate/GPIL_06102026112731_GPILGNEPLNSEBSEEC06102026.pdf
Neueon Corporation Limited,NEUEON,NSE,2026-10-06T11:27:43,announcement,Structural Digital Database,,https://nsearchives.nseindia.com/corporate/NTL_06102026112732_A.pdf
Gujarat State Fertilizers & Chemicals Limited,GSFC,NSE,2026-10-06T11:27:40,announcement,Credit Rating,,https://nsearchives.nseindia.com/corporate/GSFC_06102026112721_CARERATING06102026.pdf
GVK Power & Infrastructure Limited,GVKPIL,NSE,2026-10-06T11:27:34,announcement,"Certificate under SEBI (Depositories and Participants) Regulations, 2018",,https://nsearchives.nseindia.com/corporate/GVKPIL_06102026112714_Certificateunderreg74530092026FINAL.pdf
Hester Biosciences Limited,HESTERBIO,NSE,2026-10-06T11:27:03,announcement,Outcome of Board Meeting,,https://nsearchives.nseindia.com/corporate/HESTERBIO_06102026112635_20261006OutcomeanddisclosureofBoardMeeting.pdf
Xpro India Limited,XPROINDIA,NSE,2026-10-06T11:26:39,announcement,"Certificate under SEBI (Depositories and Participants) Regulations, 2018",,https://nsearchives.nseindia.com/corporate/XPROINDIASKD_06102026112006_XIL_Reg_74_5__signed.pdf
Navneet Education Limited,NAVNETEDUL,NSE,2026-10-06T11:26:01,announcement,"Certificate under SEBI (Depositories and Participants) Regulations, 2018",,https://nsearchives.nseindia.com/corporate/Navneet26_06102026112552_Regulation74Final.pdf
Sar Televenture Limited,SARTELE,NSE,2026-10-06T11:23:24,announcement,Shareholders meeting,,https://nsearchives.nseindia.com/corporate/SARTELEVENTURE2023_06102026112312_SAR_Postal_Ballot.pdf
BF Investment Limited,BFINVEST,NSE,2026-10-06T11:21:07,announcement,Copy of Newspaper Publication,,https://nsearchives.nseindia.com/corporate/BFINVEST_06102026112059_Newspaper_publication_relodgement_06102026.pdf
Privi Speciality Chemicals Limited,PRIVISCL,NSE,2026-10-06T11:19:28,announcement,General Updates,,https://nsearchives.nseindia.com/corporate/FAIRCHEMDP_06102026111909_NoticetoNSE.pdf
STEEL EXCHANGE INDIA LIMITED,STEELXIND,NSE,2026-10-06T11:19:28,announcement,Press Release,,https://nsearchives.nseindia.com/corporate/STEELXIND_06102026111905_Intimation_of_Press_Release_06102026_Final_Signed.pdf
Hisar Metal Industries Limited,HISARMETAL,NSE,2026-10-06T11:17:59,announcement,Structural Digital Database,,https://nsearchives.nseindia.com/corporate/HISARMETAL_06102026111750_MergedSDD.pdf
Navneet Education Limited,NAVNETEDUL,NSE,2026-10-06T11:17:46,announcement,Extension  of Financial Year,,https://nsearchives.nseindia.com/corporate/Navneet26_06102026111729_Reg30DisclosureForapprovalforextensionofAGMofNELandILPLfinal.pdf
WESTLIFE FOODWORLD LIMITED,WESTLIFE,NSE,2026-10-06T11:17:11,announcement,Analysts/Institutional Investor Meet/Con. Call Updates,,https://nsearchives.nseindia.com/corporate/RadhaWestlife_06102026111656_SEs_intimation-Earnings_call_-_06-10-2026__9_.pdf
CP Capital Limited,CPCAP,NSE,2026-10-06T11:16:13,announcement,"Certificate under SEBI (Depositories and Participants) Regulations, 2018",,https://nsearchives.nseindia.com/corporate/CAREERP_06102026111605_Compliance_certificate_74_5_.pdf
LG Electronics India Limited,LGEINDIA,NSE,2026-10-06T11:15:32,announcement,"Certificate under SEBI (Depositories and Participants) Regulations, 2018",,https://nsearchives.nseindia.com/corporate/LGEINDIA_06102026111440_Compliance_under_74_5__of_SEBI__DP__Regulations_2018.pdf
ADF Foods Limited,ADFFOODS,NSE,2026-10-06T11:15:04,announcement,"Certificate under SEBI (Depositories and Participants) Regulations, 2018",,https://nsearchives.nseindia.com/corporate/ADFFOODS1_06102026111435_Reg74_5_30092026.pdf
Tata Chemicals Limited,TATACHEM,NSE,2026-10-06T11:14:30,announcement,General Updates,,https://nsearchives.nseindia.com/corporate/TATACHEMYS_06102026111239_SE_Intimation_signed.pdf
Mangalam Organics Limited,MANORG,NSE,2026-10-06T11:13:50,announcement,"Certificate under SEBI (Depositories and Participants) Regulations, 2018",,https://nsearchives.nseindia.com/corporate/MANORG_06102026111337_Reg74dpMOL06.pdf
Signet Industries Limited,SIGIND,NSE,2026-10-06T11:10:32,announcement,"Certificate under SEBI (Depositories and Participants) Regulations, 2018",,https://nsearchives.nseindia.com/corporate/SIGIND_06102026111022_CertificateDpRegulationsfinal.pdf
BEML Land Assets Limited,BLAL,NSE,2026-10-06T11:10:03,announcement,"Certificate under SEBI (Depositories and Participants) Regulations, 2018",,https://nsearchives.nseindia.com/corporate/BLAL_06102026110955_74_5__dp_certificate_-30092026.pdf
Bajaj Hindusthan Sugar Limited,BAJAJHIND,NSE,2026-10-06T11:09:49,announcement,"Certificate under SEBI (Depositories and Participants) Regulations, 2018",,https://nsearchives.nseindia.com/corporate/BAJAJNEAPS1_06102026110912_SE_intimation_Reg_74_5_RTA_certificate_30092026.pdf
TBO Tek Limited,TBOTEK,NSE,2026-10-06T11:09:34,announcement,"Certificate under SEBI (Depositories and Participants) Regulations, 2018",,https://nsearchives.nseindia.com/corporate/9810411243_06102026110756_74_5_06102026.pdf
Nectar Lifesciences Limited,NECLIFE,NSE,2026-10-06T11:08:25,announcement,"Certificate under SEBI (Depositories and Participants) Regulations, 2018",,https://nsearchives.nseindia.com/corporate/NECLIFE_06102026110737_NECLIFE_Reg_74_5__Signed.pdf
Alicon Castalloy Limited,ALICON,NSE,2026-10-06T11:06:15,announcement,"Certificate under SEBI (Depositories and Participants) Regulations, 2018",,https://nsearchives.nseindia.com/corporate/ALICON_06102026110609_Letter.pdf
Steamhouse India Limited,STEAMHOUSE,NSE,2026-10-06T11:04:42,announcement,"Certificate under SEBI (Depositories and Participants) Regulations, 2018",,https://nsearchives.nseindia.com/corporate/CAVAIBHAVGATTANI_06102026110404_CertificateunderRegulation74SHIL.pdf
Career Point Edutech Limited,CPEDU,NSE,2026-10-06T11:02:38,announcement,"Certificate under SEBI (Depositories and Participants) Regulations, 2018",,https://nsearchives.nseindia.com/corporate/EDUTECH_06102026110227_Compliance_certificate_74_5_.pdf
EPack Prefab Technologies Limited,EPACKPEB,NSE,2026-10-06T10:57:34,announcement,"Certificate under SEBI (Depositories and Participants) Regulations, 2018",,https://nsearchives.nseindia.com/corporate/EPACKPREFAB_06102026105715_Intimation_Compliance_Certificate_RTA_74_5_.pdf
Omnitech Engineering Limited,OMNI,NSE,2026-10-06T10:57:29,announcement,"Certificate under SEBI (Depositories and Participants) Regulations, 2018",,https://nsearchives.nseindia.com/corporate/OMNITECHENG_06102026105702_Confirmation_Certificate__Signed.pdf
Akme Fintrade (India) Limited,AFIL,NSE,2026-10-06T10:55:09,announcement,General Updates,,https://nsearchives.nseindia.com/corporate/AKMEFINTRADE_06102026105456_Intimation_Letter.pdf
Xelpmoc Design And Tech Limited,XELPMOC,NSE,2026-10-06T10:54:21,announcement,Price movement,,https://nsearchives.nseindia.com/corporate/XELPMOC_06102026105225_BSE_NSE_Reply_Final.pdf
Bajaj Hindusthan Sugar Limited,BAJAJHIND,NSE,2026-10-06T10:53:22,announcement,Structural Digital Database,,https://nsearchives.nseindia.com/corporate/BAJAJNEAPS1_06102026105236_SE_Intimation_Certificate_Reg_3_5__SEBI__PIT__30092026.pdf
Railtel Corporation Of India Limited,RAILTEL,NSE,2026-10-06T10:53:20,announcement,Bagging/Receiving of orders/contracts,,https://nsearchives.nseindia.com/corporate/RAILTEL_06102026105301_Railtel_Order_Book_Company_Rep_051026.pdf
HP Telecom India Limited,HPTL,NSE,2026-10-06T10:51:56,announcement,Credit Rating- Revision,,https://nsearchives.nseindia.com/corporate/HPTL_06102026104617_Intimation_of_Credit_Rating.pdf
Krystal Integrated Services Limited,KRYSTAL,NSE,2026-10-06T10:49:57,announcement,"Certificate under SEBI (Depositories and Participants) Regulations, 2018",,https://nsearchives.nseindia.com/corporate/KISL123_06102026104949_Reg74_5__KISL_.pdf
Vinod Texworld Limited,VINOD,NSE,2026-10-06T10:48:09,announcement,Updates,,https://nsearchives.nseindia.com/corporate/VINOD_06102026104459_NSE__Price_Movement.pdf
Clay Craft India Limited,CLAYCRAFT,NSE,2026-10-06T10:48:00,announcement,Analysts/Institutional Investor Meet/Con. Call Updates,,https://nsearchives.nseindia.com/corporate/CLAYCRAFT_06102026104706_IntimationofInvestorMeet06102026.pdf
UCO Bank,UCOBANK,NSE,2026-10-06T10:46:29,announcement,"Certificate under SEBI (Depositories and Participants) Regulations, 2018",,https://nsearchives.nseindia.com/corporate/UCOBANK_06102026104621_NSEBSE74530092026.pdf
Punjab Chemicals & Crop Protection Limited,PUNJABCHEM,NSE,2026-10-06T10:46:18,announcement,"Certificate under SEBI (Depositories and Participants) Regulations, 2018",,https://nsearchives.nseindia.com/corporate/PUNJAB_06102026104601_Letter74.pdf
Amber Enterprises India Limited,AMBER,NSE,2026-10-06T10:37:49,announcement,Acquisition,,https://nsearchives.nseindia.com/corporate/AMBER_06102026103721_SEIntimation_of_Amber_Digital_Tech_Incorporation_06102026.pdf
NIIT Limited,NIITLTD,NSE,2026-10-06T10:33:35,announcement,"Certificate under SEBI (Depositories and Participants) Regulations, 2018",,https://nsearchives.nseindia.com/corporate/NIITLTD_06102026103320_NiitletterRTACertificatesec74_5_mergesigned.pdf
Steamhouse India Limited,STEAMHOUSE,NSE,2026-10-06T10:28:37,announcement,Copy of Newspaper Publication,,https://nsearchives.nseindia.com/corporate/CAVAIBHAVGATTANI_06102026102809_NewspaperPublication06102026.pdf
LMW Limited,LMW,NSE,2026-10-06T10:26:35,announcement,Copy of Newspaper Publication,,https://nsearchives.nseindia.com/corporate/LAXMIMACH_06102026102541_FILINGNEWSPAPAER.pdf
Beta Drugs Limited,BETA,NSE,2026-10-06T10:25:41,announcement,"Certificate under SEBI (Depositories and Participants) Regulations, 2018",,https://nsearchives.nseindia.com/corporate/BETA_06102026102532_SEBI_DEP_CERT.pdf
ICICI Bank Limited,ICICIBANK,NSE,2026-10-06T10:25:00,announcement,ESOP/ESOS/ESPS,,https://nsearchives.nseindia.com/corporate/ICICIBANK1_06102026102442_Lettertoexchange.pdf
UTI Asset Management Company Limited,UTIAMC,NSE,2026-10-06T10:24:12,announcement,"Certificate under SEBI (Depositories and Participants) Regulations, 2018",,https://nsearchives.nseindia.com/corporate/CSUTIAMC_06102026102401_74_5_.pdf
Transrail Lighting Limited,TRANSRAILL,NSE,2026-10-06T10:14:55,announcement,Press Release,,https://nsearchives.nseindia.com/corporate/TRANSRAIL_06102026101401_TLLPressrelease06102026.pdf
Stove Kraft Limited,STOVEKRAFT,NSE,2026-10-06T10:14:25,announcement,General Updates,,https://nsearchives.nseindia.com/corporate/STOVEKRAFT_06102026101159_ESG_Rating_Covering_letter.pdf
Mukand Limited,MUKANDLTD,NSE,2026-10-06T09:59:36,announcement,Structural Digital Database,,https://nsearchives.nseindia.com/corporate/MUKANDLTD_06102026095906_ML_SDD_Comp_Cert_Sep_26.pdf
Honda India Power Products Limited,HONDAPOWER,NSE,2026-10-06T09:55:26,announcement,Copy of Newspaper Publication,,https://nsearchives.nseindia.com/corporate/HONDAPOWER_06102026095456_BImonthlynewspaperadvertisement_signed.pdf
Supreme Infrastructure India Limited,SUPREMEINF,NSE,2026-10-06T09:54:01,announcement,Extension  of Financial Year,,https://nsearchives.nseindia.com/corporate/SUPREMEINF_06102026095341_SUPREMEINF18092026172056Reg30forAGMextension.pdf
Technocraft Industries (India) Limited,TIIL,NSE,2026-10-06T09:53:15,announcement,"Certificate under SEBI (Depositories and Participants) Regulations, 2018",,https://nsearchives.nseindia.com/corporate/TIIL_06102026095243_upload.pdf
KNR Constructions Limited,KNRCON,NSE,2026-10-06T09:49:33,announcement,Updates,,https://nsearchives.nseindia.com/corporate/KNRCON_06102026094922_Intimation.pdf
Mamata Machinery Limited,MAMATA,NSE,2026-10-06T09:39:48,announcement,"Certificate under SEBI (Depositories and Participants) Regulations, 2018",,https://nsearchives.nseindia.com/corporate/MAMATA_06102026093941_MML_74-5_intimation_30092026.pdf
Lupin Limited,LUPIN,NSE,2026-10-06T09:38:12,announcement,Press Release,,https://nsearchives.nseindia.com/corporate/Lupin2_06102026093541_SELetterpressrelease.pdf
Hariom Pipe Industries Limited,HARIOMPIPE,NSE,2026-10-06T09:37:08,announcement,Analysts/Institutional Investor Meet/Con. Call Updates,,https://nsearchives.nseindia.com/corporate/hariompipes_06102026093436_Regulation_30_Investor_Meet_Signed.pdf
The State Trading Corporation of India Limited,STCINDIA,NSE,2026-10-06T09:33:41,announcement,Extension  of Financial Year,,https://nsearchives.nseindia.com/corporate/STCINDIA_06102026093331_INTIMATION_EXTENSION_OF_70AGM.pdf
Gujarat State Fertilizers & Chemicals Limited,GSFC,NSE,2026-10-06T09:22:34,announcement,Trading Window,,https://nsearchives.nseindia.com/corporate/GSFC_06102026092201_BMCan06102026.pdf
Honasa Consumer Limited,HONASA,NSE,2026-10-06T09:00:51,announcement,Updates,,https://nsearchives.nseindia.com/corporate/HONASA16_06102026090029_QuarterlyUpdateS.pdf
Glenmark Pharmaceuticals Limited,GLENMARK,NSE,2026-10-06T08:38:46,announcement,Press Release,,https://nsearchives.nseindia.com/corporate/GLENMARK_06102026083500_SEIntimation_06102026.pdf
Shyam Metalics and Energy Limited,SHYAMMETL,NSE,2026-10-06T08:37:45,announcement,Monthly Business Updates,,https://nsearchives.nseindia.com/corporate/SHYAMMETL_06102026083734_SMELSalesRelease06102026.pdf
Patel Retail Limited,PATELRMART,NSE,2026-10-06T07:50:40,announcement,Press Release,,https://nsearchives.nseindia.com/corporate/PATEL_06102026074738_PRL_Press_Release.pdf
Angel One Limited,ANGELONE,NSE,2026-10-06T07:36:59,announcement,Monthly Business Updates,,https://nsearchives.nseindia.com/corporate/ANGEL8896_06102026073616_October062026_Intimation_of_Business_updates.pdf
Indian Energy Exchange Limited,IEX,NSE,2026-10-06T07:32:02,announcement,Press Release,,https://nsearchives.nseindia.com/corporate/IEX_06102026073150_IEX_Media_Release_Power_Market_Update_September26_signed.pdf
Adani Power Limited,ADANIPOWER,NSE,2026-10-06T07:00:08,announcement,Memorandum of Understanding/Agreements,,https://nsearchives.nseindia.com/corporate/ADANIPOWER_06102026065235_APLSigningofSHAtosetup770MWChamkharchhuHEPinBhutan05102026.pdf
PTC Industries Limited,PTCIL,NSE,2026-10-06T00:25:53,announcement,General Updates,,https://nsearchives.nseindia.com/corporate/PTCINDUSTRIES_06102026002539_Exchange_outcome_BM_6102026.pdf
Veegaland Developers Limited,VEEGALAND,NSE,2026-10-06T00:00:00,upcoming event,Financial Results,,
Asset Reconstruction Company (India) Limited,ARCIL,NSE,2026-10-06T00:00:00,upcoming event,Financial Results,,
Glass Wall Systems (India) Limited,GLASSWALL,NSE,2026-10-06T00:00:00,upcoming event,Financial Results,,
Kanohar Electricals Limited,KANOHAR,NSE,2026-10-06T00:00:00,upcoming event,Financial Results/Other business matters,,
Karamtara Engineering Limited,KARAMTARA,NSE,2026-10-06T00:00:00,upcoming event,Financial Results,,
Upsurge Seeds Of Agriculture Limited,USASEEDS,NSE,2026-10-05T23:59:31,announcement,Shareholders meeting,,https://nsearchives.nseindia.com/corporate/USAL_05102026235922_CL_merged__1_sS.pdf
ICICI Lombard General Insurance Company Limited,ICICIGI,NSE,2026-10-05T23:52:13,announcement,ESOP/ESOS/ESPS,,https://nsearchives.nseindia.com/corporate/ICICIGI_05102026235009_ESOSIntimationOctoberI.pdf
Bhagiradha Chemicals & Industries Limited,BHAGCHEM,NSE,2026-10-05T23:35:51,announcement,"Certificate under SEBI (Depositories and Participants) Regulations, 2018",,https://nsearchives.nseindia.com/corporate/BHAGCHEM_05102026233523_seintimation_.pdf
Rentomojo Limited,RENTOMOJO,NSE,2026-10-05T23:28:51,announcement,Outcome of Board Meeting,,https://nsearchives.nseindia.com/corporate/RENTMOJO_05102026232826_RM_BM_outcome.pdf
Mahickra Chemicals Limited,MAHICKRA,NSE,2026-10-05T23:07:48,announcement,Shareholders meeting,,https://nsearchives.nseindia.com/corporate/Mahickra_05102026230737_Intimation_of_Voting_Results_30-09-2026.pdf
Waterways Leisure Tourism Limited,CORDELIA,NSE,2026-10-05T23:02:47,announcement,Analysts/Institutional Investor Meet/Con. Call Updates,,https://nsearchives.nseindia.com/corporate/CORDELIA_05102026230226_Intimation_of_Earning_Calls_Q2_and_H1.pdf
Swiggy Limited,SWIGGY,NSE,2026-10-05T22:50:11,announcement,General Updates,,https://nsearchives.nseindia.com/corporate/CSSWIGGY_05102026224939_Clarification_Stock-Exchange-Intimation_Noice.pdf
Dr. Agarwal's Health Care Limited,AGARWALEYE,NSE,2026-10-05T22:49:57,announcement,Amalgamation/Merger,,https://nsearchives.nseindia.com/corporate/DRAGARWALS_05102026224943_C45_AHCL_NCLT_Sanction_Order_sd.pdf
ICICI Prudential Asset Management Company Limited,ICICIAMC,NSE,2026-10-05T22:37:54,announcement,Resignation of Director/KMP/SMP,,https://nsearchives.nseindia.com/corporate/ICICIAMC_ROID_99815_KMP_Doc.zip
ICICI Prudential Asset Management Company Limited,ICICIAMC,NSE,2026-10-05T22:35:28,announcement,Resignation,,https://nsearchives.nseindia.com/corporate/AMCSECRETARIAL_05102026223512_ICICIAMCintimationforChangeinDirector.pdf
D. P. Abhushan Limited,DPABHUSHAN,NSE,2026-10-05T22:33:57,announcement,Issue of Securities,,https://nsearchives.nseindia.com/corporate/DPABHUSHAN_05102026223346_Outcome_of_BM_05-10-2026.pdf
ICICI Prudential Asset Management Company Limited,ICICIAMC,NSE,2026-10-05T22:32:55,announcement,Appointment,,https://nsearchives.nseindia.com/corporate/AMCSECRETARIAL_05102026223240_ICICIAMCintimationforChangeinDirector.pdf
D. P. Abhushan Limited,DPABHUSHAN,NSE,2026-10-05T22:32:15,announcement,Outcome of Board Meeting,,https://nsearchives.nseindia.com/corporate/DPABHUSHAN_05102026223133_Outcome_of_BM_05-10-2026.pdf
SMVD Poly Pack Limited,SMVD,NSE,2026-10-05T22:28:27,announcement,"Certificate under SEBI (Depositories and Participants) Regulations, 2018",,https://nsearchives.nseindia.com/corporate/SMVD_05102026222809_DP.pdf
ICICI Prudential Asset Management Company Limited,ICICIAMC,NSE,2026-10-05T22:28:01,announcement,Change in Director(s),,https://nsearchives.nseindia.com/corporate/AMCSECRETARIAL_05102026222721_ICICIAMCintimationforChangeinDirector.pdf
Minda Corporation Limited,MINDACORP,NSE,2026-10-05T22:04:51,announcement,General Updates,,https://nsearchives.nseindia.com/corporate/MINDACORP_05102026220438_shareacquisitionsmtdsigned.pdf
TRANSWORLD SHIPPING LINES LIMITED,TRANSWORLD,NSE,2026-10-05T21:54:35,announcement,General Updates,,https://nsearchives.nseindia.com/corporate/TRANSWORLD_05102026215352_InitimationforsaleofvesselSSL_Sabarimalaisigned.pdf
eMudhra Limited,EMUDHRA,NSE,2026-10-05T21:53:59,announcement,"Certificate under SEBI (Depositories and Participants) Regulations, 2018",,https://nsearchives.nseindia.com/corporate/EMUDHRA2008_05102026215136_74_5_Certificate_s.pdf
Indian Renewable Energy Development Agency Limited,IREDA,NSE,2026-10-05T21:37:38,announcement,Press Release,,https://nsearchives.nseindia.com/corporate/IREDAEQ_05102026213719_SignedMOUMNRE05102026.pdf
Himalayan Solar Limited,HIMALAYAN,NSE,2026-10-05T21:28:00,announcement,Updates,,https://nsearchives.nseindia.com/corporate/HIMALAYAN_05102026212729_7_1__-_SEBI_LODR.pdf
Himalayan Solar Limited,HIMALAYAN,NSE,2026-10-05T21:16:29,announcement,Updates,,https://nsearchives.nseindia.com/corporate/HIMALAYAN_05102026211512_KMP_for_materiality_of_events.pdf
Ethos Limited,ETHOSLTD,NSE,2026-10-05T21:15:29,announcement,Change in Management,,https://nsearchives.nseindia.com/corporate/ETHOS_05102026211437_DisclosureSeniormanagementResign.pdf
Himalayan Solar Limited,HIMALAYAN,NSE,2026-10-05T21:09:52,announcement,Updates,,https://nsearchives.nseindia.com/corporate/HIMALAYAN_05102026210550_6_1__-_SEBI_LODR.pdf
Rox Hi Tech Limited,ROXHITECH,NSE,2026-10-05T21:08:42,announcement,Credit Rating,,https://nsearchives.nseindia.com/corporate/ROX_2002_05102026210601_Update.pdf
HLE Glascoat Limited,HLEGLAS,NSE,2026-10-05T21:06:55,announcement,Acquisition,,https://nsearchives.nseindia.com/corporate/HLEGLASCOAT_05102026210421_Reg_30_1_sd.pdf
Solex Energy Limited,SOLEX,NSE,2026-10-05T21:05:55,announcement,Bagging/Receiving of orders/contracts,,https://nsearchives.nseindia.com/corporate/SOLEX_05102026210533_Intimation_of_Work_Order.pdf
Kothari Sugars And Chemicals Limited,KOTARISUG,NSE,2026-10-05T21:04:58,announcement,Amalgamation/Merger,,https://nsearchives.nseindia.com/corporate/KOTARISUG_05102026210359_IntimationofreceiptofNCLTOrder.pdf
AWL Agri Business Limited,AWL,NSE,2026-10-05T21:04:16,announcement,Updates,,https://nsearchives.nseindia.com/corporate/AWL_05102026210343_SEQuarterly_updates_Q2FY27.pdf
Kothari Sugars And Chemicals Limited,KOTARISUG,NSE,2026-10-05T21:01:58,announcement,Copy of Newspaper Publication,,https://nsearchives.nseindia.com/corporate/KOTARISUG_05102026203035_KSCLInitmationofnewspaperad.pdf
PPAP Automotive Limited,PPAP,NSE,2026-10-05T20:58:19,announcement,Shareholders meeting,,https://nsearchives.nseindia.com/corporate/PPAP_05102026205743_Voting_Result_merged.pdf
Bombay Super Hybrid Seeds Limited,BSHSL,NSE,2026-10-05T20:55:21,announcement,Shareholders meeting,,https://nsearchives.nseindia.com/corporate/BSHSL_05102026205507_SR_mergedSs_05102026.pdf
NTPC Limited,NTPC,NSE,2026-10-05T20:47:00,announcement,Cessation,,https://nsearchives.nseindia.com/corporate/NTPC_05102026203959_20261005_Cessation_of_Director.pdf
Zydus Lifesciences Limited,ZYDUSLIFE,NSE,2026-10-05T20:41:59,announcement,Press Release,,https://nsearchives.nseindia.com/corporate/Cadilahc_05102026204016_PressRelease05102026.pdf
Raj Oil Mills Limited,ROML,NSE,2026-10-05T20:39:49,announcement,Resignation of Director/KMP/SMP,,https://nsearchives.nseindia.com/corporate/ROML_ROID_99809_KMP_Doc.zip
Raj Oil Mills Limited,ROML,NSE,2026-10-05T20:34:14,announcement,Resignation,,https://nsearchives.nseindia.com/corporate/ROML_05102026203358_Change_in_Mngt_kmp.pdf
RPSG VENTURES LIMITED,RPSGVENT,NSE,2026-10-05T20:34:04,announcement,Copy of Newspaper Publication,,https://nsearchives.nseindia.com/corporate/RPSGVENT_05102026202925_RVL_SPECIAL_WINDOW_.pdf
Anawil Wire and Engineering Limited,ANAWIL,NSE,2026-10-05T20:32:58,announcement,Analysts/Institutional Investor Meet/Con. Call Updates,,https://nsearchives.nseindia.com/corporate/ANAWIL_05102026203154_Outcome_of_the_meet.pdf
Adani Ports and Special Economic Zone Limited,ADANIPORTS,NSE,2026-10-05T20:32:53,announcement,Analysts/Institutional Investor Meet/Con. Call Updates,,https://nsearchives.nseindia.com/corporate/rkbhagia_05102026203229_SEINTIMATION.pdf
Rollatainers Limited,ROLLT,NSE,2026-10-05T20:32:53,announcement,Shareholders meeting,,https://nsearchives.nseindia.com/corporate/ROLLT_05102026203246_voyingresults.pdf
Acme Solar Holdings Limited,ACMESOLAR,NSE,2026-10-05T20:30:26,announcement,Commencement of commercial production/operations,,https://nsearchives.nseindia.com/corporate/ACMECS_05102026203005_Intimation05102026.pdf
Shivalic Power Control Limited,SPCL,NSE,2026-10-05T20:28:32,announcement,Shareholders meeting,,https://nsearchives.nseindia.com/corporate/SHIVALIC_05102026202811_Final_Disclosure_sd.pdf
Manipal Payment and Identity Solutions Limited,MPIMANIPAL,NSE,2026-10-05T20:28:28,announcement,Analysts/Institutional Investor Meet/Con. Call Updates,,https://nsearchives.nseindia.com/corporate/MANIPALCARDSIPO_05102026202540_Audiorecording_of_Conference_call_with_analysts_and_investors.pdf
Anand Rathi Wealth Limited,ANANDRATHI,NSE,2026-10-05T20:28:03,announcement,"Certificate under SEBI (Depositories and Participants) Regulations, 2018",,https://nsearchives.nseindia.com/corporate/ANANDRATHI_05102026202755_Reg74SD.pdf
Vijaypd Ceutical Limited,VIJAYPD,NSE,2026-10-05T20:27:34,announcement,General Updates,,https://nsearchives.nseindia.com/corporate/VIJAYPD_05102026202650_NSE_announcement-_IR_PR.pdf
Marico Limited,MARICO,NSE,2026-10-05T20:23:19,announcement,Acquisition,,https://nsearchives.nseindia.com/corporate/marico_05102026201924_Seint_1.pdf
Tata Motors Limited,TMCV,NSE,2026-10-05T20:20:17,announcement,Analysts/Institutional Investor Meet/Con. Call Updates,,https://nsearchives.nseindia.com/corporate/TMLCOMMERCIAL_05102026201946_NSEBSETMLLETTERFINAL.pdf
IndusInd Bank Limited,INDUSINDBK,NSE,2026-10-05T20:18:07,announcement,General Updates,,https://nsearchives.nseindia.com/corporate/INDUSINDBK3_05102026201747_SE_Key_NumbersQ2FY2027.pdf
SBFC Finance Limited,SBFC,NSE,2026-10-05T20:16:08,announcement,Credit Rating,,https://nsearchives.nseindia.com/corporate/SBFC_05102026201552_Credit_Rating_signed.pdf
Dhariwalcorp Limited,DHARIWAL,NSE,2026-10-05T20:06:12,announcement,Shareholders meeting,,https://nsearchives.nseindia.com/corporate/DHARIWALCORP_05102026200606_REG_34_1.pdf
ANI Integrated Services Limited,AISL,NSE,2026-10-05T20:05:43,announcement,Record Date,,https://nsearchives.nseindia.com/corporate/AISL_05102026194333_Record_Date_Intimation_signed.pdf
Aarey Drugs & Pharmaceuticals Limited,AAREYDRUGS,NSE,2026-10-05T20:03:02,announcement,Shareholders meeting,,https://nsearchives.nseindia.com/corporate/AAREYDRUGS_05102026195844_Final_Upload.pdf
Rajgor Castor Derivatives Limited,RCDL,NSE,2026-10-05T20:02:32,announcement,Updates,,https://nsearchives.nseindia.com/corporate/RAJGOR_05102026195934_Intimation_of_trading_approval_upload.pdf
Capital India Finance Limited,CIFL,NSE,2026-10-05T19:57:09,announcement,General Updates,,https://nsearchives.nseindia.com/corporate/CIFL_05102026195648_IntimationAppointmentofCSandCCO.pdf
Kothari Petrochemicals Limited,KOTHARIPET,NSE,2026-10-05T19:55:37,announcement,Copy of Newspaper Publication,,https://nsearchives.nseindia.com/corporate/KOTHARIPET_05102026195520_Initmationofnewspaperad.pdf
Pelatro Limited,PELATRO,NSE,2026-10-05T19:53:52,announcement,"Certificate under SEBI (Depositories and Participants) Regulations, 2018",,https://nsearchives.nseindia.com/corporate/PELATRO_05102026195245_Reg_74_5_PELATRO.pdf
Opto Circuits (India) Limited,OPTOCIRCUI,NSE,2026-10-05T19:53:48,announcement,Corporate Insolvency Resolution Process,,https://nsearchives.nseindia.com/corporate/OPTOCIRCUI_05102026195337_OCIL_-_Intimation_Along_with_NCLT_Order.pdf
Sab Events & Governance Now Media Limited,SABEVENTS,NSE,2026-10-05T19:52:49,announcement,General Updates,,https://nsearchives.nseindia.com/corporate/SABEVENTS_05102026195219_SE_Intimation_Payment_of_outstanding_dues.pdf
Asian Hotels (North) Limited,ASIANHOTNR,NSE,2026-10-05T19:50:17,announcement,Appointment,,https://nsearchives.nseindia.com/corporate/ASIANHOTNR_05102026194944_Intimation_under_Regulation_30_CFO_appointment.pdf
SRM Contractors Limited,SRM,NSE,2026-10-05T19:44:10,announcement,Shareholders meeting,,https://nsearchives.nseindia.com/corporate/SRMCONTRACT_05102026194355_Final_intimation_reg_44.pdf
Ather Energy Limited,ATHERENERG,NSE,2026-10-05T19:41:58,announcement,Options to purchase securities,,https://nsearchives.nseindia.com/corporate/ATHERENERGY_05102026194111_signed.pdf
JSW Steel Limited,JSWSTEEL,NSE,2026-10-05T19:40:37,announcement,Copy of Newspaper Publication,,https://nsearchives.nseindia.com/corporate/jessydenny_05102026194031_Intimation.pdf
Runwal Enterprises Limited,RUNWALENTR,NSE,2026-10-05T19:40:18,announcement,Trading Window,,https://nsearchives.nseindia.com/corporate/RUNWAL1978_05102026194003_Trading_Window_closure_intimation_Sept_2026.pdf
Anand Rathi Wealth Limited,ANANDRATHI,NSE,2026-10-05T19:40:00,announcement,Analysts/Institutional Investor Meet/Con. Call Updates,,https://nsearchives.nseindia.com/corporate/ANANDRATHI_05102026193939_IntimationofanalystsmeetingSd.pdf
Shreedhar Spinners Limited,SHREEDHAR,NSE,2026-10-05T19:38:39,announcement,Copy of Newspaper Publication,,https://nsearchives.nseindia.com/corporate/SHREEDHAR_05102026193824_Newspaper_Publication.pdf
Rane Holdings Limited,RANEHOLDIN,NSE,2026-10-05T19:38:30,announcement,Updates,,https://nsearchives.nseindia.com/corporate/RANEHOLDIN_05102026193810_RHL_PIT_KSMG_05102026_SD.pdf
Runwal Enterprises Limited,RUNWALENTR,NSE,2026-10-05T19:38:07,announcement,Updates,,https://nsearchives.nseindia.com/corporate/RUNWAL1978_05102026193706_Reg_30_5__Disclosure.pdf
Capital India Finance Limited,CIFL,NSE,2026-10-05T19:36:02,announcement,Change in Management,,https://nsearchives.nseindia.com/corporate/CIFL_05102026193546_IntimationAppointmentofCSandCCO.pdf
Kajaria Ceramics Limited,KAJARIACER,NSE,2026-10-05T19:35:34,announcement,"Certificate under SEBI (Depositories and Participants) Regulations, 2018",,https://nsearchives.nseindia.com/corporate/KAJARIACER_05102026193215_Certificate.pdf
AceVector Limited,ACEVECTOR,NSE,2026-10-05T19:35:33,announcement,Updates,,https://nsearchives.nseindia.com/corporate/SNAPDEAL_05102026193515_Disclosure_under_Reg_30_5__Determination_of_person_for_Materiality.pdf
Prasol Chemicals Limited,PRASOLCHEM,NSE,2026-10-05T19:35:18,announcement,Updates,,https://nsearchives.nseindia.com/corporate/8591996826_05102026193438_IntimationChangeinCIN.pdf
Runwal Enterprises Limited,RUNWALENTR,NSE,2026-10-05T19:34:47,announcement,Updates,,https://nsearchives.nseindia.com/corporate/RUNWAL1978_05102026193352_Regulation_7_1_.pdf
Capital India Finance Limited,CIFL,NSE,2026-10-05T19:34:20,announcement,Change in Company Secretary/Compliance Officer,,https://nsearchives.nseindia.com/corporate/CIFL_05102026193305_IntimationAppointmentofCSandCCO.pdf
NLC India Limited,NLCINDIA,NSE,2026-10-05T19:34:12,announcement,Appointment,,https://nsearchives.nseindia.com/corporate/NLCINDIA_05102026193348_Dir_Power_AptIntimation05102026Signed.pdf
Blue Water Logistics Limited,BLUEWATER,NSE,2026-10-05T19:33:16,announcement,General Updates,,https://nsearchives.nseindia.com/corporate/BLUEWATER2024_05102026193059_Letter.pdf
BCPL Railway Infrastructure Limited,BCPL,NSE,2026-10-05T19:31:47,announcement,Bagging/Receiving of orders/contracts,,https://nsearchives.nseindia.com/corporate/BCPL_05102026193134_05102026.pdf
Capital India Finance Limited,CIFL,NSE,2026-10-05T19:30:09,announcement,Outcome of Board Meeting,,https://nsearchives.nseindia.com/corporate/CIFL_05102026192823_IntimationAppointmentofCSandCCO.pdf
Runwal Enterprises Limited,RUNWALENTR,NSE,2026-10-05T19:28:24,announcement,Updates,,https://nsearchives.nseindia.com/corporate/RUNWAL1978_05102026192705_Disclosure_Reg_6_1_.pdf
Rane (Madras) Limited,RML,NSE,2026-10-05T19:27:40,announcement,Updates,,https://nsearchives.nseindia.com/corporate/RML_05102026191929_RML_PIT_KSMG_05102026_SD.pdf
Windsor Machines Limited,WINDMACHIN,NSE,2026-10-05T19:27:32,announcement,General Updates,,https://nsearchives.nseindia.com/corporate/WINDMACHIN_05102026192723_Covering_Letter_for_change_in_Contact_details_of_KMP.pdf
Opto Circuits (India) Limited,OPTOCIRCUI,NSE,2026-10-05T19:26:26,announcement,Corporate Insolvency Resolution Process,,https://nsearchives.nseindia.com/corporate/OPTOCIRCUI_05102026192614_Intimation.pdf
DS Kulkarni Developers Limited,DSKULKARNI,NSE,2026-10-05T19:24:05,announcement,Appointment,,https://nsearchives.nseindia.com/corporate/DSKULKARNI_05102026192356_DSK_Change_in_Management_Anish_ID.pdf
BGR Energy Systems Limited,BGRENERGY,NSE,2026-10-05T19:23:55,announcement,Agreements,,https://nsearchives.nseindia.com/corporate/BGRENERGY_05102026192305_BGRMasterAgreementIntimationFinal.pdf
Muthoot Capital Services Limited,MUTHOOTCAP,NSE,2026-10-05T19:23:55,announcement,General Updates,,https://nsearchives.nseindia.com/corporate/MUTHOOTCAPS_05102026192326_SE_Intimation.pdf
Kothari Petrochemicals Limited,KOTHARIPET,NSE,2026-10-05T19:23:38,announcement,Scheme of Arrangement,,https://nsearchives.nseindia.com/corporate/KOTHARIPET_05102026192310_IntimationofreceiptofNCLTOrder.pdf
Eleganz Interiors Limited,ELGNZ,NSE,2026-10-05T19:23:37,announcement,Bagging/Receiving of orders/contracts,,https://nsearchives.nseindia.com/corporate/ELEGANZ_05102026192327_Disclosures_for_Reg_30-Contract.pdf
Eureka Forbes Limited,EUREKAFORB,NSE,2026-10-05T19:22:22,announcement,ESOP/ESOS/ESPS,,https://nsearchives.nseindia.com/corporate/SHILPAJAIN_05102026192152_Intimation_-_ESOP_Allotment_GK_25k_signed.pdf
DS Kulkarni Developers Limited,DSKULKARNI,NSE,2026-10-05T19:21:26,announcement,General Updates,,https://nsearchives.nseindia.com/corporate/DSKULKARNI_05102026192109_DSK_Acquisition_NSE.pdf
Persistent Systems Limited,PERSISTENT,NSE,2026-10-05T19:21:09,announcement,Shareholders meeting,,https://nsearchives.nseindia.com/corporate/PERSISTENTUSER1_05102026192055_PSLIntimationofEGMProceedingsOctober52026Signed.pdf
Delta Corp Limited,DELTACORP,NSE,2026-10-05T19:20:01,announcement,"Certificate under SEBI (Depositories and Participants) Regulations, 2018",,https://nsearchives.nseindia.com/corporate/DELTACORP_05102026191917_DCL.pdf
Healthcare Global Enterprises Limited,HCG,NSE,2026-10-05T19:17:52,announcement,General Updates,,https://nsearchives.nseindia.com/corporate/HCG1_05102026191738_Letter_to_NSE_SHP_5_Oct_2026.pdf
PVP Ventures Limited,PVP,NSE,2026-10-05T19:17:51,announcement,Name Change,,https://nsearchives.nseindia.com/corporate/Pvpchennai_05102026191626_NSEIL-PVP.pdf
Windsor Machines Limited,WINDMACHIN,NSE,2026-10-05T19:16:21,announcement,Resignation,,https://nsearchives.nseindia.com/corporate/WINDMACHIN_05102026191613_Covering_Letter_for_Resignation_of_VB_WTD.pdf
Jubilant Ingrevia Limited,JUBLINGREA,NSE,2026-10-05T19:16:07,announcement,"Certificate under SEBI (Depositories and Participants) Regulations, 2018",,https://nsearchives.nseindia.com/corporate/JUBLINGREA_05102026191557_Intimation_under_Regulation_74_5_.pdf
Sunteck Realty Limited,SUNTECK,NSE,2026-10-05T19:15:56,announcement,General Updates,,https://nsearchives.nseindia.com/corporate/SUNTECK_05102026191536_SRL_FINAL.pdf
JSW Energy Limited,JSWENERGY,NSE,2026-10-05T19:13:32,announcement,General Updates,,https://nsearchives.nseindia.com/corporate/KRUTIKAJSWEL_05102026191322_LettertoBSENSE05102026.pdf
Bajel Projects Limited,BAJEL,NSE,2026-10-05T19:12:12,announcement,Shareholders meeting,,https://nsearchives.nseindia.com/corporate/BAJEL_05102026191154_Postalballotresultsfinalsigned.pdf
PVR INOX Limited,PVRINOX,NSE,2026-10-05T19:10:41,announcement,Closure of Buy Back,,https://nsearchives.nseindia.com/corporate/PVRINOXLTD_05102026191017_PVRINOXExtinguishmentCertificate05102026.pdf
Windsor Machines Limited,WINDMACHIN,NSE,2026-10-05T19:10:34,announcement,Appointment,,https://nsearchives.nseindia.com/corporate/WINDMACHIN_05102026191022_Covering_Letter_for_Appointment_of_WTD_Mr_MR.pdf
Tamilnad Mercantile Bank Limited,TMB,NSE,2026-10-05T19:06:54,announcement,Credit Rating,,https://nsearchives.nseindia.com/corporate/9659523378_05102026190619_74.pdf
Saroja Pharma Industries India Limited,SAROJA,NSE,2026-10-05T19:05:35,announcement,Resignation of Director/KMP/SMP,,https://nsearchives.nseindia.com/corporate/SAROJA_ROID_99793_KMP_Doc.zip
Imagicaaworld Entertainment Limited,IMAGICAA,NSE,2026-10-05T19:05:18,announcement,Memorandum of Understanding/Agreements,,https://nsearchives.nseindia.com/corporate/IMAGICAA_05102026190303_SE_intimation.pdf
Saroja Pharma Industries India Limited,SAROJA,NSE,2026-10-05T19:04:50,announcement,Resignation of Director/KMP/SMP,,https://nsearchives.nseindia.com/corporate/SAROJA_ROID_99792_KMP_Doc.zip
Alldigi Tech Limited,ALLDIGI,NSE,2026-10-05T19:04:38,announcement,"Certificate under SEBI (Depositories and Participants) Regulations, 2018",,https://nsearchives.nseindia.com/corporate/ALLSEC_05102026190424_SEFiling_Cert_under_Reg_74_5__Sep_30_2026.pdf
DS Kulkarni Developers Limited,DSKULKARNI,NSE,2026-10-05T19:03:58,announcement,Outcome of Board Meeting,,https://nsearchives.nseindia.com/corporate/DSKULKARNI_05102026190310_DSK_Outcome_of_BM_NSE.pdf
Jubilant Pharmova Limited,JUBLPHARMA,NSE,2026-10-05T19:03:01,announcement,"Certificate under SEBI (Depositories and Participants) Regulations, 2018",,https://nsearchives.nseindia.com/corporate/JUBLPHARMA_05102026190249_IntimationReg745signedQ2F.pdf
Insecticides (India) Limited,INSECTICID,NSE,2026-10-05T19:01:20,announcement,Credit Rating,,https://nsearchives.nseindia.com/corporate/INSECTICID_05102026190104_Creditrating_05102026.pdf
Balaji Amines Limited,BALAMINES,NSE,2026-10-05T19:01:01,announcement,"Certificate under SEBI (Depositories and Participants) Regulations, 2018",,https://nsearchives.nseindia.com/corporate/BALAMINES_05102026190052_Intimation_Signed.pdf
Oracle Financial Services Software Limited,OFSS,NSE,2026-10-05T19:00:07,announcement,Shareholders meeting,,https://nsearchives.nseindia.com/corporate/OFSS_05102026185946_SELetterVotingResultsPostalBallotOctober2026.pdf
Shaival Reality Limited,SHAIVAL,NSE,2026-10-05T18:55:25,announcement,Outcome of Board Meeting,,https://nsearchives.nseindia.com/corporate/SHAIVAL_05102026185426_OUTCOME_OF_BM.pdf
Lexus Granito (India) Limited,LEXUS,NSE,2026-10-05T18:55:13,announcement,Shareholders meeting,,https://nsearchives.nseindia.com/corporate/LEXUS_05102026185503_Lexus-VR.pdf
Coastal Corporation Limited,COASTCORP,NSE,2026-10-05T18:54:28,announcement,"Certificate under SEBI (Depositories and Participants) Regulations, 2018",,https://nsearchives.nseindia.com/corporate/COASTCORP_05102026185418_certificateReg74_5_30092026.pdf
Lexus Granito (India) Limited,LEXUS,NSE,2026-10-05T18:53:17,announcement,Shareholders meeting,,https://nsearchives.nseindia.com/corporate/LEXUS_05102026185309_Lexus-Scrutinizer_Report.pdf
LCC Projects Limited,LCCPROJECT,NSE,2026-10-05T18:52:32,announcement,Investor Presentation,,https://nsearchives.nseindia.com/corporate/LCCPROJECTS_05102026185115_Investor_Presentation_Q1.pdf
Visagar Polytex Limited,VIVIDHA,NSE,2026-10-05T18:50:25,announcement,Shareholders meeting,,https://nsearchives.nseindia.com/corporate/VIVIDHA_05102026185017_Scrutiniser_Report_VPL.pdf
Jeyyam Global Foods Limited,JEYYAM,NSE,2026-10-05T18:46:53,announcement,"Certificate under SEBI (Depositories and Participants) Regulations, 2018",,https://nsearchives.nseindia.com/corporate/JEYYAMGLOBAL_05102026184639_Certificate_under_74_5__of_DP.pdf
Waaree Renewable Technologies Limited,WAAREERTL,NSE,2026-10-05T18:45:45,announcement,"Certificate under SEBI (Depositories and Participants) Regulations, 2018",,https://nsearchives.nseindia.com/corporate/WAAREERTL_05102026184538_Regulation_74-s.pdf
KPI Green Energy Limited,KPIGREEN,NSE,2026-10-05T18:44:37,announcement,Acquisition,,https://nsearchives.nseindia.com/corporate/KPIGLOBAL_05102026184414_41_KPI_Intimation_of_Incorporation_of_New_WOS_05102026_Signed.pdf
Trent Limited,TRENT,NSE,2026-10-05T18:42:52,announcement,Press Release,,https://nsearchives.nseindia.com/corporate/TRENT_05102026183958_Press_release_Q2FY27.pdf
Godrej Consumer Products Limited,GODREJCP,NSE,2026-10-05T18:42:47,announcement,Updates,,https://nsearchives.nseindia.com/corporate/GODREJCP_05102026184216_Pre_Quarter_Note_Signed.pdf
Metro Brands Limited,METROBRAND,NSE,2026-10-05T18:42:38,announcement,Credit Rating- New,,https://nsearchives.nseindia.com/corporate/METROBRAND_05102026184212_Intimation_of_ESG_rating_signed.pdf
Sheetal Cool Products Limited,SCPL,NSE,2026-10-05T18:42:09,announcement,Analysts/Institutional Investor Meet/Con. Call Updates,,https://nsearchives.nseindia.com/corporate/SCPLCO_05102026183230_Analyst_Investor_Meet_Group_sign.pdf
Juniper Hotels Limited,JUNIPER,NSE,2026-10-05T18:41:18,announcement,Memorandum of Understanding/Agreements,,https://nsearchives.nseindia.com/corporate/9930371292_05102026184102_Imagicaa_-_Reg_30-MOU_signed.pdf
DCM Shriram Industries Limited,DCMSRIND,NSE,2026-10-05T18:39:52,announcement,Spurt in Volume,,-
Premier Explosives Limited,PREMEXPLN,NSE,2026-10-05T18:36:35,announcement,Updates,,https://nsearchives.nseindia.com/corporate/team_bbodade_05102026183258_PREMEXPLN.zip
Vedanta Limited,VEDL,NSE,2026-10-05T18:36:06,announcement,Trading Window,,https://nsearchives.nseindia.com/corporate/VEDL_05102026183537_VEDLPriorIntimationBM1stInterimDivi202627signed.pdf
Lords Chloro Alkali Limited,LORDSCHLO,NSE,2026-10-05T18:35:04,announcement,"Certificate under SEBI (Depositories and Participants) Regulations, 2018",,https://nsearchives.nseindia.com/corporate/LCAL_05102026183457_Cert_reg74.pdf
Marinetrans India Limited,MARINETRAN,NSE,2026-10-05T18:34:43,announcement,Structural Digital Database,,https://nsearchives.nseindia.com/corporate/MARINE23_05102026183238_Non-applicabilty_ASCR.pdf
India Glycols Limited,INDIAGLYCO,NSE,2026-10-05T18:34:31,announcement,"Certificate under SEBI (Depositories and Participants) Regulations, 2018",,https://nsearchives.nseindia.com/corporate/INDIAGLYCO_05102026183422_IGL_CERTIFICATE_REGULATION_74_5_.pdf
Amber Enterprises India Limited,AMBER,NSE,2026-10-05T18:34:03,announcement,General Updates,,https://nsearchives.nseindia.com/corporate/AMBER_05102026183330_SE_Intimation_Update_on_ILJINs_Fire_Incidence05102026.pdf
Esab India Limited,ESABINDIA,NSE,2026-10-05T18:33:10,announcement,"Certificate under SEBI (Depositories and Participants) Regulations, 2018",,https://nsearchives.nseindia.com/corporate/chaithanya_lakshmi_esab_co_in_05102026183159_certificate74_5__30sep2026_NSE_signed.pdf
Aditya Birla Sun Life AMC Limited,ABSLAMC,NSE,2026-10-05T18:32:36,announcement,"Certificate under SEBI (Depositories and Participants) Regulations, 2018",,https://nsearchives.nseindia.com/corporate/ABSLAMC_05102026183153_ABSLAMC.pdf
Vinsys IT Services India Limited,VINSYS,NSE,2026-10-05T18:31:57,announcement,Amendment to AOA/MOA,,https://nsearchives.nseindia.com/corporate/VINSYS_05102026183138_Report.pdf
Baazar Style Retail Limited,STYLEBAAZA,NSE,2026-10-05T18:31:34,announcement,"Certificate under SEBI (Depositories and Participants) Regulations, 2018",,https://nsearchives.nseindia.com/corporate/BSRL2024_05102026183120_Signed_Reg74.pdf
Punjab & Sind Bank,PSB,NSE,2026-10-05T18:31:14,announcement,Credit Rating- New,,https://nsearchives.nseindia.com/corporate/PSB_05102026183046_bsense05102026.pdf
SRF Limited,SRF,NSE,2026-10-05T18:30:56,announcement,Appointment,,https://nsearchives.nseindia.com/corporate/ekta_maheshwari_05102026182844_CHROAppointmentIntimation05102026.pdf
Vedanta Limited,VEDL,NSE,2026-10-05T18:30:48,announcement,Record Date,,https://nsearchives.nseindia.com/corporate/VEDL_05102026182918_VEDLPriorIntimationBM1stInterimDivi202627signed.pdf
Vinsys IT Services India Limited,VINSYS,NSE,2026-10-05T18:30:34,announcement,Shareholders meeting,,https://nsearchives.nseindia.com/corporate/VINSYS_05102026182737_Report.pdf
Supreme Petrochem Limited,SPLPETRO,NSE,2026-10-05T18:29:49,announcement,"Certificate under SEBI (Depositories and Participants) Regulations, 2018",,https://nsearchives.nseindia.com/corporate/FINIAN_05102026182806_74_5_Certificate_30092026_SIGNED.pdf
Alankit Limited,ALANKIT,NSE,2026-10-05T18:28:51,announcement,Committee Meeting Updates,,https://nsearchives.nseindia.com/corporate/ALANKIT_05102026182839_Allotment_outcome.pdf
Schaeffler India Limited,SCHAEFFLER,NSE,2026-10-05T18:27:51,announcement,Analysts/Institutional Investor Meet/Con. Call Updates,,https://nsearchives.nseindia.com/corporate/SCHAEFFLERUSER1_05102026182745_Reg30_TranscriptofAnalystscall_Sept282026.pdf
Sical Logistics Limited,SICALLOG,NSE,2026-10-05T18:27:29,announcement,Disclosure under SEBI Takeover Regulations,,https://nsearchives.nseindia.com/corporate/team_bbodade_05102026182635_SICALLOG.pdf
Proventus Agrocom Limited,PROV,NSE,2026-10-05T18:25:45,announcement,Analysts/Institutional Investor Meet/Con. Call Updates,,https://nsearchives.nseindia.com/corporate/PROVENTUSAGRO_05102026182358_Intimation_of_Surat_Plant_Visit.pdf
Saroja Pharma Industries India Limited,SAROJA,NSE,2026-10-05T18:25:30,announcement,Resignation,,https://nsearchives.nseindia.com/corporate/SAROJAPHARMA_05102026182145_Resignation_Intimation_Upload.pdf
Karur Vysya Bank Limited,KARURVYSYA,NSE,2026-10-05T18:25:05,announcement,Analysts/Institutional Investor Meet/Con. Call Updates,,https://nsearchives.nseindia.com/corporate/KARURVYSYA_05102026182456_NSE_BSE_Investor_Meet_DSC.pdf
Frog Innovations Limited,FROG,NSE,2026-10-05T18:22:17,announcement,Change in Management,,https://nsearchives.nseindia.com/corporate/FROGCELLSAT_05102026182211_Disclosure_for_Redesignation_of_Tarun_sir_signed.pdf
Sammaan Capital Limited,SAMMAANCAP,NSE,2026-10-05T18:20:54,announcement,Updates,,https://nsearchives.nseindia.com/corporate/IHFL_05102026182039_SCL_Retail_Intimation_Reg_57_1__LD0.pdf
Tata Motors Limited,TMCV,NSE,2026-10-05T18:19:32,announcement,"Certificate under SEBI (Depositories and Participants) Regulations, 2018",,https://nsearchives.nseindia.com/corporate/TMLCOMMERCIAL_05102026181849_NSEBSELETTER.pdf
BOROSIL RENEWABLES LIMITED,BORORENEW,NSE,2026-10-05T18:19:22,announcement,"Certificate under SEBI (Depositories and Participants) Regulations, 2018",,https://nsearchives.nseindia.com/corporate/BORORENEW12_05102026181904_Intimation_Reg74_Upload.pdf
ARVIND PORT AND INFRA LIMITED,ARVINDPORT,NSE,2026-10-05T18:18:56,announcement,"Certificate under SEBI (Depositories and Participants) Regulations, 2018",,https://nsearchives.nseindia.com/corporate/ACSAL_05102026181848_Reg_74_5__SD.pdf
Frog Innovations Limited,FROG,NSE,2026-10-05T18:18:36,announcement,Updates,,https://nsearchives.nseindia.com/corporate/FROGCELLSAT_05102026181828_Disclosure_Committee_signed.pdf
LEEL Electricals Limited,LEEL,NSE,2026-10-05T18:18:24,announcement,Structural Digital Database,,https://nsearchives.nseindia.com/corporate/LEEL_05102026181543_SDD_Compliance_Letter.pdf
Tata Chemicals Limited,TATACHEM,NSE,2026-10-05T18:17:22,announcement,"Certificate under SEBI (Depositories and Participants) Regulations, 2018",,https://nsearchives.nseindia.com/corporate/TATACHEMYS_05102026181651_TCLReg74ofSEBI30092026_signed.pdf
Frog Innovations Limited,FROG,NSE,2026-10-05T18:16:43,announcement,Acquisition,,https://nsearchives.nseindia.com/corporate/FROGCELLSAT_05102026181615_Disclosure_regarding_Acquisition_signed.pdf
The Ramco Cements Limited,RAMCOCEM,NSE,2026-10-05T18:16:09,announcement,"Certificate under SEBI (Depositories and Participants) Regulations, 2018",,https://nsearchives.nseindia.com/corporate/RAMCOCEM_05102026181517_Scan_0079.pdf
Ind-Swift Laboratories Limited,INDSWFTLAB,NSE,2026-10-05T18:15:51,announcement,Shareholders meeting,,https://nsearchives.nseindia.com/corporate/INDSWFTLAB_05102026181519_VResults.pdf
The Jammu & Kashmir Bank Limited,J&KBANK,NSE,2026-10-05T18:14:16,announcement,"Certificate under SEBI (Depositories and Participants) Regulations, 2018",,https://nsearchives.nseindia.com/corporate/TUFAIL_05102026181222_Regulation_74.pdf
Madhucon Projects Limited,MADHUCON,NSE,2026-10-05T18:13:53,announcement,"Certificate under SEBI (Depositories and Participants) Regulations, 2018",,https://nsearchives.nseindia.com/corporate/MADHUCON_05102026181320_COM74MR.pdf
Indo Rama Synthetics (India) Limited,INDORAMA,NSE,2026-10-05T18:13:34,announcement,"Certificate under SEBI (Depositories and Participants) Regulations, 2018",,https://nsearchives.nseindia.com/corporate/INDORAMA_05102026181306_Letter74_5_30092026.pdf
MT Educare Limited,MTEDUCARE,NSE,2026-10-05T18:13:23,announcement,Updates,,https://nsearchives.nseindia.com/corporate/MTEDUCARE_05102026181313_QLY-LHDEFAULTDISCLOSURE30092026.pdf
Metropolis Healthcare Limited,METROPOLIS,NSE,2026-10-05T18:13:17,announcement,Updates,,https://nsearchives.nseindia.com/corporate/METROPOLIS_05102026180947_SE_Intimation_Business_Update_Q2FY27.pdf
Kontor Space Limited,KONTOR,NSE,2026-10-05T18:12:45,announcement,Updates,,https://nsearchives.nseindia.com/corporate/KONTORSPACE_05102026181234_Operational_Updates_5th_oct_2026__Signed.pdf
Jeena Sikho Lifecare Limited,JSLL,NSE,2026-10-05T18:12:22,announcement,Product launch,,https://nsearchives.nseindia.com/corporate/JEENASIKHO_05102026180817_Intimation_for_Product_Launch_05102026_Sign.pdf
ARVIND PORT AND INFRA LIMITED,ARVINDPORT,NSE,2026-10-05T18:12:20,announcement,Change in Auditors,,https://nsearchives.nseindia.com/corporate/ACSAL_05102026181157_Scrutinizer_Report_SD.pdf
Ganga Bath Fittings Limited,GANGABATH,NSE,2026-10-05T18:11:57,announcement,Outcome of Board Meeting,,https://nsearchives.nseindia.com/corporate/GBFLMD_05102026181135_Outcome_Signed.pdf
Ind-Swift Laboratories Limited,INDSWFTLAB,NSE,2026-10-05T18:11:25,announcement,"Certificate under SEBI (Depositories and Participants) Regulations, 2018",,https://nsearchives.nseindia.com/corporate/INDSWFTLAB_05102026181053_Intimation_74_5.pdf
ARVIND PORT AND INFRA LIMITED,ARVINDPORT,NSE,2026-10-05T18:09:15,announcement,Shareholders meeting,,https://nsearchives.nseindia.com/corporate/ACSAL_05102026180846_Scrutinizer_Report_SD.pdf
Ganga Bath Fittings Limited,GANGABATH,NSE,2026-10-05T18:09:14,announcement,Resignation of Director/KMP/SMP,,https://nsearchives.nseindia.com/corporate/GANGABATH_ROID_99779_KMP_Doc.zip
Ganga Bath Fittings Limited,GANGABATH,NSE,2026-10-05T18:07:43,announcement,Change in Company Secretary/Compliance Officer,,https://nsearchives.nseindia.com/corporate/GBFLMD_05102026180727_Outcome_Signed.pdf
Ganga Bath Fittings Limited,GANGABATH,NSE,2026-10-05T18:07:43,announcement,Resignation,,https://nsearchives.nseindia.com/corporate/GBFLMD_05102026180634_Outcome_Signed.pdf
Container Corporation of India Limited,CONCOR,NSE,2026-10-05T18:07:41,announcement,Change in Management,,https://nsearchives.nseindia.com/corporate/CONCOR_05102026180727_CONCOR_SE_05102026S.pdf
Hariom Pipe Industries Limited,HARIOMPIPE,NSE,2026-10-05T18:07:11,announcement,"Certificate under SEBI (Depositories and Participants) Regulations, 2018",,https://nsearchives.nseindia.com/corporate/hariompipes_05102026180700_Regulation_74_5_30092026.pdf
Kontor Space Limited,KONTOR,NSE,2026-10-05T18:06:22,announcement,Shareholders meeting,,https://nsearchives.nseindia.com/corporate/KONTORSPACE_05102026180547_VRScrutinizer_Report-2026-Final-signed_F__Signed.pdf
Likhitha Infrastructure Limited,LIKHITHA,NSE,2026-10-05T18:04:18,announcement,Credit Rating,,https://nsearchives.nseindia.com/corporate/LIKHITHA_05102026180345_Stock_Exchange.pdf
Om Power Transmission Limited,OMPOWER,NSE,2026-10-05T18:03:57,announcement,General Updates,,https://nsearchives.nseindia.com/corporate/OMPOWER_05102026180349_V0_Incorporation_of_subsidiary.pdf
Talwalkars Better Value Fitness Limited,TALWALKARS,NSE,2026-10-05T18:03:20,announcement,Cessation,,https://nsearchives.nseindia.com/corporate/TALWALKARS1_05102026180308_Outcome_without_Intimation_of_Board_Meeting_05102026.pdf
Kirloskar Industries Limited,KIRLOSIND,NSE,2026-10-05T18:02:27,announcement,Copy of Newspaper Publication,,https://nsearchives.nseindia.com/corporate/KIRLOSIND_05102026180217_Intimation.pdf
Landsmill Green Limited,LANDSMILL,NSE,2026-10-05T18:02:13,announcement,Resignation,,https://nsearchives.nseindia.com/corporate/EXCEL_05102026180159_Covering_Letter.pdf
Basilic Fly Studio Limited,BASILIC,NSE,2026-10-05T18:01:32,announcement,"Certificate under SEBI (Depositories and Participants) Regulations, 2018",,https://nsearchives.nseindia.com/corporate/BASILIC_05102026180123_NSE_Intimation.pdf
Hy-Tech Engineers Limited,HTEL,NSE,2026-10-05T18:00:54,announcement,Updates,,https://nsearchives.nseindia.com/corporate/HYTECH_05102026175931_HTEL_declaration.pdf
Mahindra Holidays & Resorts India Limited,MHRIL,NSE,2026-10-05T18:00:53,announcement,ESOP/ESOS/ESPS,,https://nsearchives.nseindia.com/corporate/MHRIL_05102026180038_Intimation_-_Allotment_of_Shares_under_ESOP.pdf
Talwalkars Better Value Fitness Limited,TALWALKARS,NSE,2026-10-05T18:00:34,announcement,Appointment,,https://nsearchives.nseindia.com/corporate/TALWALKARS1_05102026180015_Outcome_without_Intimation_of_Board_Meeting_05102026.pdf
Tata Motors Passenger Vehicles Limited,TMPV,NSE,2026-10-05T18:00:01,announcement,"Certificate under SEBI (Depositories and Participants) Regulations, 2018",,https://nsearchives.nseindia.com/corporate/TATAMOTORSSJS_05102026175945_NSEBSEReg74.pdf
Deem Roll Tech Limited,DEEM,NSE,2026-10-05T17:59:24,announcement,Quarterly Compliance Report on Corporate governance - within 21 days from the end of the quarter,,https://nsearchives.nseindia.com/corporate/DEEM123_05102026175714_Non_Applicablity_of_CGR_September_2026_Deem_Roll_Tech_PDF.pdf
Isgec Heavy Engineering Limited,ISGEC,NSE,2026-10-05T17:59:04,announcement,Shareholders meeting,,https://nsearchives.nseindia.com/corporate/ISGEC_05102026175844_Transcript.pdf
Hindware Home Innovation Limited,HINDWAREAP,NSE,2026-10-05T17:58:37,announcement,Action(s) taken or orders passed,,https://nsearchives.nseindia.com/corporate/SHIL_05102026175756_Demandorder.pdf
Ramkrishna Forgings Limited,RKFORGE,NSE,2026-10-05T17:58:31,announcement,Analysts/Institutional Investor Meet/Con. Call Updates,,https://nsearchives.nseindia.com/corporate/RKFORGE_05102026175807_AnalystPlantVisit9Oct2026.pdf
UCAL LIMITED,UCAL,NSE,2026-10-05T17:58:06,announcement,"Certificate under SEBI (Depositories and Participants) Regulations, 2018",,https://nsearchives.nseindia.com/corporate/UCALFUEL_05102026175722_30092026REG745.pdf
Steamhouse India Limited,STEAMHOUSE,NSE,2026-10-05T17:57:59,announcement,Press Release,,https://nsearchives.nseindia.com/corporate/CAVAIBHAVGATTANI_05102026175603_Steamhouse_India_Press_Release_-_Q1FY27.pdf
Landsmill Green Limited,LANDSMILL,NSE,2026-10-05T17:57:59,announcement,Resignation of Director/KMP/SMP,,https://nsearchives.nseindia.com/corporate/LANDSMILL_ROID_99774_KMP_Doc.zip
Nelcast Limited,NELCAST,NSE,2026-10-05T17:57:36,announcement,Updates,,https://nsearchives.nseindia.com/corporate/NELCAST1_05102026175723_BMGENERALUPDATE.pdf
Crayons Advertising Limited,CRAYONS,NSE,2026-10-05T17:57:13,announcement,Quarterly Compliance Report on Corporate governance - within 21 days from the end of the quarter,,https://nsearchives.nseindia.com/corporate/CRAYONSAD_05102026175647_CAL_STX_Non_Applicability_CGR_Signed.pdf
LCC Projects Limited,LCCPROJECT,NSE,2026-10-05T17:57:03,announcement,General Updates,,https://nsearchives.nseindia.com/corporate/LCCPROJECTS_05102026175654_Outcome_BM_05102026.pdf
HCL Technologies Limited,HCLTECH,NSE,2026-10-05T17:57:00,announcement,Analysts/Institutional Investor Meet/Con. Call Updates,,https://nsearchives.nseindia.com/corporate/HCLTECH_05102026175639_ConferenceCallinvite.pdf
Vardhman Holdings Limited,VHL,NSE,2026-10-05T17:56:50,announcement,Updates,,https://nsearchives.nseindia.com/corporate/VHL_05102026175628_VHL_Demat_sd.pdf
Mercury Ev-Tech Limited,MERCURYEV,NSE,2026-10-05T17:56:34,announcement,Resignation of Director/KMP/SMP,,https://nsearchives.nseindia.com/corporate/MERCURYEV_ROID_99772_KMP_Doc.zip
Talwalkars Better Value Fitness Limited,TALWALKARS,NSE,2026-10-05T17:55:41,announcement,Outcome of Board Meeting,,https://nsearchives.nseindia.com/corporate/TALWALKARS1_05102026175526_Outcome_without_Intimation_of_Board_Meeting_05102026.pdf
LCC Projects Limited,LCCPROJECT,NSE,2026-10-05T17:54:48,announcement,Outcome of Board Meeting,,https://nsearchives.nseindia.com/corporate/LCCPROJECTS_05102026175332_Outcome_BM_05102026.pdf
Brigade Hotel Ventures Limited,BRIGHOTEL,NSE,2026-10-05T17:54:27,announcement,Shareholders meeting,,https://nsearchives.nseindia.com/corporate/BRIGADE2_05102026175415_ProceedingsofthePostalBallot.pdf
Lloyds Metals And Energy Limited,LLOYDSME,NSE,2026-10-05T17:54:14,announcement,"Certificate under SEBI (Depositories and Participants) Regulations, 2018",,https://nsearchives.nseindia.com/corporate/LLOYDSME_05102026175348_20261005_Intimation_Reg74_DP_Regulations.pdf
Relaxo Footwears Limited,RELAXO,NSE,2026-10-05T17:54:14,announcement,General Updates,,https://nsearchives.nseindia.com/corporate/RELAXO_05102026175406_STX_Intimation_Letter.pdf
Centrum Capital Limited,CENTRUM,NSE,2026-10-05T17:53:32,announcement,Copy of Newspaper Publication,,https://nsearchives.nseindia.com/corporate/CENTRUM_05102026175321_BSENSESpecialWindow.pdf
Deem Roll Tech Limited,DEEM,NSE,2026-10-05T17:53:29,announcement,Updates,,https://nsearchives.nseindia.com/corporate/DEEM123_05102026174954_Intimation_of_Purchase_Order_Deem_Roll_Tech_PDF.pdf
Brigade Hotel Ventures Limited,BRIGHOTEL,NSE,2026-10-05T17:52:57,announcement,Shareholders meeting,,https://nsearchives.nseindia.com/corporate/BRIGADE2_05102026175239_IntimationtoSEPBResult.pdf
SG Mart Limited,SGMART,NSE,2026-10-05T17:52:48,announcement,"Certificate under SEBI (Depositories and Participants) Regulations, 2018",,https://nsearchives.nseindia.com/corporate/SGMART_05102026175226_RTAComplianceCertificate30092026.pdf
Kirloskar Industries Limited,KIRLOSIND,NSE,2026-10-05T17:51:25,announcement,Updates,,https://nsearchives.nseindia.com/corporate/KIRLOSIND_05102026175114_Intimation.pdf
Axis Bank Limited,AXISBANK,NSE,2026-10-05T17:50:43,announcement,General Updates,,https://nsearchives.nseindia.com/corporate/AXISBANK_05102026174953_SE_Intimation_Finance_Q2_FY_27_Signed.pdf
Pace Digitek Limited,PACEDIGITK,NSE,2026-10-05T17:50:23,announcement,"Certificate under SEBI (Depositories and Participants) Regulations, 2018",,https://nsearchives.nseindia.com/corporate/PACE_05102026175006_Intimation-Regulation_74_5_.pdf
Vardhman Acrylics Limited,VARDHACRLC,NSE,2026-10-05T17:50:08,announcement,"Certificate under SEBI (Depositories and Participants) Regulations, 2018",,https://nsearchives.nseindia.com/corporate/VARDHACRLC_05102026174945_VAL_Reg74_5__sd.pdf
Dhampur Sugar Mills Limited,DHAMPURSUG,NSE,2026-10-05T17:50:04,announcement,Updates,,https://nsearchives.nseindia.com/corporate/DHAMPURSUG_05102026174936_Allotment_Intimation.pdf
Gujarat Kidney And Super Speciality Limited,GKSL,NSE,2026-10-05T17:49:35,announcement,"Certificate under SEBI (Depositories and Participants) Regulations, 2018",,https://nsearchives.nseindia.com/corporate/GKSL2025_05102026174505_74_5__Sep_2026.pdf
IMP Powers Limited,INDLMETER,NSE,2026-10-05T17:48:58,announcement,Shareholders meeting,,https://nsearchives.nseindia.com/corporate/INDLMETER_05102026174846_AGM_Voting_Results_and_Scruitinizers_Report.pdf
Grand Continent Hotels Limited,GCHOTELS,NSE,2026-10-05T17:48:38,announcement,Updates,,https://nsearchives.nseindia.com/corporate/GCHOTELS_05102026174758_Company_Update_Oct26.pdf
Shaival Reality Limited,SHAIVAL,NSE,2026-10-05T17:47:22,announcement,Outcome of Board Meeting,,https://nsearchives.nseindia.com/corporate/SHAIVAL_05102026174634_OUTCOME_OF_BM.pdf
Vardhman Acrylics Limited,VARDHACRLC,NSE,2026-10-05T17:47:21,announcement,Updates,,https://nsearchives.nseindia.com/corporate/VARDHACRLC_05102026174702_VAL_Demat_sd.pdf
IRB Infrastructure Developers Limited,IRB,NSE,2026-10-05T17:47:14,announcement,Updates,,https://nsearchives.nseindia.com/corporate/IRB_05102026174218_Intimation_credit_rating_Fitch_IRBIDL.pdf
Symbiotec Pharmalab Limited,SYMBIOTEC,NSE,2026-10-05T17:45:30,announcement,"Certificate under SEBI (Depositories and Participants) Regulations, 2018",,https://nsearchives.nseindia.com/corporate/SYMBIOTEC_05102026174444_ComplianceCertirficate__74_5_ofDPRegulation_.pdf
Northern Arc Capital Limited,NORTHARC,NSE,2026-10-05T17:45:13,announcement,"Certificate under SEBI (Depositories and Participants) Regulations, 2018",,https://nsearchives.nseindia.com/corporate/NACL2020_05102026174459_74__5__SD.pdf
Mercury Ev-Tech Limited,MERCURYEV,NSE,2026-10-05T17:44:48,announcement,General Updates,,https://nsearchives.nseindia.com/corporate/MERCURYEV_05102026174438_Intimation_of_Resignation_of_Director_.pdf
Narayana Hrudayalaya Ltd.,NH,NSE,2026-10-05T17:44:47,announcement,Commencement of commercial production/operations,,https://nsearchives.nseindia.com/corporate/Narayana_05102026174434_SENHLCommercialOperation.pdf
Mercury Ev-Tech Limited,MERCURYEV,NSE,2026-10-05T17:43:30,announcement,Change in Director(s),,https://nsearchives.nseindia.com/corporate/MERCURYEV_05102026174307_Intimation_of_Appointment_of_Director.pdf
Sangam (India) Limited,SANGAMIND,NSE,2026-10-05T17:43:25,announcement,Acquisition,,https://nsearchives.nseindia.com/corporate/SANGAMIND_05102026174305_Intimation_of_Acquisition_sign.pdf
Mercury Ev-Tech Limited,MERCURYEV,NSE,2026-10-05T17:40:55,announcement,Outcome of Board Meeting,,https://nsearchives.nseindia.com/corporate/MERCURYEV_05102026174009_BM_Outcome_.pdf
Indian Bank,INDIANB,NSE,2026-10-05T17:39:49,announcement,"Certificate under SEBI (Depositories and Participants) Regulations, 2018",,https://nsearchives.nseindia.com/corporate/INDIANB_05102026173929_SE_Reg74_5_.pdf
Aries Agro Limited,ARIES,NSE,2026-10-05T17:39:33,announcement,"Certificate under SEBI (Depositories and Participants) Regulations, 2018",,https://nsearchives.nseindia.com/corporate/ARIES_05102026173919_RTAComplianceCertificateLetterNSE_Final.pdf
GE Vernova T&D India Limited,GVT&D,NSE,2026-10-05T17:39:09,announcement,Copy of Newspaper Publication,,https://nsearchives.nseindia.com/corporate/GETDIL1_05102026173851_IntimationtoSEforRelodgementofTransferRequestofPhysicalShares.pdf
Prasol Chemicals Limited,PRASOLCHEM,NSE,2026-10-05T17:38:02,announcement,Analysts/Institutional Investor Meet/Con. Call Updates,,https://nsearchives.nseindia.com/corporate/8591996826_05102026173651_TranscriptAnalystsMeetQ1FY27results.pdf
Xelpmoc Design And Tech Limited,XELPMOC,NSE,2026-10-05T17:37:42,announcement,Price movement,,-
Eurotex Industries and Exports Limited,EUROTEXIND,NSE,2026-10-05T17:37:33,announcement,Price movement,,-
Nazara Technologies Limited,NAZARA,NSE,2026-10-05T17:37:03,announcement,Press Release,,https://nsearchives.nseindia.com/corporate/NAZARA_05102026173620_PRIntimationTheTraitors.pdf
Gujarat Narmada Valley Fertilizers and Chemicals Limited,GNFC,NSE,2026-10-05T17:35:08,announcement,Shareholders meeting,,https://nsearchives.nseindia.com/corporate/rajeshpillai8741_05102026173211_FSEPBOCT2026_Signed.pdf
Shringar House of Mangalsutra Limited,SHRINGARMS,NSE,2026-10-05T17:34:57,announcement,Press Release,,https://nsearchives.nseindia.com/corporate/SHRINGAR_05102026173424_SHOML_press_release_final.pdf
Apollo Micro Systems Limited,APOLLO,NSE,2026-10-05T17:34:31,announcement,"Certificate under SEBI (Depositories and Participants) Regulations, 2018",,https://nsearchives.nseindia.com/corporate/APOLLO_05102026173423_Reg745ams.pdf
GANESH HOUSING LIMITED,GANESHHOU,NSE,2026-10-05T17:34:07,announcement,"Certificate under SEBI (Depositories and Participants) Regulations, 2018",,https://nsearchives.nseindia.com/corporate/GANESHHOUC_05102026173358_SEDISCLOSURE745SEP2026.pdf
Jyothy Labs Limited,JYOTHYLAB,NSE,2026-10-05T17:32:58,announcement,ESOP/ESOS/ESPS,,https://nsearchives.nseindia.com/corporate/JYOTHYLAB_05102026173249_SE_Intimation.pdf
Vardhman Textiles Limited,VTL,NSE,2026-10-05T17:32:29,announcement,Updates,,https://nsearchives.nseindia.com/corporate/VTL_05102026173156_vtl_demat_sd.pdf
IIFL Capital Services Limited,IIFLCAPS,NSE,2026-10-05T17:30:21,announcement,Action(s) taken or orders passed,,https://nsearchives.nseindia.com/corporate/IIFLSEC_05102026173003_Intimationsigned.pdf
Popular Vehicles and Services Limited,PVSL,NSE,2026-10-05T17:30:18,announcement,Press Release,,https://nsearchives.nseindia.com/corporate/9072530155_05102026172945_Disclosure_PressRelease_Sd.pdf
Birla Cable Limited,BIRLACABLE,NSE,2026-10-05T17:29:14,announcement,"Certificate under SEBI (Depositories and Participants) Regulations, 2018",,https://nsearchives.nseindia.com/corporate/BIRLACABLE_05102026172839_SECertificate74.pdf
Happiest Minds Technologies Limited,HAPPSTMNDS,NSE,2026-10-05T17:28:09,announcement,Shareholders meeting,,https://nsearchives.nseindia.com/corporate/suhask_05102026172747_PBVR05102026.pdf
Borosil Limited,BOROLTD,NSE,2026-10-05T17:28:05,announcement,"Certificate under SEBI (Depositories and Participants) Regulations, 2018",,https://nsearchives.nseindia.com/corporate/BOROSIL_05102026172435_SEINTIMATION.pdf
NAVA LIMITED,NAVA,NSE,2026-10-05T17:27:56,announcement,"Certificate under SEBI (Depositories and Participants) Regulations, 2018",,https://nsearchives.nseindia.com/corporate/NBVENTURES_05102026172636_Disclosure.pdf
The Sandesh Limited,SANDESH,NSE,2026-10-05T17:27:53,announcement,"Certificate under SEBI (Depositories and Participants) Regulations, 2018",,https://nsearchives.nseindia.com/corporate/SANDESH_1_05102026172745_Letter_to_SE.pdf
Central Mine Planning & Design Institute Limited,CMPDI,NSE,2026-10-05T17:26:45,announcement,"Certificate under SEBI (Depositories and Participants) Regulations, 2018",,https://nsearchives.nseindia.com/corporate/CMPDI_05102026172629_Reconciliation_of_Share_Capital_Audit_Upload.pdf
AceVector Limited,ACEVECTOR,NSE,2026-10-05T17:26:19,announcement,Updates,,https://nsearchives.nseindia.com/corporate/SNAPDEAL_05102026172526_Disclosure_of_Appointment_of_RTA_Reg_7_1_.pdf
Berger Paints (I) Limited,BERGEPAINT,NSE,2026-10-05T17:24:26,announcement,Updates,,https://nsearchives.nseindia.com/corporate/PAINTBERGE_05102026172418_NOTICEOFBM051126.pdf
Vardhman Special Steels Limited,VSSL,NSE,2026-10-05T17:24:01,announcement,Updates,,https://nsearchives.nseindia.com/corporate/VSSL_05102026172328_vssl_demat_sd.pdf
SMC Global Securities Limited,SMCGLOBAL,NSE,2026-10-05T17:23:28,announcement,Copy of Newspaper Publication,,https://nsearchives.nseindia.com/corporate/SMCGLOBAL_05102026172258_NCD_Adv.PDF
The Orissa Minerals Development Company Limited,ORISSAMINE,NSE,2026-10-05T17:23:07,announcement,Trading Window,,https://nsearchives.nseindia.com/corporate/ORISSAMINE_05102026172258_omdc.pdf
Kesoram Industries Limited,KESORAMIND,NSE,2026-10-05T17:23:04,announcement,General Updates,,https://nsearchives.nseindia.com/corporate/KESORAMIND_05102026172231_Reg30.pdf
AceVector Limited,ACEVECTOR,NSE,2026-10-05T17:22:53,announcement,Updates,,https://nsearchives.nseindia.com/corporate/SNAPDEAL_05102026172230_Disclosure_of_Appointment_of_CS_Reg_6_1_.pdf
Giriraj Civil Developers Limited,GIRIRAJ,NSE,2026-10-05T17:22:52,announcement,Resignation of Director/KMP/SMP,,https://nsearchives.nseindia.com/corporate/GIRIRAJ_ROID_99767_KMP_Doc.zip
Mcnally Bharat Engineering Company Limited,MBECL,NSE,2026-10-05T17:21:56,announcement,Outcome of Board Meeting,,https://nsearchives.nseindia.com/corporate/MBECL_SEC_05102026172143_OutcomeBM051026.pdf
Kirloskar Industries Limited,KIRLOSIND,NSE,2026-10-05T17:20:51,announcement,Shareholders meeting,,https://nsearchives.nseindia.com/corporate/KIRLOSIND_05102026172035_Intimation.pdf
Pulz Electronics Limited,PULZ,NSE,2026-10-05T17:19:23,announcement,Shareholders meeting,,https://nsearchives.nseindia.com/corporate/PULZ_05102026171838_PEL_Final_Merged_Signed_Final.pdf
HBL Engineering Limited,HBLENGINE,NSE,2026-10-05T17:18:08,announcement,General Updates,,https://nsearchives.nseindia.com/corporate/HBLPOWER_05102026171541_intimationofvideorecording.pdf
Axis Bank Limited,AXISBANK,NSE,2026-10-05T17:17:48,announcement,Change in Management,,https://nsearchives.nseindia.com/corporate/AXISBANK_05102026171731_SEintimationSigned.pdf
AceVector Limited,ACEVECTOR,NSE,2026-10-05T17:17:10,announcement,Trading Window,,https://nsearchives.nseindia.com/corporate/SNAPDEAL_05102026171700_Intimation_of_Trading_Window_Closure_September_Quarter.pdf
Premier Energies Limited,PREMIERENE,NSE,2026-10-05T17:16:03,announcement,"Certificate under SEBI (Depositories and Participants) Regulations, 2018",,https://nsearchives.nseindia.com/corporate/PEL2024_05102026171540_SE_Intimation_Reg_74_5_.pdf
Kundan Minerals and Metals Limited,KUNDANMM,NSE,2026-10-05T17:15:32,announcement,Resignation of Director/KMP/SMP,,https://nsearchives.nseindia.com/corporate/KUNDANMM_ROID_99765_KMP_Doc.zip
AceVector Limited,ACEVECTOR,NSE,2026-10-05T17:15:00,announcement,Trading Window,,https://nsearchives.nseindia.com/corporate/SNAPDEAL_05102026171446_Intimation_of_Trading_Window_Closure_June_Quarter.pdf
Popular Vehicles and Services Limited,PVSL,NSE,2026-10-05T17:14:43,announcement,Commencement of commercial production/operations,,https://nsearchives.nseindia.com/corporate/9072530155_05102026171254_Intimation_Commencement_Sd.pdf
Spectrum Talent Management Limited,SPECTSTM,NSE,2026-10-05T17:14:39,announcement,"Certificate under SEBI (Depositories and Participants) Regulations, 2018",,https://nsearchives.nseindia.com/corporate/STML_05102026171431_Certificate_under_Reg_74.pdf
Kundan Minerals and Metals Limited,KUNDANMM,NSE,2026-10-05T17:14:12,announcement,Resignation of Director/KMP/SMP,,https://nsearchives.nseindia.com/corporate/KUNDANMM_ROID_99763_KMP_Doc.zip
R K Swamy Limited,RKSWAMY,NSE,2026-10-05T17:13:57,announcement,"Certificate under SEBI (Depositories and Participants) Regulations, 2018",,https://nsearchives.nseindia.com/corporate/RKSWAMY1973_05102026171323_Intimation_Regulation_74_5_.pdf
Narayana Hrudayalaya Ltd.,NH,NSE,2026-10-05T17:13:51,announcement,Agreements,,https://nsearchives.nseindia.com/corporate/Narayana_05102026171306_SE_Letter_Mercy.pdf
Orient Cables (India) Limited,ORIENTCABL,NSE,2026-10-05T17:10:50,announcement,Trading Window,,https://nsearchives.nseindia.com/corporate/ORIENTCABLES_05102026170843_Trading_window_closure.pdf
BSL Limited,BSL,NSE,2026-10-05T17:10:28,announcement,"Certificate under SEBI (Depositories and Participants) Regulations, 2018",,https://nsearchives.nseindia.com/corporate/BSL_05102026171020_BSL.pdf
Laser Power & Infra Limited,LASERPOWER,NSE,2026-10-05T17:10:24,announcement,Press Release,,https://nsearchives.nseindia.com/corporate/LASERPOWER_05102026171006_Intimation.pdf
IIFL Finance Limited,IIFL,NSE,2026-10-05T17:10:13,announcement,Allotment of Securities,,https://nsearchives.nseindia.com/corporate/IIFL_05102026171002_AllotmentNCD_Intimation.pdf
Indian Overseas Bank,IOB,NSE,2026-10-05T17:08:48,announcement,Credit Rating- Revision,,https://nsearchives.nseindia.com/corporate/IOB_05102026170719_FINAL.pdf
Ujjivan Small Finance Bank Limited,UJJIVANSFB,NSE,2026-10-05T17:08:42,announcement,Credit Rating,,https://nsearchives.nseindia.com/corporate/UJJIVANBANK_05102026170832_91_Intimation_Rating_05102026.pdf
Superhouse Limited,SUPERHOUSE,NSE,2026-10-05T17:06:41,announcement,Structural Digital Database,,https://nsearchives.nseindia.com/corporate/share_05102026170541_ComplianceCertificatefortheQtrendedSept2026.pdf
Chembond Material Technologies Limited,CHEMBOND,NSE,2026-10-05T17:05:58,announcement,"Certificate under SEBI (Depositories and Participants) Regulations, 2018",,https://nsearchives.nseindia.com/corporate/CHEMBOND_05102026170544_CMTLRegulation745051026Signed.pdf
Shringar House of Mangalsutra Limited,SHRINGARMS,NSE,2026-10-05T17:05:55,announcement,"Certificate under SEBI (Depositories and Participants) Regulations, 2018",,https://nsearchives.nseindia.com/corporate/SHRINGAR_05102026170539_SHOM_Reg_74_5__final.pdf
Regency Ceramics Limited,REGENCERAM,NSE,2026-10-05T17:05:53,announcement,Shareholders meeting,,https://nsearchives.nseindia.com/corporate/REGENCERAM_05102026170015_SCREPORTRCL.pdf
D.K. Enterprises Global Limited,DKEGL,NSE,2026-10-05T17:05:36,announcement,"Certificate under SEBI (Depositories and Participants) Regulations, 2018",,https://nsearchives.nseindia.com/corporate/DKENTERPRISE_05102026170520_Regulation_74_5__of_SEBI.pdf
GAIL (India) Limited,GAIL,NSE,2026-10-05T17:04:51,announcement,Appointment,,https://nsearchives.nseindia.com/corporate/GAIL_05102026170439_ShriRajeevKumar.pdf
Vinod Texworld Limited,VINOD,NSE,2026-10-05T17:04:48,announcement,Price movement,,https://nsearchives.nseindia.com/corporate/-
Sp Refractories Limited,SPRL,NSE,2026-10-05T17:04:39,announcement,Price movement,,https://nsearchives.nseindia.com/corporate/-
Kundan Minerals and Metals Limited,KUNDANMM,NSE,2026-10-05T17:03:52,announcement,Change in Company Secretary/Compliance Officer,,https://nsearchives.nseindia.com/corporate/EASTSUGIND_05102026170220_SONICA_RESIGN__1_.pdf
Veranda Learning Solutions Limited,VERANDA,NSE,2026-10-05T17:02:50,announcement,"Certificate under SEBI (Depositories and Participants) Regulations, 2018",,https://nsearchives.nseindia.com/corporate/Verandaipo_05102026165804_DPReg05102026.pdf
Sudeep Pharma Limited,SUDEEPPHRM,NSE,2026-10-05T17:02:37,announcement,Change in Management,,https://nsearchives.nseindia.com/corporate/SUDEEPPHARMALIMITED_05102026170200_Intimation_for_Change_in_SMP.pdf
BirlaNu Limited,BIRLANU,NSE,2026-10-05T17:02:12,announcement,"Certificate under SEBI (Depositories and Participants) Regulations, 2018",,https://nsearchives.nseindia.com/corporate/sumedha_05102026170201_Regulation74_5_dated30092026signed.pdf
Pritika Auto Industries Limited,PRITIKAUTO,NSE,2026-10-05T17:02:03,announcement,"Certificate under SEBI (Depositories and Participants) Regulations, 2018",,https://nsearchives.nseindia.com/corporate/PRITIKAUTO_05102026170103_Reg74_5_certificatepailsep26.pdf
Narayana Hrudayalaya Ltd.,NH,NSE,2026-10-05T17:01:23,announcement,Shareholders meeting,,https://nsearchives.nseindia.com/corporate/Narayana_05102026170031_SE_Letter-_Scruntinizer_report_Voting_results.pdf
Goldiam International Limited,GOLDIAM,NSE,2026-10-05T16:58:52,announcement,"Certificate under SEBI (Depositories and Participants) Regulations, 2018",,https://nsearchives.nseindia.com/corporate/GOLDIAM_05102026165833_Regulation-74-.pdf
Bharat Heavy Electricals Limited,BHEL,NSE,2026-10-05T16:57:39,announcement,Copy of Newspaper Publication,,https://nsearchives.nseindia.com/corporate/BHEL_05102026165729_SEINTIMATION.pdf
Kundan Minerals and Metals Limited,KUNDANMM,NSE,2026-10-05T16:57:22,announcement,Resignation,,https://nsearchives.nseindia.com/corporate/EASTSUGIND_05102026165703_SONICA_RESIGN__1_.pdf
Kody Technolab Limited,KODYTECH,NSE,2026-10-05T16:55:21,announcement,"Certificate under SEBI (Depositories and Participants) Regulations, 2018",,https://nsearchives.nseindia.com/corporate/CSKODY_05102026165513_Certificate_under_Regulation_74_5_.pdf
Jaykay Enterprises Limited,JAYKAY,NSE,2026-10-05T16:55:15,announcement,"Certificate under SEBI (Depositories and Participants) Regulations, 2018",,https://nsearchives.nseindia.com/corporate/JAYKAY_05102026165444_SEs_Intimation_74_5__sd.pdf
Sumeet Industries Limited,SUMEETINDS,NSE,2026-10-05T16:54:55,announcement,Analysts/Institutional Investor Meet/Con. Call Updates,,https://nsearchives.nseindia.com/corporate/SUMEETINDS_05102026165445_Investorconferenceupdate.pdf
Loyal Textile Mills Limited,LOYALTEX,NSE,2026-10-05T16:54:48,announcement,"Certificate under SEBI (Depositories and Participants) Regulations, 2018",,https://nsearchives.nseindia.com/corporate/LOYALTEX_05102026165421_LTMRegulation74_5_SEBI_DP_NSE.pdf
The Ramco Cements Limited,RAMCOCEM,NSE,2026-10-05T16:54:28,announcement,Updates,,https://nsearchives.nseindia.com/corporate/RAMCOCEM_05102026165300_Scan_0080.pdf
Jaykay Enterprises Limited,JAYKAY,NSE,2026-10-05T16:51:36,announcement,Acquisition,,https://nsearchives.nseindia.com/corporate/JAYKAY_05102026165115_SEs_Intimation_JK_Defence_25_Cr_Investment_s.pdf
Giriraj Civil Developers Limited,GIRIRAJ,NSE,2026-10-05T16:49:43,announcement,Resignation,,https://nsearchives.nseindia.com/corporate/GIRIRAJ_05102026164250_CS_Resignation_Intimation_Giriraj_signed.pdf
The Jammu & Kashmir Bank Limited,J&KBANK,NSE,2026-10-05T16:49:37,announcement,Copy of Newspaper Publication,,https://nsearchives.nseindia.com/corporate/TUFAIL_05102026164819_Newspaper_Publication.pdf
Wipro Limited,WIPRO,NSE,2026-10-05T16:48:59,announcement,"Certificate under SEBI (Depositories and Participants) Regulations, 2018",,https://nsearchives.nseindia.com/corporate/Cslogin_05102026164838_SEIntimation05102026.pdf
Jaykay Enterprises Limited,JAYKAY,NSE,2026-10-05T16:48:54,announcement,Acquisition,,https://nsearchives.nseindia.com/corporate/JAYKAY_05102026164738_SEs_Intimation_JK_Digital_2_Cr_Investment_s.pdf
TVS Motor Company Limited,TVSMOTOR,NSE,2026-10-05T16:48:51,announcement,"Certificate under SEBI (Depositories and Participants) Regulations, 2018",,https://nsearchives.nseindia.com/corporate/TVSMOTOR_05102026164824_NSEBSEIntimation74_5__sd.pdf
Ashok Leyland Limited,ASHOKLEY,NSE,2026-10-05T16:47:47,announcement,"Certificate under SEBI (Depositories and Participants) Regulations, 2018",,https://nsearchives.nseindia.com/corporate/ASHOKLEYLAND_05102026164558_74_5__Declaration_Sept_2026_PDF.pdf
EIH Associated Hotels Limited,EIHAHOTELS,NSE,2026-10-05T16:47:19,announcement,Copy of Newspaper Publication,,https://nsearchives.nseindia.com/corporate/EIHAHOTELS_05102026164600_EIHASTXspecialwindow05102026.pdf
Megatherm Induction Limited,MEGATHERM,NSE,2026-10-05T16:46:10,announcement,Analysts/Institutional Investor Meet/Con. Call Updates,,https://nsearchives.nseindia.com/corporate/MEGATHERM_05102026164558_NEAPSANNOUNCEMENTINVESTORMEET09102026.pdf
TSF INVESTMENTS LIMITED,TSFINV,NSE,2026-10-05T16:45:10,announcement,"Certificate under SEBI (Depositories and Participants) Regulations, 2018",,https://nsearchives.nseindia.com/corporate/SUNDARMHLD_05102026164417_TSFIL74_5_30092026.pdf
PVP Ventures Limited,PVP,NSE,2026-10-05T16:44:50,announcement,Updates,,https://nsearchives.nseindia.com/corporate/Pvpchennai_05102026163634_Intimaton_to_stock_exchange.pdf
Rail Vikas Nigam Limited,RVNL,NSE,2026-10-05T16:44:37,announcement,Updates,,https://nsearchives.nseindia.com/corporate/RVNL_05102026164427_BODComments.pdf
Indo-National Limited,NIPPOBATRY,NSE,2026-10-05T16:44:05,announcement,Acquisition,,https://nsearchives.nseindia.com/corporate/NIPPOBATRY_05102026164335_INL_Stock_Exchange_Disclosuresd.pdf
Maruti Suzuki India Limited,MARUTI,NSE,2026-10-05T16:41:53,announcement,Analysts/Institutional Investor Meet/Con. Call Updates,,https://nsearchives.nseindia.com/corporate/MARUTI_05102026163802_STxIntimation_InvstConcall_8Sep2026.pdf
Godrej Properties Limited,GODREJPROP,NSE,2026-10-05T16:41:24,announcement,Analysts/Institutional Investor Meet/Con. Call Updates,,https://nsearchives.nseindia.com/corporate/GODREJPROP_05102026164111_SEIntimationConcall.pdf
CARE Ratings Limited,CARERATING,NSE,2026-10-05T16:41:19,announcement,ESOP/ESOS/ESPS,,https://nsearchives.nseindia.com/corporate/CARERATINGS_05102026164100_CARE.pdf
Hindustan Construction Company Limited,HCC,NSE,2026-10-05T16:39:09,announcement,"Certificate under SEBI (Depositories and Participants) Regulations, 2018",,https://nsearchives.nseindia.com/corporate/HCC_05102026163859_Exchange.pdf
Wipro Limited,WIPRO,NSE,2026-10-05T16:38:57,announcement,Trading Window,,https://nsearchives.nseindia.com/corporate/Cslogin_05102026163841_SEIntimation05102026.pdf
KCP Limited,KCP,NSE,2026-10-05T16:38:10,announcement,Structural Digital Database,,https://nsearchives.nseindia.com/corporate/radhika_05102026163802_SDD_SEP26.pdf
Nahar Capital and Financial Services Limited,NAHARCAP,NSE,2026-10-05T16:38:04,announcement,Updates,,https://nsearchives.nseindia.com/corporate/NAHARCAP_05102026163747_NCFSDRSEPTEMBER2026.pdf
Sundaram Brake Linings Limited,SUNDRMBRAK,NSE,2026-10-05T16:37:45,announcement,"Certificate under SEBI (Depositories and Participants) Regulations, 2018",,https://nsearchives.nseindia.com/corporate/SUNDRMBRAK_05102026163702_SEsigned.pdf
Keynote Financial Services Limited,KEYFINSERV,NSE,2026-10-05T16:37:29,announcement,"Certificate under SEBI (Depositories and Participants) Regulations, 2018",,https://nsearchives.nseindia.com/corporate/KEYFINSERV_05102026163720_IntimationunderReg74.pdf
Relaxo Footwears Limited,RELAXO,NSE,2026-10-05T16:37:28,announcement,"Certificate under SEBI (Depositories and Participants) Regulations, 2018",,https://nsearchives.nseindia.com/corporate/RELAXO_05102026163719_Stx_Intimation_Reg_74_5__Signed.pdf
Suraksha Diagnostic Limited,SURAKSHA,NSE,2026-10-05T16:36:18,announcement,"Certificate under SEBI (Depositories and Participants) Regulations, 2018",,https://nsearchives.nseindia.com/corporate/SURAKSHA_05102026163607_Suraksha_74_5_-_Q2_FY_2026-27.pdf
NINtec Systems Limited,NINSYS,NSE,2026-10-05T16:34:58,announcement,Press Release,,https://nsearchives.nseindia.com/corporate/NINSYS_05102026163449_PressRelease.pdf
Hirect Limited,HIRECT,NSE,2026-10-05T16:34:24,announcement,Shareholders meeting,,https://nsearchives.nseindia.com/corporate/HIRECT_05102026163400_SE_Letter.pdf
Jainik Power Cables Limited,JAINIK,NSE,2026-10-05T16:33:54,announcement,"Certificate under SEBI (Depositories and Participants) Regulations, 2018",,https://nsearchives.nseindia.com/corporate/JAINIK_05102026163337_Covering_Letter_RTA_74_5_.pdf
Grover Jewells Limited,GJL,NSE,2026-10-05T16:33:36,announcement,Quarterly Compliance Report on Corporate governance - within 21 days from the end of the quarter,,https://nsearchives.nseindia.com/corporate/GROVER_05102026163320_Nonapplicabilityof_27_2__30September26sd_.pdf
UTI Asset Management Company Limited,UTIAMC,NSE,2026-10-05T16:32:35,announcement,Analysts/Institutional Investor Meet/Con. Call Updates,,https://nsearchives.nseindia.com/corporate/CSUTIAMC_05102026163200_Covering_Letter_Earning_Call.pdf
Sundram Fasteners Limited,SUNDRMFAST,NSE,2026-10-05T16:32:05,announcement,Copy of Newspaper Publication,,https://nsearchives.nseindia.com/corporate/SUNDRMFAST_05102026163155_SELetterPaperAdv05102026.pdf
NRB Industrial Bearings Limited,NIBL,NSE,2026-10-05T16:30:05,announcement,"Certificate under SEBI (Depositories and Participants) Regulations, 2018",,https://nsearchives.nseindia.com/corporate/NIBL_05102026162936_Regulation-74_5__sd.pdf
Indian Oil Corporation Limited,IOC,NSE,2026-10-05T16:29:32,announcement,"Certificate under SEBI (Depositories and Participants) Regulations, 2018",,https://nsearchives.nseindia.com/corporate/IOC_05102026162923_2026_10_05_Certificate_under_Regulation_74_5_S.pdf
Everest Industries Limited,EVERESTIND,NSE,2026-10-05T16:29:27,announcement,"Certificate under SEBI (Depositories and Participants) Regulations, 2018",,https://nsearchives.nseindia.com/corporate/EVERESTINDUSTRIES_05102026162809_IntimationUR74_5_Certificate.pdf
Can Fin Homes Limited,CANFINHOME,NSE,2026-10-05T16:28:24,announcement,Copy of Newspaper Publication,,https://nsearchives.nseindia.com/corporate/CANFINHOME_05102026162810_NEWSPAPER_publication_05_10_2026.pdf
Dwarikesh Sugar Industries Limited,DWARKESH,NSE,2026-10-05T16:26:58,announcement,"Certificate under SEBI (Depositories and Participants) Regulations, 2018",,https://nsearchives.nseindia.com/corporate/DWARKESH_05102026162650_Certificate_74_5__s.pdf
RBZ Jewellers Limited,RBZJEWEL,NSE,2026-10-05T16:23:05,announcement,Analysts/Institutional Investor Meet/Con. Call Updates,,https://nsearchives.nseindia.com/corporate/RBZ_05102026162253_SignedReg30Investorconference05102026.pdf
JINDAL STEEL LIMITED,JINDALSTEL,NSE,2026-10-05T16:22:36,announcement,"Certificate under SEBI (Depositories and Participants) Regulations, 2018",,https://nsearchives.nseindia.com/corporate/JINDALSTEL_05102026162226_stx_signed.pdf
Knowledge Marine & Engineering Works Limited,KMEW,NSE,2026-10-05T16:21:30,announcement,Shareholders meeting,,https://nsearchives.nseindia.com/corporate/KMEW_05102026162119_Voting_Results_Scrutinizer_Report_AGM.pdf
Axiom Gas Engineering Limited,AXIOMGAS,NSE,2026-10-05T16:21:18,announcement,General Updates,,https://nsearchives.nseindia.com/corporate/AXIOMGAS_05102026162104_Submission_of_SH_-_post_issue_23-09-26.pdf
Dynamic Services & Security Limited,DYNAMIC,NSE,2026-10-05T16:20:30,announcement,Awarding of order(s)/contract(s),,https://nsearchives.nseindia.com/corporate/DYNAMIC_05102026162010_Intimation_Bharat_Battery_05_oct.pdf
Ansal Properties & Infrastructure Limited,ANSALAPI,NSE,2026-10-05T16:20:20,announcement,Defaults on Payment of Interest/Principal,,https://nsearchives.nseindia.com/corporate/ANSALAPI_05102026162006_Disclosure_Defaul_Qtr_30092026.pdf
Steamhouse India Limited,STEAMHOUSE,NSE,2026-10-05T16:20:19,announcement,Investor Presentation,,https://nsearchives.nseindia.com/corporate/CAVAIBHAVGATTANI_05102026161848_Steamhouse_Investor_Presentation.pdf
LMW Limited,LMW,NSE,2026-10-05T16:16:04,announcement,Analysts/Institutional Investor Meet/Con. Call Updates,,https://nsearchives.nseindia.com/corporate/LAXMIMACH_05102026161520_FILINGINVESTOR.pdf
Kotak Mahindra Bank Limited,KOTAKBANK,NSE,2026-10-05T16:15:28,announcement,Updates,,https://nsearchives.nseindia.com/corporate/KOTAK_05102026161039_PrebusinessupdateQ2H1FY27.pdf
ATN International Limited,ATNINTER,NSE,2026-10-05T16:14:25,announcement,Change in Management,,https://nsearchives.nseindia.com/corporate/ATNINTER_05102026161259_ATN_intimation.pdf
Greenply Industries Limited,GREENPLY,NSE,2026-10-05T16:14:05,announcement,Copy of Newspaper Publication,,https://nsearchives.nseindia.com/corporate/GREEN_05102026161353_Specialwindow_05102026.pdf
International Gemological Institute Limited,IGIL,NSE,2026-10-05T16:13:44,announcement,"Certificate under SEBI (Depositories and Participants) Regulations, 2018",,https://nsearchives.nseindia.com/corporate/IGIINDIA_05102026161320_SE_-_Upload.pdf
Dredging Corporation of India Limited,DREDGECORP,NSE,2026-10-05T16:11:11,announcement,Shareholders meeting,,https://nsearchives.nseindia.com/corporate/DREDGECORP_05102026160947_202061005_POSTAL_BALLOT_NOTICE.pdf
Salzer Electronics Limited,SALZERELEC,NSE,2026-10-05T16:10:38,announcement,"Certificate under SEBI (Depositories and Participants) Regulations, 2018",,https://nsearchives.nseindia.com/corporate/SALZERELEC_05102026161029_DisclosureUnder74NSE30092026.pdf
Jay Jalaram Technologies Limited,KORE,NSE,2026-10-05T16:10:38,announcement,Appointment,,https://nsearchives.nseindia.com/corporate/KORE_05102026160936_Re-Appointment_of_Directors_15th_AGM.pdf
Rane Holdings Limited,RANEHOLDIN,NSE,2026-10-05T16:09:31,announcement,"Certificate under SEBI (Depositories and Participants) Regulations, 2018",,https://nsearchives.nseindia.com/corporate/RANEHOLDIN_05102026160853_RHL_SE_74_5__Q2_2026-27_SD.pdf
Systango Technologies Limited,SYSTANGO,NSE,2026-10-05T16:09:09,announcement,Shareholders meeting,,https://nsearchives.nseindia.com/corporate/SYSTANGO_05102026160855_Intimation.pdf
Mahindra Holidays & Resorts India Limited,MHRIL,NSE,2026-10-05T16:08:37,announcement,Analysts/Institutional Investor Meet/Con. Call Updates,,https://nsearchives.nseindia.com/corporate/MHRIL_05102026160812_SE_Intimation_-_Earnings_Call_-_Q2.pdf
Steamhouse India Limited,STEAMHOUSE,NSE,2026-10-05T16:08:24,announcement,Integrated Filing- Financial,,https://nsearchives.nseindia.com/corporate/CAVAIBHAVGATTANI_05102026160805_Outcome_of_Board_Meeting.pdf
Bajaj Electricals Limited,BAJAJELEC,NSE,2026-10-05T16:08:02,announcement,Shareholders meeting,,https://nsearchives.nseindia.com/corporate/BAJAJELEC_05102026160736_SignedSEIntimationPBNoticeDispatch06082026.pdf
Jay Jalaram Technologies Limited,KORE,NSE,2026-10-05T16:07:12,announcement,Appointment,,https://nsearchives.nseindia.com/corporate/KORE_05102026160637_Re-Appointment_of_Directors_15th_AGM.pdf
Hi-Green Carbon Limited,HIGREEN,NSE,2026-10-05T16:06:13,announcement,Appointment,,https://nsearchives.nseindia.com/corporate/HIGREEN_05102026160559_OutcomeHiGreen05102026.pdf
Gandhi Special Tubes Limited,GANDHITUBE,NSE,2026-10-05T16:05:55,announcement,Trading Window,,https://nsearchives.nseindia.com/corporate/GANDHITUBE_05102026160442_GSTLsigned.pdf
A B Infrabuild Limited,ABINFRA,NSE,2026-10-05T16:04:51,announcement,Awarding of order(s)/contract(s),,https://nsearchives.nseindia.com/corporate/ABINFRA_05102026160441_Intimation.pdf
Hi-Green Carbon Limited,HIGREEN,NSE,2026-10-05T16:04:49,announcement,Outcome of Board Meeting,,https://nsearchives.nseindia.com/corporate/HIGREEN_05102026160227_OutcomeHiGreen05102026.pdf
Aegis Logistics Limited,AEGISLOG,NSE,2026-10-05T16:04:47,announcement,General Updates,,https://nsearchives.nseindia.com/corporate/AEGISCHEM_05102026160208_ALL_Eastern_name_change_S.pdf
Docmode Health Technologies Limited,DHTL,NSE,2026-10-05T16:03:50,announcement,Shareholders meeting,,https://nsearchives.nseindia.com/corporate/DOCMODE_05102026160317_VotingResultAGM.pdf
Central Bank of India,CENTRALBK,NSE,2026-10-05T16:01:33,announcement,"Certificate under SEBI (Depositories and Participants) Regulations, 2018",,https://nsearchives.nseindia.com/corporate/CENTRALBK_05102026160123_Final_SE_74_5_.pdf
Vivid Electromech Limited,VIVIDEL,NSE,2026-10-05T15:59:26,announcement,"Certificate under SEBI (Depositories and Participants) Regulations, 2018",,https://nsearchives.nseindia.com/corporate/VIVID_05102026155906_Intimation_Reg_74_5_.pdf
Nidan Laboratories and Healthcare Limited,NIDAN,NSE,2026-10-05T15:58:18,announcement,Quarterly Compliance Report on Corporate governance - within 21 days from the end of the quarter,,https://nsearchives.nseindia.com/corporate/NIDANHEALTHCARE_05102026155727_Nidan_Non_Applicability_CG.pdf
CESC Limited,CESC,NSE,2026-10-05T15:57:36,announcement,Copy of Newspaper Publication,,https://nsearchives.nseindia.com/corporate/CESC_05102026155727_1.pdf
Firstsource Solutions Limited,FSL,NSE,2026-10-05T15:56:28,announcement,"Certificate under SEBI (Depositories and Participants) Regulations, 2018",,https://nsearchives.nseindia.com/corporate/FSL_05102026155611_NSE_BSE_Lettersigned.pdf
Aditya Birla Lifestyle Brands Limited,ABLBL,NSE,2026-10-05T15:56:05,announcement,Copy of Newspaper Publication,,https://nsearchives.nseindia.com/corporate/ABLBL_05102026155549_SEIntimationNewspaperpublication.pdf
Popular Vehicles and Services Limited,PVSL,NSE,2026-10-05T15:56:04,announcement,Press Release,,https://nsearchives.nseindia.com/corporate/9072530155_05102026155502_Disclosure_PressRelease_Sd.pdf
ALUWIND INFRA-TECH LIMITED,ALUWIND,NSE,2026-10-05T15:55:42,announcement,"Certificate under SEBI (Depositories and Participants) Regulations, 2018",,https://nsearchives.nseindia.com/corporate/ALUWIND_05102026155528_SE_Intimation_Reg74_5_.pdf
Isgec Heavy Engineering Limited,ISGEC,NSE,2026-10-05T15:54:55,announcement,Copy of Newspaper Publication,,https://nsearchives.nseindia.com/corporate/ISGEC_05102026155445_Signed_Intimation_Newspaper_Publication_05102026.pdf
Amir Chand Jagdish Kumar (Exports) Limited,AEROPLANE,NSE,2026-10-05T15:54:50,announcement,"Certificate under SEBI (Depositories and Participants) Regulations, 2018",,https://nsearchives.nseindia.com/corporate/ACJKEL12_05102026155417_ACJKEL_Intimation.pdf
Teamlease Services Limited,TEAMLEASE,NSE,2026-10-05T15:54:34,announcement,General Updates,,https://nsearchives.nseindia.com/corporate/TEAMLEASE_05102026154952_TeamLeaseIntimationonCrisilESGRatings.pdf
Quintegra Solutions Limited,QUINTEGRA,NSE,2026-10-05T15:53:58,announcement,"Certificate under SEBI (Depositories and Participants) Regulations, 2018",,https://nsearchives.nseindia.com/corporate/QUINTEGRA_05102026155338_74_5__Certificate_30092026_to_SE_Signed.pdf
Sai Parenterals Limited,SAIPARENT,NSE,2026-10-05T15:53:54,announcement,Press Release,,https://nsearchives.nseindia.com/corporate/SAIPARENTERALS_05102026155327_PrassRelease.pdf
Goyal Salt Limited,GOYALSALT,NSE,2026-10-05T15:51:29,announcement,Acquisition,,https://nsearchives.nseindia.com/corporate/GOYAL_05102026155055_Intimation_Goyal.pdf
Steamhouse India Limited,STEAMHOUSE,NSE,2026-10-05T15:51:27,announcement,Outcome of Board Meeting,,https://nsearchives.nseindia.com/corporate/CAVAIBHAVGATTANI_05102026154933_Outcome_of_Board_Meeting.pdf
Hi-Tech Pipes Limited,HITECH,NSE,2026-10-05T15:50:41,announcement,Press Release,,https://nsearchives.nseindia.com/corporate/HITECH_05102026154714_Sales_Volume_Update_Q2H1FY27.pdf
Shree Ram Proteins Limited,SRPL,NSE,2026-10-05T15:50:09,announcement,Address Change,,https://nsearchives.nseindia.com/corporate/SRPL_05102026155001_Regulation_30.pdf
Websol Energy System Limited,WEBELSOLAR,NSE,2026-10-05T15:49:48,announcement,"Certificate under SEBI (Depositories and Participants) Regulations, 2018",,https://nsearchives.nseindia.com/corporate/WEBELSOLAR_05102026154933_Reg_74_5_.pdf
Mindteck (India) Limited,MINDTECK,NSE,2026-10-05T15:48:44,announcement,Resignation of Director/KMP/SMP,,https://nsearchives.nseindia.com/corporate/MINDTECK_ROID_99746_KMP_Doc.zip
Jainik Power Cables Limited,JAINIK,NSE,2026-10-05T15:48:27,announcement,Press Release,,https://nsearchives.nseindia.com/corporate/JAINIK_05102026154606_Jainik_Madhya_Pradesh_Vendor_Approval_Press_Release.pdf
Shree Ram Proteins Limited,SRPL,NSE,2026-10-05T15:47:57,announcement,General Updates,,https://nsearchives.nseindia.com/corporate/SRPL_05102026154750_Regulation_30.pdf
Smarten Power Systems Limited,SMARTEN,NSE,2026-10-05T15:47:33,announcement,Updates,,https://nsearchives.nseindia.com/corporate/SMARTENPOWER_05102026154711_NSESTX05102025.pdf
The Phoenix Mills Limited,PHOENIXLTD,NSE,2026-10-05T15:47:18,announcement,Analysts/Institutional Investor Meet/Con. Call Updates,,https://nsearchives.nseindia.com/corporate/PHOENIXLTD_05102026154704_PML_intimationofinvmeet_10oct_sd.pdf
Aptus Value Housing Finance India Limited,APTUS,NSE,2026-10-05T15:46:59,announcement,"Certificate under SEBI (Depositories and Participants) Regulations, 2018",,https://nsearchives.nseindia.com/corporate/APTUS_05102026154623_Aptus_Value_Covering_Letter_74_5__DP_Reg_September__30_2026_sd_Final.pdf
Shivashrit Foods Limited,SHIVASHRIT,NSE,2026-10-05T15:46:28,announcement,Shareholders meeting,,https://nsearchives.nseindia.com/corporate/SHIVASHRITFOODS_05102026154444_SFLResults26.pdf
Mindteck (India) Limited,MINDTECK,NSE,2026-10-05T15:46:19,announcement,Cessation,,https://nsearchives.nseindia.com/corporate/MINDTECK_05102026154612_32BSELetterIntimationofKeshavaPrasadsresignation.pdf
Akshar Spintex Limited,AKSHAR,NSE,2026-10-05T15:46:05,announcement,"Certificate under SEBI (Depositories and Participants) Regulations, 2018",,https://nsearchives.nseindia.com/corporate/AKSHAR_05102026154551_Certificate_under_74SIGNED.pdf
Akash Infra Projects Limited,AKASH,NSE,2026-10-05T15:45:34,announcement,"Certificate under SEBI (Depositories and Participants) Regulations, 2018",,https://nsearchives.nseindia.com/corporate/AKASH_05102026154521_Regulations_74_5__Akash.pdf
UFO Moviez India Limited,UFO,NSE,2026-10-05T15:45:32,announcement,"Certificate under SEBI (Depositories and Participants) Regulations, 2018",,https://nsearchives.nseindia.com/corporate/UFO_05102026154437_CoverLetter74_5__30092026.pdf
BASF India Limited,BASF,NSE,2026-10-05T15:45:30,announcement,"Certificate under SEBI (Depositories and Participants) Regulations, 2018",,https://nsearchives.nseindia.com/corporate/BASFIL_05102026154510_Reg74_5_Signed.pdf
Optivalue Tek Consulting Limited,OPTIVALUE,NSE,2026-10-05T15:45:21,announcement,Bagging/Receiving of orders/contracts,,https://nsearchives.nseindia.com/corporate/OPTIVALUETEK_05102026154058_Corporate_Announcement_Signed.pdf
Mahanagar Telephone Nigam Limited,MTNL,NSE,2026-10-05T15:43:51,announcement,General Updates,,https://nsearchives.nseindia.com/corporate/MTNL_05102026154316_SD_SE_CO_05102026.pdf
The Phoenix Mills Limited,PHOENIXLTD,NSE,2026-10-05T15:42:18,announcement,Analysts/Institutional Investor Meet/Con. Call Updates,,https://nsearchives.nseindia.com/corporate/PHOENIXLTD_05102026154153_PML_intimationofinvmeet_8oct_sd.pdf
Popular Vehicles and Services Limited,PVSL,NSE,2026-10-05T15:41:40,announcement,Memorandum of Understanding/Agreements,,https://nsearchives.nseindia.com/corporate/9072530155_05102026154118_Disclosure_FamilyArrangement_Sd.pdf
LEAP India Limited,LEAPIND,NSE,2026-10-05T15:39:52,announcement,General Updates,,https://nsearchives.nseindia.com/corporate/LEAPINDIA_05102026153847_Incorporation_of_Total_Integrated_Packaging_Solutions_Pvt_Ltd.pdf
Balkrishna Paper Mills Limited,BALKRISHNA,NSE,2026-10-05T15:39:28,announcement,"Certificate under SEBI (Depositories and Participants) Regulations, 2018",,https://nsearchives.nseindia.com/corporate/BALKRISHNA_05102026153903_Reg74ason30092026.pdf
Nephro Care India Limited,NEPHROCARE,NSE,2026-10-05T15:38:26,announcement,Structural Digital Database,,https://nsearchives.nseindia.com/corporate/NEPHRO_05102026153749_NCIL_SDD_Certificate.pdf
Bank of Baroda,BANKBARODA,NSE,2026-10-05T15:38:20,announcement,General Updates,,https://nsearchives.nseindia.com/corporate/BANKBARODA_05102026153813_SEOUTSTANDINGBOND.pdf
KCP Limited,KCP,NSE,2026-10-05T15:35:50,announcement,"Certificate under SEBI (Depositories and Participants) Regulations, 2018",,https://nsearchives.nseindia.com/corporate/radhika_05102026153540_SE_74_5_Sep26.pdf
CARE Ratings Limited,CARERATING,NSE,2026-10-05T15:33:44,announcement,"Certificate under SEBI (Depositories and Participants) Regulations, 2018",,https://nsearchives.nseindia.com/corporate/CARERATINGS_05102026153321_CARE.pdf
BEW Engineering Limited,BEWLTD,NSE,2026-10-05T15:32:55,announcement,"Certificate under SEBI (Depositories and Participants) Regulations, 2018",,https://nsearchives.nseindia.com/corporate/BEWENGINEERING_05102026153218_Intimation_of_Reg_74_5_of_SEBI_DP_Reg_2018_Signed.pdf
Maithan Alloys Limited,MAITHANALL,NSE,2026-10-05T15:32:43,announcement,Others,,https://nsearchives.nseindia.com/corporate/MAITHANALL_05102026153119_HFCL01102026.pdf
Vital Chemtech Limited,VITAL,NSE,2026-10-05T15:32:09,announcement,"Certificate under SEBI (Depositories and Participants) Regulations, 2018",,https://nsearchives.nseindia.com/corporate/VITAL_05102026153152_Reg74F.pdf
TruAlt Bioenergy Limited,TRUALT,NSE,2026-10-05T15:32:02,announcement,"Certificate under SEBI (Depositories and Participants) Regulations, 2018",,https://nsearchives.nseindia.com/corporate/TRUALTNSE123_05102026153155_74_5__Int_sd__1_.pdf
Tata Power Company Limited,TATAPOWER,NSE,2026-10-05T15:32:02,announcement,"Certificate under SEBI (Depositories and Participants) Regulations, 2018",,https://nsearchives.nseindia.com/corporate/KSTPCL_05102026153153_Reg_74_Cover_letter.pdf
Mastek Limited,MASTEK,NSE,2026-10-05T15:30:51,announcement,"Certificate under SEBI (Depositories and Participants) Regulations, 2018",,https://nsearchives.nseindia.com/corporate/MASTEK12_05102026152808_74_5_.pdf
Nahar Poly Films Limited,NAHARPOLY,NSE,2026-10-05T15:29:24,announcement,Updates,,https://nsearchives.nseindia.com/corporate/NAHARPOLY_05102026152855_DEMATREPORT.pdf
Gravita India Limited,GRAVITA,NSE,2026-10-05T15:22:43,announcement,General Updates,,https://nsearchives.nseindia.com/corporate/GRAVITA_05102026152014_Intimation05102026.pdf
Rane (Madras) Limited,RML,NSE,2026-10-05T15:22:13,announcement,"Certificate under SEBI (Depositories and Participants) Regulations, 2018",,https://nsearchives.nseindia.com/corporate/RMLCS_05102026151847_RML_74_5__Sep_2026_SD.pdf
EIH Limited,EIHOTEL,NSE,2026-10-05T15:21:32,announcement,Copy of Newspaper Publication,,https://nsearchives.nseindia.com/corporate/EIHOTEL01_05102026151838_EIHSTXspecialwindow05102026.pdf
German Green Steel and Power Limited,GERMAN,NSE,2026-10-05T15:20:46,announcement,Trading Window,,https://nsearchives.nseindia.com/corporate/GERMAN2025_05102026151956_ClosureofTradingWindow.pdf
Sundrop Brands Limited,SUNDROP,NSE,2026-10-05T15:19:39,announcement,"Certificate under SEBI (Depositories and Participants) Regulations, 2018",,https://nsearchives.nseindia.com/corporate/Kavita_Sundrop_05102026151927_SEIntimationCertificateunderReg74ofDPReg2018.pdf
IDFC First Bank Limited,IDFCFIRSTB,NSE,2026-10-05T15:17:31,announcement,General Updates,,https://nsearchives.nseindia.com/corporate/IDFCFIRSTB_05102026151710_IDFCFB_Provisional_Release_Sep_26_sign.pdf
V-Mart Retail Limited,VMART,NSE,2026-10-05T15:17:04,announcement,Resignation of Director/KMP/SMP,,https://nsearchives.nseindia.com/corporate/VMART_ROID_99743_KMP_Doc.zip
Thaai Casting Limited,TCL,NSE,2026-10-05T15:16:35,announcement,"Certificate under SEBI (Depositories and Participants) Regulations, 2018",,https://nsearchives.nseindia.com/corporate/THAAI_05102026151621_Reg_74__5__DP_30_09_2026_TCL.pdf
Gravita India Limited,GRAVITA,NSE,2026-10-05T15:15:54,announcement,Outcome of Board Meeting,,https://nsearchives.nseindia.com/corporate/GRAVITA_05102026151202_Intimation05102026.pdf
V-Mart Retail Limited,VMART,NSE,2026-10-05T15:13:02,announcement,Resignation,,https://nsearchives.nseindia.com/corporate/VMART_05102026151250_SMPResignationIntimation.pdf
PTC India Financial Services Limited,PFS,NSE,2026-10-05T15:09:09,announcement,"Certificate under SEBI (Depositories and Participants) Regulations, 2018",,https://nsearchives.nseindia.com/corporate/PFS_05102026150848_Coversigned.pdf
Gulf Oil Lubricants India Limited,GULFOILLUB,NSE,2026-10-05T15:02:40,announcement,"Certificate under SEBI (Depositories and Participants) Regulations, 2018",,https://nsearchives.nseindia.com/corporate/GULFOILLUB_05102026150210_reg745September2026.pdf
Sarveshwar Foods Limited,SARVESHWAR,NSE,2026-10-05T15:02:22,announcement,Shareholders meeting,,https://nsearchives.nseindia.com/corporate/SARVESHWAR_05102026150205_final_report_signed.pdf
RBL Bank Limited,RBLBANK,NSE,2026-10-05T15:01:16,announcement,"Certificate under SEBI (Depositories and Participants) Regulations, 2018",,https://nsearchives.nseindia.com/corporate/RBLBANK_05102026150039_Reg_74_5_30092026_Letter_Signed.pdf
CORONA Remedies Limited,CORONA,NSE,2026-10-05T14:59:50,announcement,"Certificate under SEBI (Depositories and Participants) Regulations, 2018",,https://nsearchives.nseindia.com/corporate/CORONAREMEDIES_05102026145940_Reg-74_5_-Intimation.pdf
Rex Pipes And Cables Industries Limited,REXPIPES,NSE,2026-10-05T14:59:18,announcement,"Certificate under SEBI (Depositories and Participants) Regulations, 2018",,https://nsearchives.nseindia.com/corporate/csrexpumps_05102026145903_Regulation_74_5.pdf
Shree Tirupati Balajee FIBC Limited,TIRUPATI,NSE,2026-10-05T14:58:37,announcement,Shareholders meeting,,https://nsearchives.nseindia.com/corporate/TIRUPATI_05102026145823_SELETTERWITHMINUTESFINAL.pdf
OnMobile Global Limited,ONMOBILE,NSE,2026-10-05T14:58:04,announcement,"Certificate under SEBI (Depositories and Participants) Regulations, 2018",,https://nsearchives.nseindia.com/corporate/ONMOBILE_05102026145745_SE_Intimation_Regulation_74_5_.pdf
VST Industries Limited,VSTIND,NSE,2026-10-05T14:57:01,announcement,"Certificate under SEBI (Depositories and Participants) Regulations, 2018",,https://nsearchives.nseindia.com/corporate/VSTIND_05102026145610_Reg74.pdf
Transteel Seating Technologies Limited,TRANSTEEL,NSE,2026-10-05T14:56:40,announcement,Shareholders meeting,,https://nsearchives.nseindia.com/corporate/TRANSTEEL_05102026145612_TransteelReport.pdf
Gujarat Narmada Valley Fertilizers and Chemicals Limited,GNFC,NSE,2026-10-05T14:55:19,announcement,"Certificate under SEBI (Depositories and Participants) Regulations, 2018",,https://nsearchives.nseindia.com/corporate/rajeshpillai8741_05102026145459_certificatesigned.pdf
Ginni Filaments Limited,GINNIFILA,NSE,2026-10-05T14:54:35,announcement,Updates,,https://nsearchives.nseindia.com/corporate/GINNIFILA1_05102026145422_relodgement_Report__Ginni.pdf
Kronox Lab Sciences Limited,KRONOX,NSE,2026-10-05T14:53:49,announcement,"Certificate under SEBI (Depositories and Participants) Regulations, 2018",,https://nsearchives.nseindia.com/corporate/KRONOX_05102026145257_Certificate_under_Regulation_74_5_.pdf
Trent Limited,TRENT,NSE,2026-10-05T14:52:55,announcement,"Certificate under SEBI (Depositories and Participants) Regulations, 2018",,https://nsearchives.nseindia.com/corporate/TRENT_05102026145012_Letter_to_Stock_Exchange_-_Reg_74_5_.pdf
Honeywell Automation India Limited,HONAUT,NSE,2026-10-05T14:51:50,announcement,"Certificate under SEBI (Depositories and Participants) Regulations, 2018",,https://nsearchives.nseindia.com/corporate/HONAUT_05102026145132_HAILReg74_30092026.pdf
Solex Energy Limited,SOLEX,NSE,2026-10-05T14:51:09,announcement,Press Release,,https://nsearchives.nseindia.com/corporate/SOLEX_05102026145048_Press_Release.pdf
MMTC Limited,MMTC,NSE,2026-10-05T14:50:04,announcement,"Certificate under SEBI (Depositories and Participants) Regulations, 2018",,https://nsearchives.nseindia.com/corporate/ajaymisra_05102026144945_Regulation_74_5__sd.pdf
TVS Holdings Limited,TVSHLTD,NSE,2026-10-05T14:47:07,announcement,"Certificate under SEBI (Depositories and Participants) Regulations, 2018",,https://nsearchives.nseindia.com/corporate/SUNCLAYLTD_05102026144636_BSENSEINTIMATIONSGD.pdf
Indian Hume Pipe Company Limited,INDIANHUME,NSE,2026-10-05T14:45:04,announcement,General Updates,,https://nsearchives.nseindia.com/corporate/SHARES_05102026144441_GSTSEBIINTIMATIONGSTBHOPALORDER05102026.pdf
Neuland Laboratories Limited,NEULANDLAB,NSE,2026-10-05T14:44:14,announcement,"Certificate under SEBI (Depositories and Participants) Regulations, 2018",,https://nsearchives.nseindia.com/corporate/NEULANDLAB_05102026144313_SignedSE_Intimation_Certificate74.pdf
Shalby Limited,SHALBY,NSE,2026-10-05T14:42:06,announcement,"Certificate under SEBI (Depositories and Participants) Regulations, 2018",,https://nsearchives.nseindia.com/corporate/SHALBYLTD_05102026142659_57Certificateunder745.pdf
Star Health and Allied Insurance Company Limited,STARHEALTH,NSE,2026-10-05T14:42:01,announcement,"Certificate under SEBI (Depositories and Participants) Regulations, 2018",,https://nsearchives.nseindia.com/corporate/STARHEALTH_05102026144001_SHAI74_5_30092026.pdf
Orient Paper & Industries Limited,ORIENTPPR,NSE,2026-10-05T14:40:44,announcement,Trading Window,,https://nsearchives.nseindia.com/corporate/ORIENTPPR_05102026144035_Prior_Intimation_of_Board_Meeting.pdf
Axiom Gas Engineering Limited,AXIOMGAS,NSE,2026-10-05T14:39:08,announcement,General Updates,,https://nsearchives.nseindia.com/corporate/AXIOMGAS_05102026143847_Intimation_Under_Reg_30_5__Designated-md.pdf
Accent Microcell Limited,ACCENTMIC,NSE,2026-10-05T14:38:55,announcement,"Certificate under SEBI (Depositories and Participants) Regulations, 2018",,https://nsearchives.nseindia.com/corporate/ACCENT_05102026143848_74_5_.pdf
Trident Limited,TRIDENT,NSE,2026-10-05T14:28:25,announcement,"Certificate under SEBI (Depositories and Participants) Regulations, 2018",,https://nsearchives.nseindia.com/corporate/TRIDENT_05102026142720_Intimation_STX_Reg_74_5__Disclosure.pdf
Quess Corp Limited,QUESS,NSE,2026-10-05T14:28:22,announcement,General Updates,,https://nsearchives.nseindia.com/corporate/Quesscorp_05102026142744_SE_Intimation_KYC_Letter.pdf
Avi Ansh Textile Limited,AVIANSH,NSE,2026-10-05T14:26:58,announcement,"Certificate under SEBI (Depositories and Participants) Regulations, 2018",,https://nsearchives.nseindia.com/corporate/AVIANSH_05102026142625_Certificate_under_regulation_74_5_.pdf
TCI Finance Limited,TCIFINANCE,NSE,2026-10-05T14:25:24,announcement,"Certificate under SEBI (Depositories and Participants) Regulations, 2018",,https://nsearchives.nseindia.com/corporate/TCIFINANCE_05102026142507_Intimation_SE.pdf
Purple United Sales Limited,PURPLEUTED,NSE,2026-10-05T14:24:41,announcement,"Certificate under SEBI (Depositories and Participants) Regulations, 2018",,https://nsearchives.nseindia.com/corporate/PURPLEUNITED_05102026142054_IntimationofCertificateunderRegulation74.pdf
Sundram Fasteners Limited,SUNDRMFAST,NSE,2026-10-05T14:22:02,announcement,"Certificate under SEBI (Depositories and Participants) Regulations, 2018",,https://nsearchives.nseindia.com/corporate/SUNDRMFAST_05102026142150_SFLSELetterReg74530092026.pdf
ITC Limited,ITC,NSE,2026-10-05T14:21:07,announcement,"Certificate under SEBI (Depositories and Participants) Regulations, 2018",,https://nsearchives.nseindia.com/corporate/ITC_05102026142025_Demat_Remat_quarterly_Sept26.pdf
Jamna Auto Industries Limited,JAMNAAUTO,NSE,2026-10-05T14:18:21,announcement,Updates,,https://nsearchives.nseindia.com/corporate/JAMNAAUTO_05102026141743_Intimation.pdf
Nahar Spinning Mills Limited,NAHARSPING,NSE,2026-10-05T14:16:13,announcement,Updates,,https://nsearchives.nseindia.com/corporate/NAHARSPING_05102026141548_DEMATREPORTFORTHEMONTHOFSEPTEMBER2026.pdf
Rategain Travel Technologies Limited,RATEGAIN,NSE,2026-10-05T14:11:33,announcement,General Updates,,https://nsearchives.nseindia.com/corporate/RATEGAIN_05102026141122_RG_Transcript.pdf
Veranda Learning Solutions Limited,VERANDA,NSE,2026-10-05T14:09:08,announcement,Press Release,,https://nsearchives.nseindia.com/corporate/Verandaipo_05102026140849_REG30PR.pdf
Aarnav Fashions Limited,AARNAV,NSE,2026-10-05T14:07:14,announcement,Shareholders meeting,,https://nsearchives.nseindia.com/corporate/AARNAV_05102026140655_Voting_Results_withReport_ocr.pdf
Danish Power Limited,DANISH,NSE,2026-10-05T14:06:43,announcement,Bagging/Receiving of orders/contracts,,https://nsearchives.nseindia.com/corporate/DANISH_05102026140532_Letter_to_Stock_Exchange.pdf
Vinyas Innovative Technologies Limited,VINYAS,NSE,2026-10-05T14:06:07,announcement,"Certificate under SEBI (Depositories and Participants) Regulations, 2018",,https://nsearchives.nseindia.com/corporate/VINYAS_05102026140549_NSE_Announcement.pdf
ARC Insulation & Insulators Limited,ARCIIL,NSE,2026-10-05T14:01:38,announcement,Bagging/Receiving of orders/contracts,,https://nsearchives.nseindia.com/corporate/ARCINC_05102026135816_Receiving_of_orders.pdf
Visaka Industries Limited,VISAKAIND,NSE,2026-10-05T13:59:32,announcement,"Certificate under SEBI (Depositories and Participants) Regulations, 2018",,https://nsearchives.nseindia.com/corporate/VISAKAIND_05102026135848_Letter_to_Stock_exchanges_74_5_.pdf
Veranda Learning Solutions Limited,VERANDA,NSE,2026-10-05T13:56:06,announcement,Updates,,https://nsearchives.nseindia.com/corporate/Verandaipo_05102026135557_REG30Disclsoure.pdf
C P S Shapers Limited,CPS,NSE,2026-10-05T13:48:36,announcement,Related Party Transactions,,https://nsearchives.nseindia.com/corporate/CPS_05102026134822_CPS_NSE_REG_23_RPT_30092026.pdf
Patil Automation Limited,PATILAUTOM,NSE,2026-10-05T13:48:21,announcement,Shareholders meeting,,https://nsearchives.nseindia.com/corporate/PAL_05102026134801_Report_PAL.pdf
Womancart Limited,WOMANCART,NSE,2026-10-05T13:42:59,announcement,Shareholders meeting,,https://nsearchives.nseindia.com/corporate/WOMANCART_05102026134201_Report.pdf
C P S Shapers Limited,CPS,NSE,2026-10-05T13:41:03,announcement,Quarterly Compliance Report on Corporate governance - within 21 days from the end of the quarter,,https://nsearchives.nseindia.com/corporate/CPS_05102026134050_Reg_27_CPS_NSE_30092026.pdf
Vaibhav Global Limited,VAIBHAVGBL,NSE,2026-10-05T13:39:05,announcement,Analysts/Institutional Investor Meet/Con. Call Updates,,https://nsearchives.nseindia.com/corporate/VAIBHAVGBL_05102026133842_Institutional_Investor_Meet_SEs.pdf
Grover Jewells Limited,GJL,NSE,2026-10-05T13:38:29,announcement,"Certificate under SEBI (Depositories and Participants) Regulations, 2018",,https://nsearchives.nseindia.com/corporate/GROVER_05102026133715_SEBI_DP_reg_74_5__ocr.pdf
Hisar Metal Industries Limited,HISARMETAL,NSE,2026-10-05T13:37:12,announcement,"Certificate under SEBI (Depositories and Participants) Regulations, 2018",,https://nsearchives.nseindia.com/corporate/HISARMETAL_05102026133702_Merged74_5_30092026.pdf
C P S Shapers Limited,CPS,NSE,2026-10-05T13:35:10,announcement,"Certificate under SEBI (Depositories and Participants) Regulations, 2018",,https://nsearchives.nseindia.com/corporate/CPS_05102026133501_CPS_NSE_REG_74_30092026.pdf
Jupiter Wagons Limited,JWL,NSE,2026-10-05T13:30:26,announcement,Press Release,,https://nsearchives.nseindia.com/corporate/CEBBCO_05102026133009_SEPRESSRELEASE.pdf
Mold-Tek Technologies Limited,MOLDTECH,NSE,2026-10-05T13:29:52,announcement,"Certificate under SEBI (Depositories and Participants) Regulations, 2018",,https://nsearchives.nseindia.com/corporate/MOLDTECH_05102026132902_Intimation_under_74_5_.pdf
ROUTE MOBILE LIMITED,ROUTE,NSE,2026-10-05T13:27:29,announcement,"Certificate under SEBI (Depositories and Participants) Regulations, 2018",,https://nsearchives.nseindia.com/corporate/ROUTE_05102026132716_Upload.pdf
Hindustan Foods Limited,HNDFDS,NSE,2026-10-05T13:26:46,announcement,General Updates,,https://nsearchives.nseindia.com/corporate/9136565850_05102026132610_Reg_30_ESG_HFL.pdf
Vadilal Industries Limited,VADILALIND,NSE,2026-10-05T13:20:21,announcement,Shareholders meeting,,https://nsearchives.nseindia.com/corporate/VADILALIND_05102026131941_VILEGM.pdf
V-Mart Retail Limited,VMART,NSE,2026-10-05T13:17:39,announcement,"Certificate under SEBI (Depositories and Participants) Regulations, 2018",,https://nsearchives.nseindia.com/corporate/VMART_05102026131635_Intimation_74_5_.pdf
Cyient DLM Limited,CYIENTDLM,NSE,2026-10-05T13:15:49,announcement,"Certificate under SEBI (Depositories and Participants) Regulations, 2018",,https://nsearchives.nseindia.com/corporate/9880504433_05102026131455_Reg_74_5__Certificate_Intimation_Q2_FY27_signed.pdf
Agarwal Industrial Corporation Limited,AGARIND,NSE,2026-10-05T13:15:46,announcement,General Updates,,https://nsearchives.nseindia.com/corporate/AGARIND_05102026131539_Change_in_CIN.pdf
M TEK COPPER LIMITED,MCL,NSE,2026-10-05T13:13:24,announcement,Updates,,https://nsearchives.nseindia.com/corporate/MCL_05102026131314_PITregulation7_2_Divyabhai.pdf
Khaitan Chemicals & Fertilizers Limited,KHAICHEM,NSE,2026-10-05T13:12:41,announcement,"Certificate under SEBI (Depositories and Participants) Regulations, 2018",,https://nsearchives.nseindia.com/corporate/KHAICHEM_05102026131217_toupload.pdf
M TEK COPPER LIMITED,MCL,NSE,2026-10-05T13:11:55,announcement,Updates,,https://nsearchives.nseindia.com/corporate/MCL_05102026131142_Disclosure29_2_SASTDivyabhai.pdf
Global Health Limited,MEDANTA,NSE,2026-10-05T13:11:19,announcement,General Updates,,https://nsearchives.nseindia.com/corporate/MEDANTA21_05102026131038_GHLESGRATINGOCTOBER052026Signed.pdf
Simplex Infrastructures Limited,SIMPLEXINF,NSE,2026-10-05T13:10:40,announcement,Updates,,https://nsearchives.nseindia.com/corporate/SIMPLEXINF_05102026131020_Stock_Exchange_Letter__3_.pdf
Gillanders Arbuthnot & Company Limited,GILLANDERS,NSE,2026-10-05T13:10:19,announcement,"Certificate under SEBI (Depositories and Participants) Regulations, 2018",,https://nsearchives.nseindia.com/corporate/GILLANDERS_05102026130945__D__Regulation_74_5_.pdf
SHREE CEMENT LIMITED,SHREECEM,NSE,2026-10-05T13:08:32,announcement,Analysts/Institutional Investor Meet/Con. Call Updates,,https://nsearchives.nseindia.com/corporate/SHREECEM_05102026130806_NSE_BSE_Concall_051026.pdf
Yes Bank Limited,YESBANK,NSE,2026-10-05T13:08:17,announcement,"Certificate under SEBI (Depositories and Participants) Regulations, 2018",,https://nsearchives.nseindia.com/corporate/YESBANK_05102026130806_SE_Intimation_Signed.pdf
Aurobindo Pharma Limited,AUROPHARMA,NSE,2026-10-05T13:08:09,announcement,"Certificate under SEBI (Depositories and Participants) Regulations, 2018",,https://nsearchives.nseindia.com/corporate/AUROPHARMA_05102026130726_LtrToSEsReg74Compliance30092026.pdf
M TEK COPPER LIMITED,MCL,NSE,2026-10-05T13:05:46,announcement,Updates,,https://nsearchives.nseindia.com/corporate/MCL_05102026130539_PITregulation7_2_Rajeshbhai.pdf
Embassy Developments Limited,EMBDL,NSE,2026-10-05T13:05:19,announcement,Updates,,https://nsearchives.nseindia.com/corporate/EMBDL_05102026130434_EDL_PIT.pdf
Hero Motors Limited,HEROMOTORS,NSE,2026-10-05T13:04:39,announcement,Price movement,,https://nsearchives.nseindia.com/corporate/PROJECTOMA_05102026130412_HML_Clarification_Letter_on_Price_Movement_05102026.pdf
M TEK COPPER LIMITED,MCL,NSE,2026-10-05T13:04:10,announcement,Updates,,https://nsearchives.nseindia.com/corporate/MCL_05102026130403_Disclosure29_2_SASTRajeshbhai.pdf
Suvidhaa Infoserve Limited,SUVIDHAA,NSE,2026-10-05T13:02:33,announcement,Shareholders meeting,,https://nsearchives.nseindia.com/corporate/SUVIDHAA_05102026130053_VRandSRmerged2026.pdf
Sharp Chucks and Machines Limited,SCML,NSE,2026-10-05T13:01:01,announcement,"Certificate under SEBI (Depositories and Participants) Regulations, 2018",,https://nsearchives.nseindia.com/corporate/SHARPCHUCKS_05102026130045_reg_74_5__nse_submission.pdf
Peninsula Land Limited,PENINLAND,NSE,2026-10-05T12:57:26,announcement,"Certificate under SEBI (Depositories and Participants) Regulations, 2018",,https://nsearchives.nseindia.com/corporate/PENINLAND_05102026125713_PLLCertificate30092026.pdf
Jagran Prakashan Limited,JAGRAN,NSE,2026-10-05T12:53:36,announcement,"Certificate under SEBI (Depositories and Participants) Regulations, 2018",,https://nsearchives.nseindia.com/corporate/JAGRAN_05102026125303_JPLCERTIFICATEUNDERREG74_5_.pdf
Manaksia Aluminium Company Limited,MANAKALUCO,NSE,2026-10-05T12:52:58,announcement,Shareholders meeting,,https://nsearchives.nseindia.com/corporate/MANAKALUCO_05102026125246_Covering_Letter.pdf
JSW Infrastructure Limited,JSWINFRA,NSE,2026-10-05T12:47:53,announcement,Credit Rating- Others,,https://nsearchives.nseindia.com/corporate/JSWINFRA_05102026124641_Credit_rating-JSWIL-Oct2026.pdf
Tribhovandas Bhimji Zaveri Limited,TBZ,NSE,2026-10-05T12:45:47,announcement,"Certificate under SEBI (Depositories and Participants) Regulations, 2018",,https://nsearchives.nseindia.com/corporate/TBZ_05102026124533_TBZ_Reg74_5_300926.pdf
STEEL EXCHANGE INDIA LIMITED,STEELXIND,NSE,2026-10-05T12:40:17,announcement,Updates,,https://nsearchives.nseindia.com/corporate/STEELXIND_05102026124005_Intimation_under-Regulation_30_05102026_Final_signed.pdf
Poddar Housing and Development Limited,PODDARHOUS,NSE,2026-10-05T12:37:57,announcement,Structural Digital Database,,https://nsearchives.nseindia.com/corporate/PODDARHOUS_05102026123741_PHDLSDDComplianceSept2026.pdf
Capital Trust Limited,CAPTRUST,NSE,2026-10-05T12:37:40,announcement,Press Release,,https://nsearchives.nseindia.com/corporate/CAPTRUST_05102026123726_Press_release_gold_loans.pdf
Royal Orchid Hotels Limited,ROHLTD,NSE,2026-10-05T12:34:11,announcement,Copy of Newspaper Publication,,https://nsearchives.nseindia.com/corporate/ROHLTD_05102026123357_FinalIntimation.pdf
Seamec Limited,SEAMECLTD,NSE,2026-10-05T12:30:08,announcement,General Updates,,https://nsearchives.nseindia.com/corporate/SEAMECLTD_05102026122959_BSENSEDrydockingSAMUDRAPRABHA0510026.pdf
Aarvi Encon Limited,AARVI,NSE,2026-10-05T12:23:26,announcement,Updates,,https://nsearchives.nseindia.com/corporate/AARVI_05102026122102_SE20262717_DunnBradstreet.pdf
Capri Global Capital Limited,CGCL,NSE,2026-10-05T12:22:53,announcement,Updates,,https://nsearchives.nseindia.com/corporate/CGCL_05102026122228_CPRedemption.pdf
Subex Limited,SUBEXLTD,NSE,2026-10-05T12:21:13,announcement,"Certificate under SEBI (Depositories and Participants) Regulations, 2018",,https://nsearchives.nseindia.com/corporate/SUBEXLTD_05102026122041_Reg_74_5__30092026.pdf
NGL Fine-Chem Limited,NGLFINE,NSE,2026-10-05T12:17:34,announcement,"Certificate under SEBI (Depositories and Participants) Regulations, 2018",,https://nsearchives.nseindia.com/corporate/NGL2022_05102026121642_Reg_74_Signed.pdf
ZF Commercial Vehicle Control Systems India Limited,ZFCVINDIA,NSE,2026-10-05T12:11:03,announcement,"Certificate under SEBI (Depositories and Participants) Regulations, 2018",,https://nsearchives.nseindia.com/corporate/WABCOINDIA_05102026121046_sd-SEIntimationLetterReg74_5__-_30_Sep_2026.pdf
CREDITACCESS GRAMEEN LIMITED,CREDITACC,NSE,2026-10-05T12:10:55,announcement,General Updates,,https://nsearchives.nseindia.com/corporate/CREDITACC_05102026121037_SEInterimBusinessUpdate.pdf
NIKITA GREENTECH RECYCLING LIMITED,NIKITA,NSE,2026-10-05T12:10:31,announcement,"Certificate under SEBI (Depositories and Participants) Regulations, 2018",,https://nsearchives.nseindia.com/corporate/NIKITA_05102026121022_Submitted_to_NSE.pdf
Ginni Filaments Limited,GINNIFILA,NSE,2026-10-05T12:08:45,announcement,Copy of Newspaper Publication,,https://nsearchives.nseindia.com/corporate/GINNIFILA1_05102026120830_Newspaper_relodgement.pdf
HMT Limited,HMT,NSE,2026-10-05T12:05:23,announcement,Shareholders meeting,,https://nsearchives.nseindia.com/corporate/HMT_05102026120059_RevisedHMTVR003.pdf
Bharti Airtel Limited,BHARTIARTL,NSE,2026-10-05T12:04:28,announcement,Press Release,,https://nsearchives.nseindia.com/corporate/BHARTIARTL_05102026120416_BhartiAirtelSTXIntimation.pdf
C.E. Info Systems Limited,MAPMYINDIA,NSE,2026-10-05T11:59:38,announcement,Press Release,,https://nsearchives.nseindia.com/corporate/MAPMYINDIA_05102026115931_MMI_MathWorks_PR_05_Oct_2026.pdf
Eris Lifesciences Limited,ERIS,NSE,2026-10-05T11:59:18,announcement,Resignation,,https://nsearchives.nseindia.com/corporate/ERIS_05102026115735_Intimationsigned.pdf
Piramal Finance Limited,PIRAMALFIN,NSE,2026-10-05T11:58:15,announcement,Allotment of Securities,,https://nsearchives.nseindia.com/corporate/Piramalcapital_05102026115714_SEintimation_Allotment_final_sd.pdf
Kamdhenu Ventures Limited,KAMOPAINTS,NSE,2026-10-05T11:57:06,announcement,"Certificate under SEBI (Depositories and Participants) Regulations, 2018",,https://nsearchives.nseindia.com/corporate/KVENTURES_05102026115649_SX_Intimation.pdf
SRG Housing Finance Limited,SRGHFL,NSE,2026-10-05T11:55:03,announcement,Rumour Verification - Regulation 30(11),,https://nsearchives.nseindia.com/corporate/SRGHOUSING_05102026115449_BSE_intimation_051026_.pdf
Agi Infra Limited,AGIIL,NSE,2026-10-05T11:53:00,announcement,Shareholders meeting,,https://nsearchives.nseindia.com/corporate/AGIINFRA_05102026114946_NoticeofPostalBallot.pdf
Oil Country Tubular Limited,OILCOUNTUB,NSE,2026-10-05T11:51:53,announcement,"Certificate under SEBI (Depositories and Participants) Regulations, 2018",,https://nsearchives.nseindia.com/corporate/OILCOUNTUB_05102026115136_Intimation.pdf
Krebs Biochemicals and Industries Limited,KREBSBIO,NSE,2026-10-05T11:51:52,announcement,"Certificate under SEBI (Depositories and Participants) Regulations, 2018",,https://nsearchives.nseindia.com/corporate/KREBSBIO_05102026115146_Intimation_Certificate_under_Regulation_74_5__signed.pdf
Pondy Oxides & Chemicals Limited,POCL,NSE,2026-10-05T11:50:46,announcement,Copy of Newspaper Publication,,https://nsearchives.nseindia.com/corporate/POCL_05102026115027_SE_Filing_SD.pdf
SS Retail Limited,SSRETAIL,NSE,2026-10-05T11:46:28,announcement,"Certificate under SEBI (Depositories and Participants) Regulations, 2018",,https://nsearchives.nseindia.com/corporate/SSRETAIL_05102026114603_Regulation74.pdf
Jindal Stainless Limited,JSL,NSE,2026-10-05T11:45:44,announcement,Press Release,,https://nsearchives.nseindia.com/corporate/JSL_05102026114512_PressReleaseSeptember302026sd.pdf
Ramco Systems Limited,RAMCOSYS,NSE,2026-10-05T11:45:37,announcement,Press Release,,https://nsearchives.nseindia.com/corporate/RAMCOSYS_05102026114458_05102026Pressrelease.pdf
Pricol Limited,PRICOLLTD,NSE,2026-10-05T11:45:25,announcement,"Certificate under SEBI (Depositories and Participants) Regulations, 2018",,https://nsearchives.nseindia.com/corporate/PRICOLLTD_05102026114500_seletterregulation74signed.pdf
BirlaNu Limited,BIRLANU,NSE,2026-10-05T11:45:22,announcement,Updates,,https://nsearchives.nseindia.com/corporate/sumedha_05102026114141_SEIntimationSpecial_WindowSigned05102026.pdf
Madras Fertilizers Limited,MADRASFERT,NSE,2026-10-05T11:44:39,announcement,"Certificate under SEBI (Depositories and Participants) Regulations, 2018",,https://nsearchives.nseindia.com/corporate/MADRASFERT_05102026114344_Lr_NSE_Regulation_74_5__30092026.pdf
Munjal Showa Limited,MUNJALSHOW,NSE,2026-10-05T11:43:14,announcement,"Certificate under SEBI (Depositories and Participants) Regulations, 2018",,https://nsearchives.nseindia.com/corporate/MUNJALSHOW_05102026114057_Intimation_Reg_74_5_MSL_05102026_sd.pdf
Seshasayee Paper and Boards Limited,SESHAPAPER,NSE,2026-10-05T11:39:59,announcement,"Certificate under SEBI (Depositories and Participants) Regulations, 2018",,https://nsearchives.nseindia.com/corporate/SESHAPAPER_05102026113950_Regulation_74_5_.pdf
WeWork India Management Limited,WEWORK,NSE,2026-10-05T11:39:35,announcement,Press Release,,https://nsearchives.nseindia.com/corporate/WEWORK_05102026113902_Media_Release_-_Infinix_and_Millenium_Towers.pdf
Reliance Communications Limited,RCOM,NSE,2026-10-05T11:38:59,announcement,Corporate Insolvency Resolution Process,,https://nsearchives.nseindia.com/corporate/RCOM_05102026113843_77COC05102026.pdf
Greaves Cotton Limited,GREAVESCOT,NSE,2026-10-05T11:38:02,announcement,Press Release,,https://nsearchives.nseindia.com/corporate/GREAVESCOT_05102026113747_GCL_NexusEX_PRsigned.pdf
Bharat Forge Limited,BHARATFORG,NSE,2026-10-05T11:36:43,announcement,Press Release,,https://nsearchives.nseindia.com/corporate/ANILSHINDE_05102026113548_SEIntimationPressRelease.pdf
Anjani Portland Cement Limited,APCL,NSE,2026-10-05T11:31:55,announcement,"Certificate under SEBI (Depositories and Participants) Regulations, 2018",,https://nsearchives.nseindia.com/corporate/APCL_05102026113140_SE_Certificateunder74_5_.pdf
Adani Enterprises Limited,ADANIENT,NSE,2026-10-05T11:29:26,announcement,Copy of Newspaper Publication,,https://nsearchives.nseindia.com/corporate/nishant_joshi_adani_com_05102026112921_IntimationNewspaperAdreminder.pdf
Adroit Industries (India) Limited,ADROITIND,NSE,2026-10-05T11:27:55,announcement,Trading Window,,https://nsearchives.nseindia.com/corporate/ADROIT_05102026112744_Closure_of_Trading_Window_Sept_2026.pdf
Avio Smart Market Stack Limited,ASMS,NSE,2026-10-05T11:27:46,announcement,Shareholders meeting,,https://nsearchives.nseindia.com/corporate/BARTRONICS1_05102026112735_34thAGM_Voting_Result.pdf
CSB Bank Limited,CSBBANK,NSE,2026-10-05T11:27:35,announcement,ESOP/ESOS/ESPS,,https://nsearchives.nseindia.com/corporate/CSBBANK_05102026112512_BSENSEGrant05102026f.pdf
Adroit Industries (India) Limited,ADROITIND,NSE,2026-10-05T11:26:04,announcement,Trading Window,,https://nsearchives.nseindia.com/corporate/ADROIT_05102026112546_Intimation_of_Board_Meeting_and_Closure_of_Trading_Window.pdf
RKEC Projects Limited,RKEC,NSE,2026-10-05T11:24:40,announcement,Updates,,https://nsearchives.nseindia.com/corporate/RKEC_05102026112413_RKECscrutinizersreport21stAGM.pdf
Raymond Realty Limited,RAYMONDREL,NSE,2026-10-05T11:24:05,announcement,Press Release,,https://nsearchives.nseindia.com/corporate/RRL_05102026112357_SEPR.pdf
Grindwell Norton Limited,GRINDWELL,NSE,2026-10-05T11:22:12,announcement,"Certificate under SEBI (Depositories and Participants) Regulations, 2018",,https://nsearchives.nseindia.com/corporate/GRINDWELL_05102026112200_Reg_74_5__SEBI-DPsigned.pdf
PNGS Reva Diamond Jewellery Limited,PNGSREVA,NSE,2026-10-05T11:17:17,announcement,General Updates,,https://nsearchives.nseindia.com/corporate/PNGSREVA_05102026111631_Corporate_announcement_with_attachment_s.pdf
Central Bank of India,CENTRALBK,NSE,2026-10-05T11:17:04,announcement,General Updates,,https://nsearchives.nseindia.com/corporate/CENTRALBK_05102026111657_Final_SE_Provis_Fig.pdf
Nectar Lifesciences Limited,NECLIFE,NSE,2026-10-05T11:16:07,announcement,Shareholders meeting,,https://nsearchives.nseindia.com/corporate/NECLIFE_05102026111506_NECLIFE_Minutes_of_31st_AGM_261005_Signed.pdf
BDR Buildcon Limited,BDR,NSE,2026-10-05T11:09:10,announcement,Trading Window,,https://nsearchives.nseindia.com/corporate/BDR01_05102026110856_Intimation.pdf
Utkarsh Small Finance Bank Limited,UTKARSHBNK,NSE,2026-10-05T11:08:41,announcement,"Certificate under SEBI (Depositories and Participants) Regulations, 2018",,https://nsearchives.nseindia.com/corporate/UTKARSHBANK_05102026110818_Reg74_5_30092026.pdf
LTM Limited,LTM,NSE,2026-10-05T11:08:30,announcement,Press Release,,https://nsearchives.nseindia.com/corporate/LTI_05102026110753_Stockexchangeintimationsigned.pdf
Vardhman Special Steels Limited,VSSL,NSE,2026-10-05T11:08:29,announcement,Allotment of Securities,,https://nsearchives.nseindia.com/corporate/VSSL_05102026110757_vssl_esop_sd.pdf
Apollo Micro Systems Limited,APOLLO,NSE,2026-10-05T11:07:55,announcement,Updates,,https://nsearchives.nseindia.com/corporate/team_sandeshc_05102026105341_APOLLO.zip
Coforge Limited,COFORGE,NSE,2026-10-05T11:06:34,announcement,Press Release,,https://nsearchives.nseindia.com/corporate/COFORGE_05102026110619_IntimationofPressReleasellOctober052026.pdf
The Orissa Minerals Development Company Limited,ORISSAMINE,NSE,2026-10-05T11:02:04,announcement,General Updates,,https://nsearchives.nseindia.com/corporate/ORISSAMINE_05102026110155_omdc.pdf
Rajgor Castor Derivatives Limited,RCDL,NSE,2026-10-05T11:01:15,announcement,Copy of Newspaper Publication,,https://nsearchives.nseindia.com/corporate/RAJGOR_05102026110037_Newspaper_05102026.pdf
Just Dial Limited,JUSTDIAL,NSE,2026-10-05T10:54:15,announcement,Disclosure under SEBI Takeover Regulations,,https://nsearchives.nseindia.com/corporate/team_sandeshc_05102026105103_Regulation.pdf
Sai Life Sciences Limited,SAILIFE,NSE,2026-10-05T10:54:06,announcement,"Certificate under SEBI (Depositories and Participants) Regulations, 2018",,https://nsearchives.nseindia.com/corporate/SAILIFE_05102026105343_Stx_Intimation_DP_Reg_74_5__Signed.pdf
Asian Hotels (West) Limited,AHLWEST,NSE,2026-10-05T10:52:32,announcement,Disclosure under SEBI Takeover Regulations,,https://nsearchives.nseindia.com/corporate/team_sandeshc_05102026104940_Declaration.pdf
Mastek Limited,MASTEK,NSE,2026-10-05T10:52:07,announcement,Press Release,,https://nsearchives.nseindia.com/corporate/MASTEK12_05102026105134_PressRelease05102026.pdf
Jay Jalaram Technologies Limited,KORE,NSE,2026-10-05T10:48:51,announcement,Disclosure under SEBI Takeover Regulations,,https://nsearchives.nseindia.com/corporate/team_sandeshc_05102026104652_Disclosure_1.pdf
Lokesh Machines Limited,LOKESHMACH,NSE,2026-10-05T10:48:38,announcement,Spurt in Volume,,https://nsearchives.nseindia.com/corporate/LOKESHMACH_05102026104754_Reply05102026.pdf
UltraTech Cement Limited,ULTRACEMCO,NSE,2026-10-05T10:48:31,announcement,Updates,,https://nsearchives.nseindia.com/corporate/ULTRACEMCO1_05102026104819_Press_Release_-_Green_Energy.pdf
HLV LIMITED,HLVLTD,NSE,2026-10-05T10:45:17,announcement,"Certificate under SEBI (Depositories and Participants) Regulations, 2018",,https://nsearchives.nseindia.com/corporate/HLVLTD_05102026104506_Regulation_74__5_.pdf
Megatherm Induction Limited,MEGATHERM,NSE,2026-10-05T10:44:08,announcement,"Certificate under SEBI (Depositories and Participants) Regulations, 2018",,https://nsearchives.nseindia.com/corporate/MEGATHERM_05102026104328_NONAPPLICABILITYOFREGULATION74_5_SEPTEMBER2026.pdf
Central Mine Planning & Design Institute Limited,CMPDI,NSE,2026-10-05T10:43:14,announcement,"Certificate under SEBI (Depositories and Participants) Regulations, 2018",,https://nsearchives.nseindia.com/corporate/CMPDI_05102026104200_Certificate_under_Regulation_74_5__for_filing_Upload.pdf
Sundaram Clayton Limited,SUNCLAY,NSE,2026-10-05T10:39:37,announcement,"Certificate under SEBI (Depositories and Participants) Regulations, 2018",,https://nsearchives.nseindia.com/corporate/SUNDARAMCLAYTON_05102026103909_SEINTIMATIONSGD.pdf
Vardhman Textiles Limited,VTL,NSE,2026-10-05T10:39:31,announcement,Memorandum of Understanding/Agreements,,https://nsearchives.nseindia.com/corporate/VTL_05102026103833_VTXL_intimation_sd.pdf
Maha Rashtra Apex Corporation Limited,MAHAPEXLTD,NSE,2026-10-05T10:39:01,announcement,"Certificate under SEBI (Depositories and Participants) Regulations, 2018",,https://nsearchives.nseindia.com/corporate/MAHAPEXLTD_05102026103816_REG74530092026.pdf
Siemens Energy India Limited,ENRIN,NSE,2026-10-05T10:35:47,announcement,Change in Management,,https://nsearchives.nseindia.com/corporate/ENRIN_05102026103523_Reg30SeniorManagementOctober2026GTTransformers.pdf
Suryoday Small Finance Bank Limited,SURYODAY,NSE,2026-10-05T10:35:28,announcement,General Updates,,https://nsearchives.nseindia.com/corporate/SURYODAY_05102026103508_SSFB_Quarterly_Business_Update_Q2FY27_sd.pdf
Ravinder Heights Limited,RVHL,NSE,2026-10-05T10:32:35,announcement,Resignation of Director/KMP/SMP,,https://nsearchives.nseindia.com/corporate/RVHL_ROID_99731_KMP_Doc.zip
Marine Electricals (India) Limited,MARINE,NSE,2026-10-05T10:21:14,announcement,Bagging/Receiving of orders/contracts,,https://nsearchives.nseindia.com/corporate/MARINE_05102026101936_Signed_Regulation_30_Award_CTRL.pdf
Arihant Academy Limited,ARIHANTACA,NSE,2026-10-05T10:21:13,announcement,Outcome of Board Meeting,,https://nsearchives.nseindia.com/corporate/ARIHANTACADEMY_05102026101907_OutcomeBoardmeetingsigned.pdf
AXISCADES Technologies Limited,AXISCADES,NSE,2026-10-05T09:51:26,announcement,Press Release,,https://nsearchives.nseindia.com/corporate/AXISCADES_05102026095117_PR_05102026.pdf
JTL INDUSTRIES LIMITED,JTLIND,NSE,2026-10-05T09:45:24,announcement,General Updates,,https://nsearchives.nseindia.com/corporate/JTLIND_05102026094417_Reg30COSigned.pdf
Aurionpro Solutions Limited,AURIONPRO,NSE,2026-10-05T09:42:54,announcement,Press Release,,https://nsearchives.nseindia.com/corporate/AURIONPRO_05102026094233_ASL_Press_Release_final_1_SD.pdf
Marine Electricals (India) Limited,MARINE,NSE,2026-10-05T09:39:22,announcement,Bagging/Receiving of orders/contracts,,https://nsearchives.nseindia.com/corporate/MARINE_05102026093406_Signed_Regulation_30_Award_CTRL.pdf
Larsen & Toubro Limited,LT,NSE,2026-10-05T09:35:26,announcement,Bagging/Receiving of orders/contracts,,https://nsearchives.nseindia.com/corporate/PAM_05102026093512_PressRelease05102026.pdf
TechD Cybersecurity Limited,TECHD,NSE,2026-10-05T09:30:50,announcement,Press Release,,https://nsearchives.nseindia.com/corporate/TECHDEFENCE_05102026093026_TechD_Press_Release_NSE_04Oct2026_v2_1-signed.pdf
The Andhra Sugars Limited,ANDHRSUGAR,NSE,2026-10-05T09:23:41,announcement,Structural Digital Database,,https://nsearchives.nseindia.com/corporate/ANDHRSUGAR_05102026092323_20261005090155.pdf
Embassy Developments Limited,EMBDL,NSE,2026-10-05T09:03:37,announcement,Press Release,,https://nsearchives.nseindia.com/corporate/EMBDL_05102026090219_EDL_PressRelease.pdf
Shyam Metalics and Energy Limited,SHYAMMETL,NSE,2026-10-05T08:55:09,announcement,Press Release,,https://nsearchives.nseindia.com/corporate/SHYAMMETL_05102026085457_Press_Release-_SMELF.pdf
SEPC Limited,SEPC,NSE,2026-10-05T08:50:07,announcement,Press Release,,https://nsearchives.nseindia.com/corporate/SHRIRAMEPC_05102026084430_SE_INTIMATION_WITH_PRESS_RELEASEsd.pdf
Marico Limited,MARICO,NSE,2026-10-05T08:42:08,announcement,General Updates,,https://nsearchives.nseindia.com/corporate/marico_05102026084127_Seint.pdf
Sammaan Capital Limited,SAMMAANCAP,NSE,2026-10-05T08:28:15,announcement,Updates,,https://nsearchives.nseindia.com/corporate/IHFL_05102026082750_SCL_Q2FY27_Business_Update.pdf
Poonawalla Fincorp Limited,POONAWALLA,NSE,2026-10-05T07:54:03,announcement,General Updates,,https://nsearchives.nseindia.com/corporate/POONAWALLA_05102026075351_Stock_exchange_update_Q2FY27.pdf
RBL Bank Limited,RBLBANK,NSE,2026-10-05T07:20:20,announcement,General Updates,,https://nsearchives.nseindia.com/corporate/RBLBANK_05102026071703_IntimationunderSEBILODRQ2FY27Signed.pdf
TechD Cybersecurity Limited,TECHD,NSE,2026-10-05T00:39:50,announcement,Bagging/Receiving of orders/contracts,,https://nsearchives.nseindia.com/corporate/TECHDEFENCE_05102026003853_TECHD_SEBI_LODR_Disclosure_Significant_PO_04Oct2026_v2_1-signed__1_.pdf
Steamhouse India Limited,STEAMHOUSE,NSE,2026-10-05T00:00:00,upcoming event,Financial Results,,
LCC Projects Limited,LCCPROJECT,NSE,2026-10-05T00:00:00,upcoming event,Financial Results,,
Ola Electric Mobility Limited,OLAELEC,NSE,2026-10-05T00:00:00,upcoming event,Fund Raising,,
D. P. Abhushan Limited,DPABHUSHAN,NSE,2026-10-05T00:00:00,upcoming event,Fund Raising/Other business matters,,
Rentomojo Limited,RENTOMOJO,NSE,2026-10-05T00:00:00,upcoming event,Financial Results,,
Ola Electric Mobility Limited,OLAELEC,NSE,2026-10-05T00:00:00,upcoming event,Board meeting Rescheduled,,
Swaraj Suiting Limited,SWARAJ,NSE,2026-10-04T23:40:11,announcement,General Updates,,https://nsearchives.nseindia.com/corporate/SWARAJ_04102026233906_Regu30CommitteeReconstitution.pdf
Swaraj Suiting Limited,SWARAJ,NSE,2026-10-04T23:07:19,announcement,Cessation,,https://nsearchives.nseindia.com/corporate/SWARAJ_04102026230403_Regu30IntiTenureCompletionID04Oct2026.pdf
HDFC Bank Limited,HDFCBANK,NSE,2026-10-04T22:03:36,announcement,General Updates,,https://nsearchives.nseindia.com/corporate/HDFCBANK_04102026220033_initial_Final_disclosure_Sep2026.pdf
Physicswallah Limited,PWL,NSE,2026-10-04T21:50:33,announcement,Closure of operations,,https://nsearchives.nseindia.com/corporate/NEAPSPW_04102026214631_Intimation__sale_of_FinZ_fintech_Final.pdf
Spencer's Retail Limited,SPENCERS,NSE,2026-10-04T19:16:09,announcement,Copy of Newspaper Publication,,https://nsearchives.nseindia.com/corporate/SPENCERS_04102026191540_THIS_Newspaper_Publication_October.pdf
FSN E-Commerce Ventures Limited,NYKAA,NSE,2026-10-04T18:31:06,announcement,Updates,,https://nsearchives.nseindia.com/corporate/NYKAA_04102026182957_NykaaQ2FY27Revenueupdate.pdf
The Great Eastern Shipping Company Limited,GESHIP,NSE,2026-10-04T18:26:49,announcement,Change in Management,,https://nsearchives.nseindia.com/corporate/GESHIP_04102026182635_changeinsmp.pdf
Dhampur Sugar Mills Limited,DHAMPURSUG,NSE,2026-10-04T18:04:25,announcement,Updates,,https://nsearchives.nseindia.com/corporate/DHAMPURSUG_04102026180412_Intimation_CFO_Certificate.pdf
Ola Electric Mobility Limited,OLAELEC,NSE,2026-10-04T18:02:32,announcement,Updates,,https://nsearchives.nseindia.com/corporate/OLAELECTRIC_04102026180131_Intimation_Press_Release_Ola_Electric_04_Oct.pdf
Jay Jalaram Technologies Limited,KORE,NSE,2026-10-04T17:47:18,announcement,Updates,,https://nsearchives.nseindia.com/corporate/KORE_04102026174643_Disclosure_10_6__SAST.pdf
Sona BLW Precision Forgings Limited,SONACOMS,NSE,2026-10-04T17:39:08,announcement,Updates,,https://nsearchives.nseindia.com/corporate/SONACOMS_04102026173754_NRC_Outcome.pdf
Jay Jalaram Technologies Limited,KORE,NSE,2026-10-04T17:27:57,announcement,Updates,,https://nsearchives.nseindia.com/corporate/KORE_04102026172727_PIT_Disclosure_Reg_7_2__by_JJTL.pdf
RITES Limited,RITES,NSE,2026-10-04T17:26:09,announcement,General Updates,,https://nsearchives.nseindia.com/corporate/RITES_04102026172505_Intimation_GST_Demand_drop_order.pdf
Jay Jalaram Technologies Limited,KORE,NSE,2026-10-04T17:23:12,announcement,Updates,,https://nsearchives.nseindia.com/corporate/KORE_04102026172208_SAST_Disclosure_Reg_29_2__by_JJTL.pdf
Orchasp Limited,ORCHASP,NSE,2026-10-04T15:57:39,announcement,Shareholders meeting,,https://nsearchives.nseindia.com/corporate/ORCHASP_04102026155713_Upload.pdf
DLF Limited,DLF,NSE,2026-10-04T15:20:57,announcement,Press Release,,https://nsearchives.nseindia.com/corporate/DLF_04102026152030_Letter.pdf
The Anup Engineering Limited,ANUP,NSE,2026-10-04T14:54:27,announcement,Pendency of Litigation(s)/dispute(s) or the outcome impacting the Company,,https://nsearchives.nseindia.com/corporate/ANUP_04102026145128_Reg30_Intimation.pdf
Ravinder Heights Limited,RVHL,NSE,2026-10-04T14:21:04,announcement,Resignation,,https://nsearchives.nseindia.com/corporate/RVHL_04102026142012_Resignation_of_Independent_Director.pdf
Aditya Birla Fashion and Retail Limited,ABFRL,NSE,2026-10-04T13:16:53,announcement,Copy of Newspaper Publication,,https://nsearchives.nseindia.com/corporate/ABFRL_04102026131633_SE.pdf
DPSC Limited,DPSCLTD,NSE,2026-10-04T13:16:36,announcement,Corporate Insolvency Resolution Process,,https://nsearchives.nseindia.com/corporate/DPSCLTD_04102026131531_IntimationofOutcomeof8thCoCVotingResults04102026.pdf
Yes Bank Limited,YESBANK,NSE,2026-10-04T13:01:17,announcement,Updates,,https://nsearchives.nseindia.com/corporate/YESBANK_04102026130032_YBL_SE_Intimation_Pre_Results_Disclosure-Q2FY27_Signed.pdf
Sun Pharma Advanced Research Company Limited,SPARC,NSE,2026-10-04T12:48:26,announcement,Pendency of Litigation(s)/dispute(s) or the outcome impacting the Company,,https://nsearchives.nseindia.com/corporate/SPARC_04102026124806_UpdateOnLitigation.pdf
Brightcom Group Limited,BCG,NSE,2026-10-04T12:25:31,announcement,Updates,,https://nsearchives.nseindia.com/corporate/BCG_04102026122521_BRIGHTCOM139ScrutinizerReport27AGM_merged.pdf
Virtuoso Optoelectronics Limited,VOEPL,NSE,2026-10-04T12:24:40,announcement,General Updates,,https://nsearchives.nseindia.com/corporate/VIRTUOSO_04102026122429_Disclosure.pdf
RBL Bank Limited,RBLBANK,NSE,2026-10-04T10:44:29,announcement,ESOP/ESOS/ESPS,,https://nsearchives.nseindia.com/corporate/RBLBANK_04102026104319_IntimationofESOPAllotment_0402026Signed.pdf
Sical Logistics Limited,SICALLOG,NSE,2026-10-04T10:10:20,announcement,Bagging/Receiving of orders/contracts,,https://nsearchives.nseindia.com/corporate/SICALLOG_04102026100955_SUBMISSION.pdf
Sati Poly Plast Limited,SATIPOLY,NSE,2026-10-04T01:45:21,announcement,Shareholders meeting,,https://nsearchives.nseindia.com/corporate/SATI_04102026014505_Voting_Results-27th_AGM_F.pdf
Brightcom Group Limited,BCG,NSE,2026-10-03T23:48:19,announcement,Outcome of Board Meeting,,https://nsearchives.nseindia.com/corporate/BCG_03102026234757_AGMOUTCOME.pdf
Srivari Spices And Foods Limited,SSFL,NSE,2026-10-03T23:46:52,announcement,Appointment,,https://nsearchives.nseindia.com/corporate/SRIVARI_03102026234635_Vineel.pdf
Goa Carbon Limited,GOACARBON,NSE,2026-10-03T22:58:37,announcement,General Updates,,https://nsearchives.nseindia.com/corporate/GOACARBON_03102026225251_GOACARBON_Updates_03102026.pdf
Srivari Spices And Foods Limited,SSFL,NSE,2026-10-03T22:26:06,announcement,Shareholders meeting,,https://nsearchives.nseindia.com/corporate/SRIVARI_03102026222510_Voting_Results.pdf
Newmalayalam Steel Limited,NMSTEEL,NSE,2026-10-03T21:38:41,announcement,Shareholders meeting,,https://nsearchives.nseindia.com/corporate/NEWMALAYALAM2024_03102026213811_Voting_result.pdf
AXISCADES Technologies Limited,AXISCADES,NSE,2026-10-03T21:28:59,announcement,General Updates,,https://nsearchives.nseindia.com/corporate/AXISCADES_03102026212640_Reg30disclosure031026.pdf
Diamond Power Infrastructure Limited,DIACABS,NSE,2026-10-03T21:23:27,announcement,Appointment,,https://nsearchives.nseindia.com/corporate/DIACABS_03102026211251_COOAppointmentandCessationundeReg30.pdf
AMBANI ORGOCHEM LIMITED,AMBANIORGO,NSE,2026-10-03T21:18:53,announcement,Record Date,,https://nsearchives.nseindia.com/corporate/AMBANIORG_03102026211718_Book_Closure_Disclosure.pdf
Equippp Social Impact Technologies Limited,EQUIPPP,NSE,2026-10-03T21:15:05,announcement,Shareholders meeting,,https://nsearchives.nseindia.com/corporate/EQUIPPP_03102026211436_AGM_Results_with_Scrutinizer_Report.pdf
Newmalayalam Steel Limited,NMSTEEL,NSE,2026-10-03T21:09:51,announcement,Shareholders meeting,,https://nsearchives.nseindia.com/corporate/NEWMALAYALAM2024_03102026210910_NMSL_-_AGM_-_Scrutinizer_report_-.pdf
Encompass Design India Limited,ENCOMPAS,NSE,2026-10-03T20:59:38,announcement,Allotment of Securities,,https://nsearchives.nseindia.com/corporate/EDILIPO_03102026205740_Regulation_30_Disclosure.pdf
AMBANI ORGOCHEM LIMITED,AMBANIORGO,NSE,2026-10-03T20:58:53,announcement,Record Date,,https://nsearchives.nseindia.com/corporate/AMBANIORG_03102026205829_Book_Closure_Disclosure_signed.pdf
Encompass Design India Limited,ENCOMPAS,NSE,2026-10-03T20:52:54,announcement,Outcome of Board Meeting,,https://nsearchives.nseindia.com/corporate/EDILIPO_03102026204644_Outcome_of_Board_Meeting.pdf
Sahana System Limited,SAHANA,NSE,2026-10-03T20:36:16,announcement,Updates,,https://nsearchives.nseindia.com/corporate/SAHANA_03102026203559_Reg30_SSL_6AGM_Signed_uploaded.pdf
Sahana System Limited,SAHANA,NSE,2026-10-03T20:33:47,announcement,General Updates,,https://nsearchives.nseindia.com/corporate/SAHANA_03102026203331_Reg30_SSL_6AGM_Signed_uploaded.pdf
AMBANI ORGOCHEM LIMITED,AMBANIORGO,NSE,2026-10-03T20:26:14,announcement,Shareholders meeting,,https://nsearchives.nseindia.com/corporate/AMBANIORG_03102026202600_EGM_Notice_Ambani_Revised.pdf
Sahana System Limited,SAHANA,NSE,2026-10-03T20:22:39,announcement,Shareholders meeting,,https://nsearchives.nseindia.com/corporate/SAHANA_03102026202018_Scrutinizer_Report_Cover_Letter_3Oct26_Signed.pdf
Chennai Petroleum Corporation Limited,CHENNPETRO,NSE,2026-10-03T20:05:03,announcement,"Certificate under SEBI (Depositories and Participants) Regulations, 2018",,https://nsearchives.nseindia.com/corporate/CHENNPETRO_03102026200452_Reg74.pdf
Acme Solar Holdings Limited,ACMESOLAR,NSE,2026-10-03T20:03:23,announcement,Appointment,,https://nsearchives.nseindia.com/corporate/ACMECS_03102026195930_Intimation_03102026.pdf
Ravinder Heights Limited,RVHL,NSE,2026-10-03T20:02:09,announcement,Resignation of Director/KMP/SMP,,https://nsearchives.nseindia.com/corporate/RVHL_ROID_99722_KMP_Doc.zip
Pashupati Cotspin Limited,PASHUPATI,NSE,2026-10-03T19:58:52,announcement,Bonus,,https://nsearchives.nseindia.com/corporate/PASHUPATI_03102026195804_PCL_Outcome_of_BM_03102026.pdf
Filatex India Limited,FILATEX,NSE,2026-10-03T19:56:12,announcement,General Updates,,https://nsearchives.nseindia.com/corporate/FILATEX_03102026195559_fire_incident_letter.pdf
Bandhan Bank Limited,BANDHANBNK,NSE,2026-10-03T19:49:47,announcement,General Updates,,https://nsearchives.nseindia.com/corporate/BANDHANBNK_03102026194845_Bandhan_Bank_Initial_Disclosure_30092026_sd.pdf
Augmont Enterprises Limited,AUGMONT,NSE,2026-10-03T19:48:17,announcement,Press Release,,https://nsearchives.nseindia.com/corporate/AEL2012_03102026194442_AugmontPressRelease03102026.pdf
Karamtara Engineering Limited,KARAMTARA,NSE,2026-10-03T19:43:00,announcement,Updates,,https://nsearchives.nseindia.com/corporate/9833315135_03102026194242_Intimation_Policy_on_fair_Disclosure_of_UPSI__2_.pdf
Karamtara Engineering Limited,KARAMTARA,NSE,2026-10-03T19:40:03,announcement,Updates,,https://nsearchives.nseindia.com/corporate/9833315135_03102026193939_Intimation_Appointment_of_RTA.pdf
AU Small Finance Bank Limited,AUBANK,NSE,2026-10-03T19:39:55,announcement,Updates,,https://nsearchives.nseindia.com/corporate/SUMIT1_03102026193825_Provisional_release_Q2_FY27.pdf
Punjab National Bank,PNB,NSE,2026-10-03T19:37:45,announcement,Trading Window,,https://nsearchives.nseindia.com/corporate/pnb2_03102026193732_Intimation_Closure_of_Trading_Window_03102026_DS.pdf
Karamtara Engineering Limited,KARAMTARA,NSE,2026-10-03T19:34:31,announcement,Updates,,https://nsearchives.nseindia.com/corporate/9833315135_03102026193338_Intimation_for_appointment_of_CS.pdf
Axiom Gas Engineering Limited,AXIOMGAS,NSE,2026-10-03T19:25:01,announcement,Trading Window,,https://nsearchives.nseindia.com/corporate/AXIOMGAS_03102026192230_Intimation_of_Closure_of_Trading_Window-md.pdf
Aditya Birla Fashion and Retail Limited,ABFRL,NSE,2026-10-03T19:23:39,announcement,Shareholders meeting,,https://nsearchives.nseindia.com/corporate/ABFRL_03102026191954_SE.pdf
Vasa Retail and Overseas Ltd,VASA,NSE,2026-10-03T19:23:32,announcement,Shareholders meeting,,https://nsearchives.nseindia.com/corporate/VASA_03102026191817_Reg_44_Voting_result_Report_of_AGM.pdf
Renol Polychem Limited,RNPL,NSE,2026-10-03T19:20:26,announcement,Shareholders meeting,,https://nsearchives.nseindia.com/corporate/RENOL_03102026192013_ScrutinizerReport.pdf
Rulka Electricals Limited,RULKA,NSE,2026-10-03T19:14:59,announcement,General Updates,,https://nsearchives.nseindia.com/corporate/RULKA_03102026191443_LT-36_Rulka_Subsidiary_.pdf
Ruchi Infrastructure Limited,RUCHINFRA,NSE,2026-10-03T19:08:08,announcement,Pendency of Litigation(s)/dispute(s) or the outcome impacting the Company,,https://nsearchives.nseindia.com/corporate/RUCHINFRA_03102026190510_Intimationunderregulation30.pdf
Punjab National Bank,PNB,NSE,2026-10-03T19:07:20,announcement,"Certificate under SEBI (Depositories and Participants) Regulations, 2018",,https://nsearchives.nseindia.com/corporate/pnb2_03102026190502_Intimation_74_5_03102026_DS.pdf
Raymond Limited,RAYMOND,NSE,2026-10-03T18:58:38,announcement,General Updates,,https://nsearchives.nseindia.com/corporate/RAYMOND_03102026185827_VotingResultsEGM2026signed.pdf
Essar Shipping Limited,ESSARSHPNG,NSE,2026-10-03T18:58:31,announcement,General Updates,,https://nsearchives.nseindia.com/corporate/ESSARSHPNG_03102026185812_ESL_AGM_SX_Disclosure_UR_30_signed.pdf
Filatex Fashions Limited,FILATFASH,NSE,2026-10-03T18:58:13,announcement,Appointment,,https://nsearchives.nseindia.com/corporate/FILATEXFASHIONS_03102026185800_031026_FFL__Intimation_Signed.pdf
Filatex Fashions Limited,FILATFASH,NSE,2026-10-03T18:54:36,announcement,Appointment,,https://nsearchives.nseindia.com/corporate/FILATEXFASHIONS_03102026185250_031026_FFL__Intimation_Signed.pdf
ANB Metal Cast Limited,AMCL,NSE,2026-10-03T18:54:29,announcement,Shareholders meeting,,https://nsearchives.nseindia.com/corporate/ANBMETALCAST_03102026185340_ScrutinizerReport.pdf
Filatex Fashions Limited,FILATFASH,NSE,2026-10-03T18:50:00,announcement,Appointment,,https://nsearchives.nseindia.com/corporate/FILATEXFASHIONS_03102026184950_031026_FFL__Intimation_Signed.pdf
Raymond Limited,RAYMOND,NSE,2026-10-03T18:44:23,announcement,Shareholders meeting,,https://nsearchives.nseindia.com/corporate/RAYMOND_03102026184324_VotingResultsEGM2026signed.pdf
Filatex Fashions Limited,FILATFASH,NSE,2026-10-03T18:41:31,announcement,Appointment,,https://nsearchives.nseindia.com/corporate/FILATEXFASHIONS_03102026184112_031026_FFL__Intimation_Signed.pdf
Shrenik Limited,SHRENIK,NSE,2026-10-03T18:41:31,announcement,Corporate Insolvency Resolution Process,,https://nsearchives.nseindia.com/corporate/SHRENIK_03102026184106_Outcome_2nd_CoC_Meeting.pdf
Filatex Fashions Limited,FILATFASH,NSE,2026-10-03T18:38:00,announcement,Appointment,,https://nsearchives.nseindia.com/corporate/FILATEXFASHIONS_03102026183454_031026_FFL__Intimation_Signed.pdf
Standard Engineering Technology Limited,SETL,NSE,2026-10-03T18:37:20,announcement,General Updates,,https://nsearchives.nseindia.com/corporate/SGLTPL_03102026183701_SETL_InPrinciple_Approval_Intimation_BSE_NSE.pdf
Dynamic Services & Security Limited,DYNAMIC,NSE,2026-10-03T18:33:20,announcement,Awarding of order(s)/contract(s),,https://nsearchives.nseindia.com/corporate/DYNAMIC_03102026183215_Intimation_Under_Regulation_30_of_SEBI_LODR_Regulation.pdf
L&T Finance Limited,LTF,NSE,2026-10-03T18:33:08,announcement,Updates,,https://nsearchives.nseindia.com/corporate/ltfinance_03102026183251_NSEBSEINTIMATION.pdf
Era Infra Engineering Limited,ERAINFRA,NSE,2026-10-03T18:32:08,announcement,Shareholders meeting,,https://nsearchives.nseindia.com/corporate/ERAINFRA_03102026183118_36AGM_Outcome_30092026.pdf
Shalibhadra Finance Limited,SAHLIBHFI,NSE,2026-10-03T18:31:09,announcement,Resignation of Director/KMP/SMP,,https://nsearchives.nseindia.com/corporate/SAHLIBHFI_ROID_99717_KMP_Doc.zip
The South Indian Bank Limited,SOUTHBANK,NSE,2026-10-03T18:31:04,announcement,Updates,,https://nsearchives.nseindia.com/corporate/SOUTHBANK_03102026182947_SD_STT_6_1_7_1__03OCT2026.pdf
Aarey Drugs & Pharmaceuticals Limited,AAREYDRUGS,NSE,2026-10-03T18:30:03,announcement,Disclosure of material issue,,https://nsearchives.nseindia.com/corporate/AAREYDRUGS_03102026182948_Regulation_29_2___1_.pdf
Sri Havisha Hospitality and Infrastructure Limited,HAVISHA,NSE,2026-10-03T18:29:12,announcement,Structural Digital Database,,https://nsearchives.nseindia.com/corporate/HAVISHA_03102026182900_SDD_Certificate__Sig.pdf
Shreedhar Spinners Limited,SHREEDHAR,NSE,2026-10-03T18:29:03,announcement,General Updates,,https://nsearchives.nseindia.com/corporate/SHREEDHAR_03102026182803_Corrigendum.pdf
Aarey Drugs & Pharmaceuticals Limited,AAREYDRUGS,NSE,2026-10-03T18:28:58,announcement,Disclosure of material issue,,https://nsearchives.nseindia.com/corporate/AAREYDRUGS_03102026182840_Reg_29_1__SIGNED.pdf
Aarey Drugs & Pharmaceuticals Limited,AAREYDRUGS,NSE,2026-10-03T18:27:36,announcement,Disclosure of material issue,,https://nsearchives.nseindia.com/corporate/AAREYDRUGS_03102026182644_PIT_COMPANY_TO_EXCHANGE.pdf
Sri Havisha Hospitality and Infrastructure Limited,HAVISHA,NSE,2026-10-03T18:26:16,announcement,"Certificate under SEBI (Depositories and Participants) Regulations, 2018",,https://nsearchives.nseindia.com/corporate/HAVISHA_03102026182603_Reg_74_5__Sig.pdf
Filatex Fashions Limited,FILATFASH,NSE,2026-10-03T18:22:23,announcement,Shareholders meeting,,https://nsearchives.nseindia.com/corporate/FILATEXFASHIONS_03102026182203_021026_FFL_Voting_Results_Signed.pdf
Essar Shipping Limited,ESSARSHPNG,NSE,2026-10-03T18:21:23,announcement,Change in Management,,https://nsearchives.nseindia.com/corporate/ESSARSHPNG_03102026182110_ESL_AGM_SX_Disclosure_UR_30_signed.pdf
Essar Shipping Limited,ESSARSHPNG,NSE,2026-10-03T18:19:21,announcement,Change in Director(s),,https://nsearchives.nseindia.com/corporate/ESSARSHPNG_03102026181903_ESL_AGM_SX_Disclosure_UR_30_signed.pdf
Vedanta Iron and Steel Limited,VISL,NSE,2026-10-03T18:16:35,announcement,Updates,,https://nsearchives.nseindia.com/corporate/VEDANTAIRONSTEEL_03102026181623_SE_Intimation_of_Production_Release_signed.pdf
Sharp Chucks and Machines Limited,SCML,NSE,2026-10-03T18:16:21,announcement,General Updates,,https://nsearchives.nseindia.com/corporate/SHARPCHUCKS_03102026181556_03102026.pdf
Galaxy Surfactants Limited,GALAXYSURF,NSE,2026-10-03T18:15:59,announcement,Appointment,,https://nsearchives.nseindia.com/corporate/GALAXYSURF_03102026181232_bsediscds.pdf
Canara Bank,CANBK,NSE,2026-10-03T18:15:56,announcement,"Certificate under SEBI (Depositories and Participants) Regulations, 2018",,https://nsearchives.nseindia.com/corporate/CANBK_03102026181548_INTIMATION74sign.pdf
Shalibhadra Finance Limited,SAHLIBHFI,NSE,2026-10-03T18:15:43,announcement,Resignation,,https://nsearchives.nseindia.com/corporate/SHALIFIN_03102026181353_Intimation_-_Resignation_of_Company_Secretary.pdf
Godavari Biorefineries Limited,GODAVARIB,NSE,2026-10-03T18:13:20,announcement,Copy of Newspaper Publication,,https://nsearchives.nseindia.com/corporate/GODAVARIBIO_03102026181311_Reg_30-_Newspaper_publication.pdf
Sadbhav Infrastructure Project Limited,SADBHIN,NSE,2026-10-03T18:11:51,announcement,Shareholders meeting,,https://nsearchives.nseindia.com/corporate/SADBHIN_03102026181143_SIPLVotingResultsofAGM03102026signed12.pdf
Vedanta Limited,VEDL,NSE,2026-10-03T18:07:25,announcement,Updates,,https://nsearchives.nseindia.com/corporate/VEDL_03102026180708_SEIntimationProductionReleasefinalsigned.pdf
Sumax Engineering Limited,SUMAX,NSE,2026-10-03T18:06:43,announcement,Press Release,,https://nsearchives.nseindia.com/corporate/SUMAX_03102026180616_pressrelease.pdf
Sathlokhar Synergys E&C Global Limited,SSEGL,NSE,2026-10-03T18:04:21,announcement,"Certificate under SEBI (Depositories and Participants) Regulations, 2018",,https://nsearchives.nseindia.com/corporate/SATHLOKHAR_03102026180413_SEBI_LODR_74_5__NSE.pdf
Cellecor Gadgets Limited,CELLECOR,NSE,2026-10-03T17:59:19,announcement,Trading Window,,https://nsearchives.nseindia.com/corporate/CELLECOR_03102026175909_Trading_Window_Closure_Half_Yearly.pdf
Sadbhav Engineering Limited,SADBHAV,NSE,2026-10-03T17:58:58,announcement,Shareholders meeting,,https://nsearchives.nseindia.com/corporate/SADBHAV_03102026175848_SELVotingResultsofAGM03102026signed12.pdf
Solex Energy Limited,SOLEX,NSE,2026-10-03T17:58:45,announcement,Bagging/Receiving of orders/contracts,,https://nsearchives.nseindia.com/corporate/SOLEX_03102026175829_Intimation_of_Work_Order.pdf
Essar Shipping Limited,ESSARSHPNG,NSE,2026-10-03T17:58:40,announcement,Shareholders meeting,,https://nsearchives.nseindia.com/corporate/ESSARSHPNG_03102026175823_Scrutinizer_Report_Final_signed.pdf
Supreme Engineering Limited,SUPREMEENG,NSE,2026-10-03T17:57:32,announcement,Shareholders meeting,,https://nsearchives.nseindia.com/corporate/SUPREMEENG_03102026175715_Final_Scrutinizer_Report__SD_.pdf
NLC India Limited,NLCINDIA,NSE,2026-10-03T17:55:46,announcement,"Certificate under SEBI (Depositories and Participants) Regulations, 2018",,https://nsearchives.nseindia.com/corporate/NLCINDIA_03102026175537_Reg74_5_ofDPReg2018Q2-2026-27-Signed.pdf
KSS Limited,KSERASERA,NSE,2026-10-03T17:53:01,announcement,Extension of Annual General Meeting,,https://nsearchives.nseindia.com/corporate/KSERASERA_03102026175251_SE_Intimation_Extension.pdf
Caliber Mining and Logistics Limited,CMLL,NSE,2026-10-03T17:52:43,announcement,Shareholders meeting,,https://nsearchives.nseindia.com/corporate/CMLL_03102026175219_Voting_Result_and_Scrutinizer_Report_final.pdf
IDBI Bank Limited,IDBI,NSE,2026-10-03T17:52:36,announcement,Updates,,https://nsearchives.nseindia.com/corporate/MANESHJ_03102026175222_SE_ProvisionalResults_30092026.pdf
SRG Housing Finance Limited,SRGHFL,NSE,2026-10-03T17:45:47,announcement,General Updates,,https://nsearchives.nseindia.com/corporate/SRGHOUSING_03102026174426_BSE_intimation_03102026.pdf
Zodiac Energy Limited,ZODIAC,NSE,2026-10-03T17:44:40,announcement,Shareholders meeting,,https://nsearchives.nseindia.com/corporate/ZODIAC_03102026174411_Revised_SR.pdf
B.A.G Films and Media Limited,BAGFILMS,NSE,2026-10-03T17:41:02,announcement,Updates,,https://nsearchives.nseindia.com/corporate/BAGFILMS_03102026173914_BAGFILMSISWOS03102026.pdf
BEW Engineering Limited,BEWLTD,NSE,2026-10-03T17:40:39,announcement,Quarterly Compliance Report on Corporate governance - within 21 days from the end of the quarter,,https://nsearchives.nseindia.com/corporate/BEWENGINEERING_03102026174002_Disclosure_of_non_applicability_of_CGpdfsigned.pdf
Transteel Seating Technologies Limited,TRANSTEEL,NSE,2026-10-03T17:37:49,announcement,Bagging/Receiving of orders/contracts,,https://nsearchives.nseindia.com/corporate/TRANSTEEL_03102026173738_Work_Order_Disclosure.pdf
Agro Phos India Limited,AGROPHOS,NSE,2026-10-03T17:36:39,announcement,Shareholders meeting,,https://nsearchives.nseindia.com/corporate/AGROPHOS_03102026173553_REPORT_2026_SIGNED.pdf
M.V.K. Agro Food Product Limited,MVKAGRO,NSE,2026-10-03T17:36:00,announcement,Updates,,https://nsearchives.nseindia.com/corporate/MVKAGRO_03102026173317_Intimation_Board_Comment.pdf
CMM Infraprojects Limited,CMMIPL,NSE,2026-10-03T17:34:01,announcement,Shareholders meeting,,https://nsearchives.nseindia.com/corporate/CMMIPL_03102026173345_NSE_Scrutinizerreport_merged.pdf
Bank of Baroda,BANKBARODA,NSE,2026-10-03T17:33:39,announcement,General Updates,,https://nsearchives.nseindia.com/corporate/BANKBARODA_03102026173318_SEPROVISIONAL.pdf
Muthoot Capital Services Limited,MUTHOOTCAP,NSE,2026-10-03T17:30:33,announcement,"Certificate under SEBI (Depositories and Participants) Regulations, 2018",,https://nsearchives.nseindia.com/corporate/MUTHOOTCAPS_03102026172931_Final_SE.pdf
DCM Shriram Fine Chemicals Limited,DSFCL,NSE,2026-10-03T17:30:28,announcement,General Updates,,https://nsearchives.nseindia.com/corporate/DSFCL_03102026172958_Stock_Exchange_Intimation_New_Logo.pdf
Supreme Engineering Limited,SUPREMEENG,NSE,2026-10-03T17:27:50,announcement,General Updates,,https://nsearchives.nseindia.com/corporate/SUPREMEENG_03102026172730_Supply_Order_Intimation_.pdf
Vedanta Aluminium Metal Limited,VAML,NSE,2026-10-03T17:24:17,announcement,Updates,,https://nsearchives.nseindia.com/corporate/VAML_03102026172407_SEIntimationProductionReleaseOctober32026signed.pdf
Vedanta Oil and Gas Limited,VOGL,NSE,2026-10-03T17:21:36,announcement,Updates,,https://nsearchives.nseindia.com/corporate/VOGL_03102026171800_ProductionRelease.pdf
Sharda Cropchem Limited,SHARDACROP,NSE,2026-10-03T17:21:32,announcement,"Certificate under SEBI (Depositories and Participants) Regulations, 2018",,https://nsearchives.nseindia.com/corporate/SHARDACROP_03102026172110_NSE.pdf
Pace Digitek Limited,PACEDIGITK,NSE,2026-10-03T17:19:11,announcement,Spurt in Volume,,https://nsearchives.nseindia.com/corporate/PACE_03102026171844_Intimation__Spurt_in_Volume.pdf
Ravinder Heights Limited,RVHL,NSE,2026-10-03T17:17:12,announcement,Resignation,,https://nsearchives.nseindia.com/corporate/RVHL_03102026171554_Resignation_of_Independent_Director.pdf
Dr. Reddy's Laboratories Limited,DRREDDY,NSE,2026-10-03T17:15:38,announcement,Action(s) taken or orders passed,,https://nsearchives.nseindia.com/corporate/DRREDDY_03102026171508_SE_intimation_03102026_signed.pdf
Raymond Limited,RAYMOND,NSE,2026-10-03T17:12:32,announcement,Shareholders meeting,,https://nsearchives.nseindia.com/corporate/RAYMOND_03102026171216_RLintimationsigned.pdf
Bank of India,BANKINDIA,NSE,2026-10-03T17:11:02,announcement,Updates,,https://nsearchives.nseindia.com/corporate/BANKINDIA5_03102026171047_HalfYrlyStmt.pdf
Rana Sugars Limited,RANASUG,NSE,2026-10-03T17:10:26,announcement,Shareholders meeting,,https://nsearchives.nseindia.com/corporate/RANASUG_03102026171012_2026_10_03_Intimation_Voting_and_Scrutinizer_Report_2026_new.pdf
RattanIndia Power Limited,RTNPOWER,NSE,2026-10-03T17:09:44,announcement,Pendency of Litigation(s)/dispute(s) or the outcome impacting the Company,,https://nsearchives.nseindia.com/corporate/RTNPOWER_03102026170848_Intimation.pdf
Shree Tirupati Balajee Agro Trading Company Limited,BALAJEE,NSE,2026-10-03T17:07:50,announcement,"Certificate under SEBI (Depositories and Participants) Regulations, 2018",,https://nsearchives.nseindia.com/corporate/SHREETIRUPATI_03102026170742_SELETTERWITHCERTIFICATE.pdf
Current Infraprojects Limited,CURRENT,NSE,2026-10-03T17:06:34,announcement,Bagging/Receiving of orders/contracts,,https://nsearchives.nseindia.com/corporate/CURRENTINFRA_03102026170329_Updated-Announcement_New_03-10-2026.pdf
Faze Three Limited,FAZE3Q,NSE,2026-10-03T17:05:12,announcement,Updates,,https://nsearchives.nseindia.com/corporate/FAZETHREE_03102026170456_Submission.pdf
Aurobindo Pharma Limited,AUROPHARMA,NSE,2026-10-03T17:03:34,announcement,Press Release,,https://nsearchives.nseindia.com/corporate/AUROPHARMA_03102026170252_LtrToSEsPressReleasePerampanelUSFDAapproval03102026.pdf
Canara Bank,CANBK,NSE,2026-10-03T16:48:52,announcement,Updates,,https://nsearchives.nseindia.com/corporate/CANBK_03102026164843_SEINTIMATIONBOND.pdf
Paramatrix Technologies Limited,PARAMATRIX,NSE,2026-10-03T16:47:58,announcement,"Certificate under SEBI (Depositories and Participants) Regulations, 2018",,https://nsearchives.nseindia.com/corporate/PARAMATRIX_03102026164745_Paramatrix_74_5__DP_Regulations_Sd.pdf
Lincoln Pharmaceuticals Limited,LINCOLN,NSE,2026-10-03T16:47:50,announcement,Shareholders meeting,,https://nsearchives.nseindia.com/corporate/LINCOLN_03102026163937_E_voting_and_Scrutinizer_report_merged.pdf
Muthoot Capital Services Limited,MUTHOOTCAP,NSE,2026-10-03T16:47:39,announcement,Issue of Securities,,https://nsearchives.nseindia.com/corporate/MUTHOOTCAPS_03102026164726_SE_Intimation_-_Issue.pdf
Rex Pipes And Cables Industries Limited,REXPIPES,NSE,2026-10-03T16:46:12,announcement,Disruption of Operations,,https://nsearchives.nseindia.com/corporate/csrexpumps_03102026164553_Fire_Intimations.pdf
Vishnu Prakash R Punglia Limited,VPRPL,NSE,2026-10-03T16:44:44,announcement,Shareholders meeting,,https://nsearchives.nseindia.com/corporate/VPRPL_03102026164258_Intimation_Voting_Results_Signed.pdf
Propshop Events and Exhibitions Limited,PROPSHOP,NSE,2026-10-03T16:43:02,announcement,Shareholders meeting,,https://nsearchives.nseindia.com/corporate/PROPSHOP_03102026163528_PEEL_-_Voting_Results.pdf
SMC Global Securities Limited,SMCGLOBAL,NSE,2026-10-03T16:41:46,announcement,Action(s) initiated or orders passed,,https://nsearchives.nseindia.com/corporate/SMCGLOBAL_03102026164132_reg_30_cover_letter.pdf
Bajaj Electricals Limited,BAJAJELEC,NSE,2026-10-03T16:39:59,announcement,"Certificate under SEBI (Depositories and Participants) Regulations, 2018",,https://nsearchives.nseindia.com/corporate/BAJAJELEC_03102026163818_SignedLetterReg74_5_Q2FY27.pdf
Muthoot Capital Services Limited,MUTHOOTCAP,NSE,2026-10-03T16:39:45,announcement,Committee Meeting Updates,,https://nsearchives.nseindia.com/corporate/MUTHOOTCAPS_03102026163935_Outcome.pdf
Vedanta Power Limited,VEDPOWER,NSE,2026-10-03T16:38:53,announcement,Updates,,https://nsearchives.nseindia.com/corporate/VedantaPower_03102026163733_VPLSEIntimationProductionrelease03102026Signed.pdf
Paramount Dye Tec Limited,PARAMOUNT,NSE,2026-10-03T16:38:32,announcement,Shareholders meeting,,https://nsearchives.nseindia.com/corporate/PARAMOUNT_03102026163756_Para_Voting_To_File_signed.pdf
Apex Ecotech Limited,APEXECO,NSE,2026-10-03T16:38:21,announcement,"Certificate under SEBI (Depositories and Participants) Regulations, 2018",,https://nsearchives.nseindia.com/corporate/APEXECO_03102026163735_Certificate.pdf
Vilin Bio Med Limited,VILINBIO,NSE,2026-10-03T16:37:21,announcement,"Certificate under SEBI (Depositories and Participants) Regulations, 2018",,https://nsearchives.nseindia.com/corporate/VILIN2005_03102026163604_VILIN_COMPLIANCE_CERTIFICATE.pdf
Bank of Maharashtra,MAHABANK,NSE,2026-10-03T16:36:25,announcement,"Certificate under SEBI (Depositories and Participants) Regulations, 2018",,https://nsearchives.nseindia.com/corporate/MAHABANK_03102026163615_Certification_unde_Reg_74__5__30062026.pdf
Ujjivan Small Finance Bank Limited,UJJIVANSFB,NSE,2026-10-03T16:30:20,announcement,General Updates,,https://nsearchives.nseindia.com/corporate/UJJIVANBANK_03102026163008_90_Business_UpdateQ2_FY27.pdf
Tata Motors Passenger Vehicles Limited,TMPV,NSE,2026-10-03T16:27:00,announcement,Press Release,,https://nsearchives.nseindia.com/corporate/TATAMOTORSSJS_03102026162550_NSEBSEJLR.pdf
Suryalakshmi Cotton Mills Limited,SURYALAXMI,NSE,2026-10-03T16:21:04,announcement,"Certificate under SEBI (Depositories and Participants) Regulations, 2018",,https://nsearchives.nseindia.com/corporate/SURYALAXMI_03102026161903_Reg_74.pdf
Nectar Lifesciences Limited,NECLIFE,NSE,2026-10-03T16:15:22,announcement,Pendency of Litigation(s)/dispute(s) or the outcome impacting the Company,,https://nsearchives.nseindia.com/corporate/NECLIFE_03102026161405_NecLife_Material_Information_261003_Signed.pdf
Gujarat State Fertilizers & Chemicals Limited,GSFC,NSE,2026-10-03T16:14:12,announcement,Trading Window,,https://nsearchives.nseindia.com/corporate/GSFC_03102026161354_IntimationOfBMandTWC12102026.pdf
Aditya Birla Lifestyle Brands Limited,ABLBL,NSE,2026-10-03T16:13:17,announcement,Shareholders meeting,,https://nsearchives.nseindia.com/corporate/ABLBL_03102026161247_SEIntimationPostalBallotNotice.pdf
Quest Laboratories Limited,QUESTLAB,NSE,2026-10-03T16:11:23,announcement,Shareholders meeting,,https://nsearchives.nseindia.com/corporate/QUEST_03102026161113_scrutinizerswithvotingresults.pdf
Signet Industries Limited,SIGIND,NSE,2026-10-03T16:07:00,announcement,Shareholders meeting,,https://nsearchives.nseindia.com/corporate/SIGIND_03102026160650_Votingresultandscrutinizerreport.pdf
Surani Steel Tubes Limited,SURANI,NSE,2026-10-03T16:06:28,announcement,Updates,,https://nsearchives.nseindia.com/corporate/SURANI_03102026160557_PressReleaseSuraniH1FY27.pdf
SIS LIMITED,SIS,NSE,2026-10-03T16:03:36,announcement,Allotment of Securities,,https://nsearchives.nseindia.com/corporate/SIS_03102026160110_Intimation.pdf
VRL Logistics Limited,VRLLOG,NSE,2026-10-03T16:02:02,announcement,Trading Window,,https://nsearchives.nseindia.com/corporate/VRLLOGI_03102026155837_Trading_window_closure.pdf
Lux Industries Limited,LUXIND,NSE,2026-10-03T16:00:55,announcement,"Certificate under SEBI (Depositories and Participants) Regulations, 2018",,https://nsearchives.nseindia.com/corporate/LUXIND_03102026160034_Reg74_5_certificate.pdf
Balu Forge Industries Limited,BALUFORGE,NSE,2026-10-03T15:58:54,announcement,Shareholders meeting,,https://nsearchives.nseindia.com/corporate/BALUFORGE_03102026155816_AGMBaluForgeScutnizer.pdf
Bank of India,BANKINDIA,NSE,2026-10-03T15:57:09,announcement,Updates,,https://nsearchives.nseindia.com/corporate/BANKINDIA5_03102026155652_BusinessFigures.pdf
KN Agri Resources Limited,KNAGRI,NSE,2026-10-03T15:53:51,announcement,Shareholders meeting,,https://nsearchives.nseindia.com/corporate/KNAGRI_03102026155249_NSESR03102026SIGNED.pdf
Wipro Limited,WIPRO,NSE,2026-10-03T15:53:23,announcement,Amalgamation/Merger,,https://nsearchives.nseindia.com/corporate/Wipro_Secretarial_03102026155257_Reg30SEIntimation03102026.pdf
Patil Automation Limited,PATILAUTOM,NSE,2026-10-03T15:51:53,announcement,Shareholders meeting,,https://nsearchives.nseindia.com/corporate/PAL_03102026155145_Proceeding_of_AGM.pdf
HMA Agro Industries Limited,HMAAGRO,NSE,2026-10-03T15:51:14,announcement,Updates,,https://nsearchives.nseindia.com/corporate/HMA_03102026155106_Intimation_on_receipt_of_request_from_Promoter_WA.pdf
Prizor Viztech Limited,PRIZOR,NSE,2026-10-03T15:49:09,announcement,General Updates,,https://nsearchives.nseindia.com/corporate/PRIZOR_03102026154607_Letter.pdf
A G Universal Limited,AGUL,NSE,2026-10-03T15:48:26,announcement,Shareholders meeting,,https://nsearchives.nseindia.com/corporate/AGIPO_03102026154803_VOTING_REULTS_Scrutinisers_Report.pdf
NCC Limited,NCC,NSE,2026-10-03T15:46:50,announcement,"Certificate under SEBI (Depositories and Participants) Regulations, 2018",,https://nsearchives.nseindia.com/corporate/NCC_03102026154634_Certificate_74_5_.pdf
Party Cruisers Limited,PARTYCRUS,NSE,2026-10-03T15:45:55,announcement,Shareholders meeting,,https://nsearchives.nseindia.com/corporate/PARTYCRUISERS_03102026154546_Voting_Result_and_Scrutinizer_Report.pdf
City Union Bank Limited,CUB,NSE,2026-10-03T15:45:38,announcement,"Certificate under SEBI (Depositories and Participants) Regulations, 2018",,https://nsearchives.nseindia.com/corporate/CUB_03102026154407_CUB_745_SEP_2026.pdf
Party Cruisers Limited,PARTYCRUS,NSE,2026-10-03T15:43:25,announcement,Shareholders meeting,,https://nsearchives.nseindia.com/corporate/PARTYCRUISERS_03102026154318_Scrutinizer_Report_Final.pdf
Indian Overseas Bank,IOB,NSE,2026-10-03T15:41:23,announcement,Updates,,https://nsearchives.nseindia.com/corporate/IOB_03102026153920_FINAL_PDF.pdf
Eurotex Industries and Exports Limited,EUROTEXIND,NSE,2026-10-03T15:40:46,announcement,Copy of Newspaper Publication,,https://nsearchives.nseindia.com/corporate/EUROTEXIND_03102026153959_Stock_Exchange_Intimation__1__signed.pdf
CMR Green Technologies Limited,CMRGREEN,NSE,2026-10-03T15:39:22,announcement,Resignation,,https://nsearchives.nseindia.com/corporate/CMRGREEN_03102026153846_Intimation_for_Resignation_of_CFO.pdf
Saakshi Medtech and Panels Limited,SAAKSHI,NSE,2026-10-03T15:35:29,announcement,Shareholders meeting,,https://nsearchives.nseindia.com/corporate/SAAKSHI_03102026153426_Saakshi_SR_Upload_Final.pdf
The Jammu & Kashmir Bank Limited,J&KBANK,NSE,2026-10-03T15:34:28,announcement,Updates,,https://nsearchives.nseindia.com/corporate/MARYA_03102026153419_Business_Figures.pdf
All Time Plastics Limited,ALLTIME,NSE,2026-10-03T15:32:29,announcement,"Certificate under SEBI (Depositories and Participants) Regulations, 2018",,https://nsearchives.nseindia.com/corporate/ALLTIMEPLASTICSLIMITED_03102026153218_Intimation.pdf
Shanthi Gears Limited,SHANTIGEAR,NSE,2026-10-03T15:31:44,announcement,Credit Rating,,https://nsearchives.nseindia.com/corporate/SHANTIGEAR_03102026153132_CR.pdf
Patel Retail Limited,PATELRMART,NSE,2026-10-03T15:24:46,announcement,Credit Rating- Revision,,https://nsearchives.nseindia.com/corporate/PATEL_03102026152156_Reg_30-_Revision_of_rating.pdf
Adroit Infotech Limited,ADROITINFO,NSE,2026-10-03T15:24:16,announcement,Outcome of Board Meeting,,https://nsearchives.nseindia.com/corporate/ADROITINFO_03102026152407_OutcomeBM03Oct26.pdf
Silgo Retail Limited,SILGO,NSE,2026-10-03T15:23:01,announcement,General Updates,,https://nsearchives.nseindia.com/corporate/SILGO_03102026152254_COMPLIANCE_CERTIFICATE_FOR_THE_QUARTER_ENDED_Sept_30_2026.pdf
Sabar Flex India Limited,SABAR,NSE,2026-10-03T15:21:55,announcement,Resignation of Director/KMP/SMP,,https://nsearchives.nseindia.com/corporate/SABAR_ROID_99708_KMP_Doc.zip
Sabar Flex India Limited,SABAR,NSE,2026-10-03T15:21:22,announcement,Resignation of Director/KMP/SMP,,https://nsearchives.nseindia.com/corporate/SABAR_ROID_99706_KMP_Doc.zip
Medplus Health Services Limited,MEDPLUS,NSE,2026-10-03T15:06:15,announcement,"Certificate under SEBI (Depositories and Participants) Regulations, 2018",,https://nsearchives.nseindia.com/corporate/MEDPLUS_03102026150252_MedPlus.pdf
Jain Resource Recycling Limited,JAINREC,NSE,2026-10-03T15:01:25,announcement,"Certificate under SEBI (Depositories and Participants) Regulations, 2018",,https://nsearchives.nseindia.com/corporate/JAINMETAL_03102026150051_DPCertificateQ227.pdf
Sadhav Shipping Limited,SADHAV,NSE,2026-10-03T14:59:46,announcement,Rescission/termination(s),,https://nsearchives.nseindia.com/corporate/SADHAV_03102026145906_Intimation_Termination_Withdrawn_JNPT.pdf
Dodla Dairy Limited,DODLA,NSE,2026-10-03T14:53:13,announcement,"Certificate under SEBI (Depositories and Participants) Regulations, 2018",,https://nsearchives.nseindia.com/corporate/DODLA_03102026145304_74_Sep_2026.pdf
The Federal Bank  Limited,FEDERALBNK,NSE,2026-10-03T14:50:22,announcement,"Certificate under SEBI (Depositories and Participants) Regulations, 2018",,https://nsearchives.nseindia.com/corporate/FEDERALBNK_03102026144815_FBL_Reg_74_5__September_2026_Signed.pdf
Ansal Properties & Infrastructure Limited,ANSALAPI,NSE,2026-10-03T14:49:15,announcement,Copy of Newspaper Publication,,https://nsearchives.nseindia.com/corporate/ANSALAPI_03102026144903_Intimation_Newspaper_Publication_APIL_31032026__1_.pdf
Mercury Ev-Tech Limited,MERCURYEV,NSE,2026-10-03T14:48:28,announcement,Shareholders meeting,,https://nsearchives.nseindia.com/corporate/MERCURYEV_03102026144756_Voting_Result.pdf
Hindustan Zinc Limited,HINDZINC,NSE,2026-10-03T14:41:39,announcement,Updates,,https://nsearchives.nseindia.com/corporate/HINDZINCNSE_03102026144105_SEIntimation031026.pdf
Pioneer Embroideries Limited,PIONEEREMB,NSE,2026-10-03T14:37:49,announcement,Structural Digital Database,,https://nsearchives.nseindia.com/corporate/PIONEEREMB_03102026143739_CoveringRegulation30092026.pdf
Baazar Style Retail Limited,STYLEBAAZA,NSE,2026-10-03T14:34:31,announcement,Updates,,https://nsearchives.nseindia.com/corporate/BSRL2024_03102026143409_signed_combined_Quarterly_Business_Update.pdf
Mangalam Alloys Limited,MAL,NSE,2026-10-03T14:28:40,announcement,Shareholders meeting,,https://nsearchives.nseindia.com/corporate/MANGALAMALLOYS_03102026142821_Voting_Result_and_Scrutinizer_Report_Signed.pdf
Cash Ur Drive Marketing Limited,CUDML,NSE,2026-10-03T14:19:40,announcement,Shareholders meeting,,https://nsearchives.nseindia.com/corporate/CASHURDRIVE_03102026141825_Scrutnizer_Report_CUDML_17_AGM.pdf
Zenith Steel Pipes & Industries Limited,ZENITHSTL,NSE,2026-10-03T14:18:55,announcement,Shareholders meeting,,https://nsearchives.nseindia.com/corporate/ZENITHSTL_03102026141847_Scrutiniser_Report.pdf
GPT Infraprojects Limited,GPTINFRA,NSE,2026-10-03T14:16:21,announcement,General Updates,,https://nsearchives.nseindia.com/corporate/GPTINFRA_03102026141608_GIL-_L1_intimation_031026_SGD.pdf
MSP Steel & Power Limited,MSPL,NSE,2026-10-03T14:07:14,announcement,Shareholders meeting,,https://nsearchives.nseindia.com/corporate/MSPL_03102026140656_LETTERSIGNED.pdf
Maxvolt Energy Industries Limited,MAXVOLT,NSE,2026-10-03T14:05:37,announcement,Shareholders meeting,,https://nsearchives.nseindia.com/corporate/MAXVOLT2019_03102026140528_VRSRAGM.pdf
Thinking Hats Entertainment Solutions Limited,THESL,NSE,2026-10-03T13:55:22,announcement,General Updates,,https://nsearchives.nseindia.com/corporate/THES_03102026135510_THESReclassificationlettersign.pdf
Narmada Agrobase Limited,NARMADA,NSE,2026-10-03T13:53:13,announcement,"Certificate under SEBI (Depositories and Participants) Regulations, 2018",,https://nsearchives.nseindia.com/corporate/NARMADA_03102026135306_Letter_and_Certificate_under_74_5_.pdf
Udayshivakumar Infra Limited,USK,NSE,2026-10-03T13:51:19,announcement,Shareholders meeting,,https://nsearchives.nseindia.com/corporate/USKINFRA_03102026135028_Scrutinizer_report_final.pdf
Manas Polymers and Energies Limited,MPEL,NSE,2026-10-03T13:45:26,announcement,Shareholders meeting,,https://nsearchives.nseindia.com/corporate/MANAS_03102026134339_Voting_result_and_Scrutinizer_Report.pdf
Jaro Institute of Technology Management and Research Limited,JARO,NSE,2026-10-03T13:43:35,announcement,Updates,,https://nsearchives.nseindia.com/corporate/JARO2024_03102026134324_1.pdf
DPSC Limited,DPSCLTD,NSE,2026-10-03T13:36:56,announcement,Disclosure of material issue,,https://nsearchives.nseindia.com/corporate/DPSCLTD_03102026133634_IntimationofAppointmentofWTDinIPLaMSUnderReg30ofLODR03102026.pdf
DPSC Limited,DPSCLTD,NSE,2026-10-03T13:33:14,announcement,Corporate Insolvency Resolution Process,,https://nsearchives.nseindia.com/corporate/DPSCLTD_03102026133257_IntimationofAppointmentofWTDinIPLaMSUnderReg30ofLODR03102026.pdf
EMS Limited,EMSLIMITED,NSE,2026-10-03T13:30:48,announcement,"Certificate under SEBI (Depositories and Participants) Regulations, 2018",,https://nsearchives.nseindia.com/corporate/EMSLIMITED_03102026133042_Intimation_RTA_Certificate.pdf
Fertilizers and Chemicals Travancore Limited,FACT,NSE,2026-10-03T13:29:22,announcement,"Certificate under SEBI (Depositories and Participants) Regulations, 2018",,https://nsearchives.nseindia.com/corporate/FACT_03102026132722_QTR_02-0225_74_5__DP.pdf
Gayatri Highways Limited,GAYAHWS,NSE,2026-10-03T13:23:53,announcement,"Certificate under SEBI (Depositories and Participants) Regulations, 2018",,https://nsearchives.nseindia.com/corporate/GAYAHWS_03102026132310_GHL_Covering_letter_74_5__03102026.pdf
Manipal Payment and Identity Solutions Limited,MPIMANIPAL,NSE,2026-10-03T13:23:34,announcement,Investor Presentation,,https://nsearchives.nseindia.com/corporate/MANIPALCARDSIPO_03102026131916_InvestorPresentation.pdf
B&B Triplewall Containers Limited,BBTCL,NSE,2026-10-03T13:18:43,announcement,"Certificate under SEBI (Depositories and Participants) Regulations, 2018",,https://nsearchives.nseindia.com/corporate/BBTCL_03102026131827_Reg74_5_BBTCL.pdf
Manipal Payment and Identity Solutions Limited,MPIMANIPAL,NSE,2026-10-03T13:08:37,announcement,Copy of Newspaper Publication,,https://nsearchives.nseindia.com/corporate/MANIPALCARDSIPO_03102026130731_NewspaperPublication.pdf
Manba Finance Limited,MANBA,NSE,2026-10-03T13:08:14,announcement,Updates,,https://nsearchives.nseindia.com/corporate/MANBA_03102026130738_SEintimationsd.pdf
Southern Petrochemicals Industries Corporation  Limited,SPIC,NSE,2026-10-03T13:07:34,announcement,Updates,,https://nsearchives.nseindia.com/corporate/SPIC_03102026130506_Intimation_to_NSE_Plant_Shutdown_Final.pdf
Central Bank of India,CENTRALBK,NSE,2026-10-03T13:05:29,announcement,General Updates,,https://nsearchives.nseindia.com/corporate/CENTRALBK_03102026130520_Final_SE_Appointment_CGM.pdf
RNFI Services Limited,RNFI,NSE,2026-10-03T13:05:21,announcement,General Updates,,https://nsearchives.nseindia.com/corporate/RNFI_03102026130315_NSE_Intimation.pdf
Elecon Engineering Company Limited,ELECON,NSE,2026-10-03T12:38:42,announcement,Copy of Newspaper Publication,,https://nsearchives.nseindia.com/corporate/ELECON_03102026123611_NewspaperAdvt03102026.pdf
Skipper Limited,SKIPPER,NSE,2026-10-03T12:35:51,announcement,Pendency of Litigation(s)/dispute(s) or the outcome impacting the Company,,https://nsearchives.nseindia.com/corporate/skipper_03102026122924_REG30.pdf
Equitas Small Finance Bank Limited,EQUITASBNK,NSE,2026-10-03T12:34:13,announcement,General Updates,,https://nsearchives.nseindia.com/corporate/EQUITASBNK_03102026123405_Information_on_social_media.pdf
Bodal Chemicals Limited,BODALCHEM,NSE,2026-10-03T12:33:06,announcement,Shareholders meeting,,https://nsearchives.nseindia.com/corporate/BODALCHEM_03102026123153_Bodal_Chem_03_10_2026_AGM_Minutes.pdf
Alpa Laboratories Limited,ALPA,NSE,2026-10-03T12:30:08,announcement,Shareholders meeting,,https://nsearchives.nseindia.com/corporate/ALPA_03102026122925_BSE_NSE_Voting_Results_Intimation_2026.pdf
Medplus Health Services Limited,MEDPLUS,NSE,2026-10-03T12:25:20,announcement,Credit Rating,,https://nsearchives.nseindia.com/corporate/MEDPLUS_03102026122430_CreditRating.pdf
Shri Ram Switchgears Limited,SRIRAM,NSE,2026-10-03T12:24:35,announcement,Updates,,https://nsearchives.nseindia.com/corporate/SRIRAM_03102026122327_Clarification.pdf
Avenue Supermarts Limited,DMART,NSE,2026-10-03T12:23:41,announcement,Updates,,https://nsearchives.nseindia.com/corporate/DMART_03102026122118_ASLQuarterUpdateSep2026.pdf
SEDEMAC Mechatronics Limited,SEDEMAC,NSE,2026-10-03T12:23:08,announcement,Press Release,,https://nsearchives.nseindia.com/corporate/SEDEMAC2007_03102026122259_20261003-IntimationofPressRelease.pdf
Garware Hi-Tech Films Limited,GRWRHITECH,NSE,2026-10-03T12:23:03,announcement,Analysts/Institutional Investor Meet/Con. Call Updates,,https://nsearchives.nseindia.com/corporate/GRWRHITECH_03102026122221_GHFL_Intimation_to_Stock_Exchanges.pdf
IDBI Bank Limited,IDBI,NSE,2026-10-03T12:22:38,announcement,"Certificate under SEBI (Depositories and Participants) Regulations, 2018",,https://nsearchives.nseindia.com/corporate/MANESHJ_03102026122223_SE_Certificate745_September2026.pdf
Sai Parenterals Limited,SAIPARENT,NSE,2026-10-03T12:09:45,announcement,Monitoring Agency Report,,https://nsearchives.nseindia.com/corporate/SAIPARENTERALS_03102026120919_MonitoringAgencyReportJune2026.pdf
Eimco Elecon (India) Limited,EIMCOELECO,NSE,2026-10-03T12:05:39,announcement,Copy of Newspaper Publication,,https://nsearchives.nseindia.com/corporate/EIMCOELECO_03102026120355_Np_Relodgement_03102026.pdf
Texmaco Rail & Engineering Limited,TEXRAIL,NSE,2026-10-03T12:03:11,announcement,Bagging/Receiving of orders/contracts,,https://nsearchives.nseindia.com/corporate/TEXRAIL_03102026120247_OrderWCRSIGNED.pdf
Bang Overseas Limited,BANG,NSE,2026-10-03T12:02:00,announcement,"Certificate under SEBI (Depositories and Participants) Regulations, 2018",,https://nsearchives.nseindia.com/corporate/BANG_03102026120152_Reg_74_5_-BOL_final_signed.pdf
Thomas Scott (India) Limited,THOMASCOTT,NSE,2026-10-03T11:51:46,announcement,"Certificate under SEBI (Depositories and Participants) Regulations, 2018",,https://nsearchives.nseindia.com/corporate/THOMASCOTT_03102026115138_Reg_74_5_-TSIL_Final_signed.pdf
Mangalam Drugs And Organics Limited,MANGALAM,NSE,2026-10-03T11:51:10,announcement,Copy of Newspaper Publication,,https://nsearchives.nseindia.com/corporate/MANGALAM_03102026114952_SE34.pdf
United Polyfab Gujarat Limited,UNITEDPOLY,NSE,2026-10-03T11:35:59,announcement,Shareholders meeting,,https://nsearchives.nseindia.com/corporate/UNITEDPOLY_03102026113544_Final_E-Voting_and_Scrutinizer_Report.pdf
Premier Explosives Limited,PREMEXPLN,NSE,2026-10-03T11:31:40,announcement,"Certificate under SEBI (Depositories and Participants) Regulations, 2018",,https://nsearchives.nseindia.com/corporate/PREMEXPLN_03102026113104_BSENSEQtr2Reg745SEBI30092026.pdf
Astra Microwave Products Limited,ASTRAMICRO,NSE,2026-10-03T11:24:06,announcement,"Certificate under SEBI (Depositories and Participants) Regulations, 2018",,https://nsearchives.nseindia.com/corporate/ASTRAMICRO_03102026112355_Regulation74let.pdf
Fonebox Retail Limited,FONEBOX,NSE,2026-10-03T11:23:01,announcement,"Certificate under SEBI (Depositories and Participants) Regulations, 2018",,https://nsearchives.nseindia.com/corporate/FONEBOX_03102026112235_Certificate_under_Regulation_74_5__signed.pdf
Viceroy Hotels Limited,VHLTD,NSE,2026-10-03T11:20:01,announcement,General Updates,,https://nsearchives.nseindia.com/corporate/VICEROYHOTELSLTD_03102026111952_disclosure.pdf
Agastya Energy and Infrastructure Limited,AGASTYAEN,NSE,2026-10-03T11:19:26,announcement,Copy of Newspaper Publication,,https://nsearchives.nseindia.com/corporate/SANGINITA_03102026111736_Intimation_Newspaper__2_.pdf
MOIL Limited,MOIL,NSE,2026-10-03T11:08:33,announcement,Monthly Business Updates,,https://nsearchives.nseindia.com/corporate/MOIL_03102026110259_Monthly_Busines_Update_Sep_2026.pdf
OnEMI Technology Solutions Limited,KISSHT,NSE,2026-10-03T11:03:54,announcement,Press Release,,https://nsearchives.nseindia.com/corporate/ONEMI_03102026110326_Press_ReleaseBusinessUpdate03102026.pdf
Bajaj Finance Limited,BAJFINANCE,NSE,2026-10-03T11:02:00,announcement,General Updates,,https://nsearchives.nseindia.com/corporate/BAJFINANCE_03102026110139_BFL_Pre-results_earning_intimation_Q2FY2027.pdf
Vibhor Steel Tubes Limited,VSTL,NSE,2026-10-03T11:00:49,announcement,"Certificate under SEBI (Depositories and Participants) Regulations, 2018",,https://nsearchives.nseindia.com/corporate/VIBHOR_03102026110040_intimation_for_certificate_under_Reg_74-5.pdf
Prostarm Info Systems Limited,PROSTARM,NSE,2026-10-03T10:47:28,announcement,Updates,,https://nsearchives.nseindia.com/corporate/PROSTARM_03102026104719_SE_IP-NSE.pdf
Bajaj Housing Finance Limited,BAJAJHFL,NSE,2026-10-03T10:42:44,announcement,General Updates,,https://nsearchives.nseindia.com/corporate/BHFL_03102026104206_Stock_Exchange_Pre_Result_Intimation_Sep_26.pdf
Niraj Ispat Industries Limited,NIRAJISPAT,NSE,2026-10-03T10:37:45,announcement,Trading Window,,https://nsearchives.nseindia.com/corporate/NIRAJISPAT_03102026103737_Niraj_Intimation_of_Trading_Window__September_2026.pdf
Globesecure Technologies Limited,GSTL,NSE,2026-10-03T09:52:26,announcement,Shareholders meeting,,https://nsearchives.nseindia.com/corporate/GLOBESECURE2021_03102026095217_GSTL_AGM_Voting_Results.pdf
One 97 Communications Limited,PAYTM,NSE,2026-10-03T09:08:54,announcement,ESOP/ESOS/ESPS,,https://nsearchives.nseindia.com/corporate/PAYTM_03102026090839_SEDisclosureNRCOctallotmentsd.pdf
Brightcom Group Limited,BCG,NSE,2026-10-03T00:00:00,upcoming event,Other business matters,,
Pashupati Cotspin Limited,PASHUPATI,NSE,2026-10-03T00:00:00,upcoming event,Bonus/Other business matters,,
Adroit Infotech Limited,ADROITINFO,NSE,2026-10-03T00:00:00,upcoming event,Other business matters,,
TIL Limited,TIL,NSE,2026-10-03T00:00:00,upcoming event,Board meeting Rescheduled,,
B&B Triplewall Containers Limited,BBTCL,NSE,2026-10-02T23:55:12,announcement,Shareholders meeting,,https://nsearchives.nseindia.com/corporate/BBTCL_02102026235456_VR_SR.pdf
Taurian MPS Limited,TAURIAN,NSE,2026-10-02T23:41:09,announcement,Shareholders meeting,,https://nsearchives.nseindia.com/corporate/TAURIANINC_02102026233848_TAURIAN_SCRUITNIZER_REPORT.pdf
Persistent Systems Limited,PERSISTENT,NSE,2026-10-02T23:16:35,announcement,Allotment of Securities,,https://nsearchives.nseindia.com/corporate/PERSISTENTUSER1_02102026231621_PSLIntimationofallotmentofEquityShares02102026signed.pdf
Eros International Media Limited,EROSMEDIA,NSE,2026-10-02T23:16:34,announcement,General Updates,,https://nsearchives.nseindia.com/corporate/EROSMEDIA_02102026231411_20260930-DisclosureunderRegulation30Signed.pdf
Shankara Buildpro Limited,BUILDPRO,NSE,2026-10-02T23:04:51,announcement,Updates,,https://nsearchives.nseindia.com/corporate/BUILDPRO_02102026230440_Filing.pdf
Swaraj Suiting Limited,SWARAJ,NSE,2026-10-02T22:28:53,announcement,Copy of Newspaper Publication,,https://nsearchives.nseindia.com/corporate/SWARAJ_02102026222818_NewspaperClippingsEGM30Sep2026.pdf
Eros International Media Limited,EROSMEDIA,NSE,2026-10-02T22:13:33,announcement,Shareholders meeting,,https://nsearchives.nseindia.com/corporate/EROSMEDIA_02102026221234_SE_Voting_Results.pdf
ICICI Prudential Life Insurance Company Limited,ICICIPRULI,NSE,2026-10-02T21:56:56,announcement,Resignation of Director/KMP/SMP,,https://nsearchives.nseindia.com/corporate/ICICIPRULI_ROID_99698_KMP_Doc.zip
Godrej Consumer Products Limited,GODREJCP,NSE,2026-10-02T21:42:17,announcement,Allotment of Securities,,https://nsearchives.nseindia.com/corporate/GODREJCP_02102026214129_OutcomeNRCSept2026-Signed.pdf
Emcure Pharmaceuticals Limited,EMCURE,NSE,2026-10-02T21:31:28,announcement,Pendency of Litigation(s)/dispute(s) or the outcome impacting the Company,,https://nsearchives.nseindia.com/corporate/EMCURE_02102026213119_EPLReg30IntimationOrder.pdf
Indian Emulsifiers Limited,IEML,NSE,2026-10-02T21:15:44,announcement,Shareholders meeting,,https://nsearchives.nseindia.com/corporate/INDIANEMULSIFIERS_02102026211518_Voting_Results_IEML_AGM_2026.pdf
Ashapura Intimates Fashion Limited,AIFL,NSE,2026-10-02T21:03:01,announcement,Shareholders meeting,,https://nsearchives.nseindia.com/corporate/AIFL2020_02102026210236_SCR_Ashapura_AGM.pdf
Ritco Logistics Limited,RITCO,NSE,2026-10-02T20:52:36,announcement,Shareholders meeting,,https://nsearchives.nseindia.com/corporate/RITCO_02102026205135_Ritco_Voting_Result_Regulation_44_and_SR.pdf
Ritco Logistics Limited,RITCO,NSE,2026-10-02T20:47:11,announcement,Shareholders meeting,,https://nsearchives.nseindia.com/corporate/RITCO_02102026204651_SCRUTINIZER_Report_2026_Ritco.pdf
Bhagyanagar India Limited,BHAGYANGR,NSE,2026-10-02T20:32:51,announcement,Shareholders meeting,,https://nsearchives.nseindia.com/corporate/BHAGYANGR_02102026203153_Scrutinizer_Report-Signed.pdf
Granules India Limited,GRANULES,NSE,2026-10-02T20:29:34,announcement,General Updates,,https://nsearchives.nseindia.com/corporate/GRANULES_02102026202829_NSEBSENEWCOMPANY.pdf
Snowman Logistics Limited,SNOWMAN,NSE,2026-10-02T20:25:13,announcement,Action(s) initiated or orders passed,,https://nsearchives.nseindia.com/corporate/SNOWMAN8_02102026202501_Intimation.pdf
Pashupati Cotspin Limited,PASHUPATI,NSE,2026-10-02T20:16:10,announcement,Shareholders meeting,,https://nsearchives.nseindia.com/corporate/PASHUPATI_02102026201543_CoveringLetterVRAndScrutinizerReport.pdf
Oneclick Logistics India Limited,OLIL,NSE,2026-10-02T20:02:28,announcement,Shareholders meeting,,https://nsearchives.nseindia.com/corporate/ONECLICK_02102026200159_OLIL02102026.pdf
Mahindra & Mahindra Financial Services Limited,M&MFIN,NSE,2026-10-02T19:48:55,announcement,General Updates,,https://nsearchives.nseindia.com/corporate/M_MFIN_02102026194838_Q2FY27businessupdateSIGNED.pdf
Aaradhya Disposal Industries Limited,AARADHYA,NSE,2026-10-02T19:48:13,announcement,Shareholders meeting,,https://nsearchives.nseindia.com/corporate/ADIL_02102026194609_Scrutinizer_ReportAaradhya.pdf
Mangalam Worldwide Limited,MWL,NSE,2026-10-02T19:46:29,announcement,General Updates,,https://nsearchives.nseindia.com/corporate/MWL_02102026194620_INTIMATION02102026_SIGNED.pdf
Hindustan Aeronautics Limited,HAL,NSE,2026-10-02T19:46:03,announcement,Agreements,,https://nsearchives.nseindia.com/corporate/HAL_02102026194550_AgreementSigned_02102026.pdf
Acme Solar Holdings Limited,ACMESOLAR,NSE,2026-10-02T19:44:10,announcement,Credit Rating,,https://nsearchives.nseindia.com/corporate/ACMECS_02102026194311_Intimation02102026.pdf
Innova Captab Limited,INNOVACAP,NSE,2026-10-02T19:33:27,announcement,Shareholders meeting,,https://nsearchives.nseindia.com/corporate/INNOVACAPTAB_02102026192725_Scrutinizer_Report_ICL_signed.pdf
Punjab National Bank,PNB,NSE,2026-10-02T19:32:10,announcement,General Updates,,https://nsearchives.nseindia.com/corporate/pnb2_02102026192859_Intimation_Prov_Fig_02102026_DS.pdf
Jfl Life Sciences Limited,JFLLIFE,NSE,2026-10-02T19:28:11,announcement,"Certificate under SEBI (Depositories and Participants) Regulations, 2018",,https://nsearchives.nseindia.com/corporate/JFL_02102026192759_JFL_74_5__SEPT_2026.pdf
Vishwas Agri Seeds Limited,VISHWAS,NSE,2026-10-02T19:23:17,announcement,Shareholders meeting,,https://nsearchives.nseindia.com/corporate/VISHWAS_02102026192308_Voting_Result_VASL_Signed.pdf
Lead Reclaim And Rubber Products Limited,LRRPL,NSE,2026-10-02T19:19:59,announcement,General Updates,,https://nsearchives.nseindia.com/corporate/LEAD_02102026191946_AR_lead.pdf
Transwarranty Finance Limited,TFL,NSE,2026-10-02T19:16:19,announcement,Shareholders meeting,,https://nsearchives.nseindia.com/corporate/TFL_02102026191528_Scrutinizer_Report_sd.pdf
Navkar Urbanstructure Limited,NAVKARURB,NSE,2026-10-02T19:12:21,announcement,Shareholders meeting,,https://nsearchives.nseindia.com/corporate/NAVKAR9_02102026191154_Voting_Results_with_Scrutinizer_Report.pdf
SS Retail Limited,SSRETAIL,NSE,2026-10-02T19:10:43,announcement,General Updates,,https://nsearchives.nseindia.com/corporate/SSRETAIL_02102026191013_GENRALUPDATEMATERIALITY.pdf
SS Retail Limited,SSRETAIL,NSE,2026-10-02T19:03:56,announcement,Trading Window,,https://nsearchives.nseindia.com/corporate/SSRETAIL_02102026190246_TRADINGWINDOWCLOSURE.pdf
Lead Reclaim And Rubber Products Limited,LRRPL,NSE,2026-10-02T18:55:59,announcement,Analysts/Institutional Investor Meet/Con. Call Updates,,https://nsearchives.nseindia.com/corporate/LEAD_02102026185546_Intimation.pdf
Pramara Promotions Limited,PRAMARA,NSE,2026-10-02T18:51:31,announcement,Shareholders meeting,,https://nsearchives.nseindia.com/corporate/PRAMARA_02102026185123_Pramara02102026.pdf
Le Merite Exports Limited,LEMERITE,NSE,2026-10-02T18:45:09,announcement,Shareholders meeting,,https://nsearchives.nseindia.com/corporate/LMEL_02102026184452_Voting_Results.pdf
DRS Dilip Roadlines Limited,DRSDILIP,NSE,2026-10-02T18:44:42,announcement,Shareholders meeting,,https://nsearchives.nseindia.com/corporate/DRSDILIP_02102026184325_Voting_Results_and_Scrutinizer_Report.pdf
Alcokraft Distilleries Limited,ALCODIS,NSE,2026-10-02T18:32:45,announcement,Shareholders meeting,,https://nsearchives.nseindia.com/corporate/AURDIS_02102026183153_ADL_Scrutinizer_Report_2026.pdf
Aurobindo Pharma Limited,AUROPHARMA,NSE,2026-10-02T18:32:35,announcement,General Updates,,https://nsearchives.nseindia.com/corporate/AUROPHARMA_02102026183205_LtrToSEsA1BiochemCompletionofAcquisition02102026.pdf
Pfizer Limited,PFIZER,NSE,2026-10-02T18:32:12,announcement,Copy of Newspaper Publication,,https://nsearchives.nseindia.com/corporate/PFIZER_02102026183158_SEintimation_Relodgment.pdf
Shubhlaxmi Jewel Art Limited,SHUBHLAXMI,NSE,2026-10-02T18:20:07,announcement,Shareholders meeting,,https://nsearchives.nseindia.com/corporate/SHUBHLAXMI_02102026181932_Shubhlaxmi_Voting_Results_compressed.pdf
Lead Reclaim And Rubber Products Limited,LRRPL,NSE,2026-10-02T18:17:19,announcement,Shareholders meeting,,https://nsearchives.nseindia.com/corporate/LEAD_02102026181706_Intimation.pdf
Petronet LNG Limited,PETRONET,NSE,2026-10-02T18:17:01,announcement,Change in Management,,https://nsearchives.nseindia.com/corporate/PETRONET_02102026181613_intimationappointmentsigned21026.pdf
Nagarjuna Fertilizers and Chemicals Limited,NAGAFERT,NSE,2026-10-02T18:12:33,announcement,Updates,,https://nsearchives.nseindia.com/corporate/NAGAFERT_02102026181214_Disclosure.PDF
Sobha Limited,SOBHA,NSE,2026-10-02T18:08:01,announcement,General Updates,,https://nsearchives.nseindia.com/corporate/SOBHA_02102026180646_SOBHA_Operational_Update_Q2_FY_2027.pdf
Aurobindo Pharma Limited,AUROPHARMA,NSE,2026-10-02T18:05:45,announcement,Acquisition,,https://nsearchives.nseindia.com/corporate/AUROPHARMA_02102026180500_LtrToSEsA1BiochemLLCacquisition02102026.pdf
NINtec Systems Limited,NINSYS,NSE,2026-10-02T18:05:02,announcement,Updates,,https://nsearchives.nseindia.com/corporate/NINSYS_02102026180450_DisclosureunderRegulation30.pdf
GP Petroleums Limited,GULFPETRO,NSE,2026-10-02T18:04:04,announcement,Copy of Newspaper Publication,,https://nsearchives.nseindia.com/corporate/GULFPETRO_02102026180349_IntimationtoStockExchangeforNewspaperpublication.pdf
Globe International Carriers Limited,GICL,NSE,2026-10-02T17:57:35,announcement,Shareholders meeting,,https://nsearchives.nseindia.com/corporate/GICL_02102026175717_SR_AGM_Signed.pdf
Nagarjuna Fertilizers and Chemicals Limited,NAGAFERT,NSE,2026-10-02T17:56:32,announcement,Trading Window,,https://nsearchives.nseindia.com/corporate/NAGAFERT_02102026175621_Disclosure.PDF
Sabar Flex India Limited,SABAR,NSE,2026-10-02T17:51:44,announcement,Resignation,,https://nsearchives.nseindia.com/corporate/SABAR_02102026175130_Intimation_sign_sabar.pdf
ICICI Bank Limited,ICICIBANK,NSE,2026-10-02T17:47:37,announcement,General Updates,,https://nsearchives.nseindia.com/corporate/ICICI2022_02102026174507_NSEBSE_02102026.pdf
Knack Packaging Limited,KNACK,NSE,2026-10-02T17:45:24,announcement,Bagging/Receiving of orders/contracts,,https://nsearchives.nseindia.com/corporate/KNACK_6101_02102026174512_Intimation.pdf
C2C Advanced Systems Limited,C2C,NSE,2026-10-02T17:36:52,announcement,Shareholders meeting,,https://nsearchives.nseindia.com/corporate/C2CAS_02102026173641_C2C_Advanced_Systems_Limited_AGM_held_on_2026.pdf
Indiabulls Limited,IBULLSLTD,NSE,2026-10-02T17:28:38,announcement,Granting/withdrawal/surrender/cancellation/suspension of key licenses/ regulatory approvals,,https://nsearchives.nseindia.com/corporate/YAARI_02102026172703_IBL_Receipt_of_certificate_of_registration_as_CIC.pdf
Indiabulls Limited,IBULLSLTD,NSE,2026-10-02T17:28:38,announcement,Updates,,https://nsearchives.nseindia.com/corporate/YAARI_02102026172732_IBL_Receipt_of_certificate_of_registration_as_CIC.pdf
Awfis Space Solutions Limited,AWFIS,NSE,2026-10-02T17:22:34,announcement,Pendency of Litigation(s)/dispute(s) or the outcome impacting the Company,,https://nsearchives.nseindia.com/corporate/AWFIS2014_02102026171422_Intimation_Signed.pdf
Kody Technolab Limited,KODYTECH,NSE,2026-10-02T17:16:24,announcement,Shareholders meeting,,https://nsearchives.nseindia.com/corporate/CSKODY_02102026171615_Voting_Results_of_AGM.pdf
Sun Pharmaceutical Industries Limited,SUNPHARMA,NSE,2026-10-02T17:15:38,announcement,Copy of Newspaper Publication,,https://nsearchives.nseindia.com/corporate/SUNSEC_02102026171502_SE_intimation_for_PB_Newspaper_Advertisement.pdf
ICICI Prudential Life Insurance Company Limited,ICICIPRULI,NSE,2026-10-02T17:13:24,announcement,Change in Director(s),,https://nsearchives.nseindia.com/corporate/ICICIPRULI_02102026171307_SE_Intimation_signed.pdf
Jyoti CNC Automation Limited,JYOTICNC,NSE,2026-10-02T17:08:45,announcement,Shareholders meeting,,https://nsearchives.nseindia.com/corporate/JYOTICNC_NSE_02102026170834_BSEnseJCALVotingResultScrutinizerReport02102026.pdf
C K K Retail Mart Limited,CKKRETAIL,NSE,2026-10-02T17:04:08,announcement,General Updates,,https://nsearchives.nseindia.com/corporate/CKKRETAIL_02102026170246_Ann_reg30.pdf
C K K Retail Mart Limited,CKKRETAIL,NSE,2026-10-02T17:04:08,announcement,Shareholders meeting,,https://nsearchives.nseindia.com/corporate/CKKRETAIL_02102026170007_Voting_Result_CKKAGM.pdf
ICICI Prudential Life Insurance Company Limited,ICICIPRULI,NSE,2026-10-02T16:59:20,announcement,Outcome of Board Meeting,,https://nsearchives.nseindia.com/corporate/ICICIPRULI_02102026165908_SE_Intimation_signed.pdf
Mono Pharmacare Limited,MONOPHARMA,NSE,2026-10-02T16:58:05,announcement,Shareholders meeting,,https://nsearchives.nseindia.com/corporate/MONO_02102026165606_Voting_result.pdf
Spectrum Electrical Industries Limited,SPECTRUM,NSE,2026-10-02T16:50:24,announcement,Shareholders meeting,,https://nsearchives.nseindia.com/corporate/SPECTRUM_02102026165006_SPECTRUM_544386_AGM_Voting_Results.pdf
Kabra Extrusion Technik Limited,KABRAEXTRU,NSE,2026-10-02T16:47:01,announcement,Outcome of Board Meeting,,https://nsearchives.nseindia.com/corporate/KABRAEXTRU_02102026164652_Board_Meeting_Outcome_Allotment_of_Equity_Shares.pdf
The Indian Hotels Company Limited,INDHOTEL,NSE,2026-10-02T16:46:32,announcement,Copy of Newspaper Publication,,https://nsearchives.nseindia.com/corporate/harshmalik_02102026164559_IHCL_BSE_NSE_SPL_TFR2_Newspaper4.pdf
Tech Mahindra Limited,TECHM,NSE,2026-10-02T16:38:37,announcement,Analysts/Institutional Investor Meet/Con. Call Updates,,https://nsearchives.nseindia.com/corporate/Apekshakhemka_02102026163828_Intimation_for_schedule_of_concall_S.pdf
Transformers And Rectifiers (India) Limited,TARIL,NSE,2026-10-02T16:31:13,announcement,Bagging/Receiving of orders/contracts,,https://nsearchives.nseindia.com/corporate/TRIL_02102026163021_IntimationofOrder02102026GETCO.pdf
Asahi Songwon Colors Limited,ASAHISONG,NSE,2026-10-02T16:30:41,announcement,Shareholders meeting,,https://nsearchives.nseindia.com/corporate/ASAHISONG_02102026163023_Ashisongwonvotingresults30092026.pdf
LCC Infotech Limited,LCCINFOTEC,NSE,2026-10-02T16:28:12,announcement,Shareholders meeting,,https://nsearchives.nseindia.com/corporate/LCCINFOTEC_02102026162753_EVoting_and_Scrutinizer_Report.pdf
DRS Cargo Movers Limited,DRSCARGO,NSE,2026-10-02T16:20:02,announcement,Shareholders meeting,,https://nsearchives.nseindia.com/corporate/DRSCARGOMOVERS_02102026161838_SCRUTINIZERREPORTDRSCARGO.pdf
Eros International Media Limited,EROSMEDIA,NSE,2026-10-02T16:16:21,announcement,Shareholders meeting,,https://nsearchives.nseindia.com/corporate/EROSMEDIA_02102026161426_EROS_Scrutinizer_Report-AGM_2026-OCR.pdf
DRS Cargo Movers Limited,DRSCARGO,NSE,2026-10-02T16:13:03,announcement,Shareholders meeting,,https://nsearchives.nseindia.com/corporate/DRSCARGOMOVERS_02102026161140_DRSCARGOSCRUTINIZERREPORT.pdf
FORCE MOTORS LTD,FORCEMOT,NSE,2026-10-02T16:10:26,announcement,Copy of Newspaper Publication,,https://nsearchives.nseindia.com/corporate/FORCEMOTORS_02102026161008_Intimation_SA_newspaper.pdf
Allcargo Global Limited,AGL,NSE,2026-10-02T16:08:30,announcement,Change in Director(s),,https://nsearchives.nseindia.com/corporate/AGL_02102026160815_Reg30_Change_in_Directors_02102026_signed.pdf
Allcargo Global Limited,AGL,NSE,2026-10-02T16:06:04,announcement,Appointment,,https://nsearchives.nseindia.com/corporate/AGL_02102026160523_Reg30_Change_in_Directors_02102026_signed.pdf
FORCE MOTORS LTD,FORCEMOT,NSE,2026-10-02T16:01:58,announcement,Copy of Newspaper Publication,,https://nsearchives.nseindia.com/corporate/FORCEMOTORS_02102026160142_Intimation_A_newspaper.pdf
Rushil Decor Limited,RUSHIL,NSE,2026-10-02T15:54:33,announcement,Structural Digital Database,,https://nsearchives.nseindia.com/corporate/RUSHIL_02102026155417_Final_Letter.pdf
United Heat Transfer Limited,UHTL,NSE,2026-10-02T15:46:21,announcement,Granting/withdrawal/surrender/cancellation/suspension of key licenses/ regulatory approvals,,https://nsearchives.nseindia.com/corporate/UNITEDHEAT_02102026154547_UHTL-_Inprinciple_appr-_Intimation-02102026.pdf
VARVEE GLOBAL LIMITED,VGL,NSE,2026-10-02T15:44:32,announcement,Shareholders meeting,,https://nsearchives.nseindia.com/corporate/AARVEEDEN_02102026154402_Scrutinizer_report_signed.pdf
Aeron Composite Limited,AERON,NSE,2026-10-02T15:42:09,announcement,Shareholders meeting,,https://nsearchives.nseindia.com/corporate/AERON_02102026154158_VOTINGRESULT2026.pdf
TechD Cybersecurity Limited,TECHD,NSE,2026-10-02T15:32:16,announcement,Shareholders meeting,,https://nsearchives.nseindia.com/corporate/TECHDEFENCE_02102026153123_Consolidated_Scrutiniser_Report_Techd_FINAL_SIGNED.pdf
QMS Medical Allied Services Limited,QMSMEDI,NSE,2026-10-02T15:29:13,announcement,Shareholders meeting,,https://nsearchives.nseindia.com/corporate/QMS_02102026152901_NSE_Outcome_sd.pdf
Rushabh Precision Bearings Limited,RUSHABEAR,NSE,2026-10-02T15:29:07,announcement,Appointment,,https://nsearchives.nseindia.com/corporate/RUSHABEAR_02102026152418_Intimation_of_Appointment_sign.pdf
Yasons Chemex Care Limited,YCCL,NSE,2026-10-02T15:18:12,announcement,Shareholders meeting,,https://nsearchives.nseindia.com/corporate/YASONS_02102026151755_SR_AGM_2026_Yasons_KS_.pdf
Rishabh Instruments Limited,RISHABH,NSE,2026-10-02T15:15:23,announcement,"Certificate under SEBI (Depositories and Participants) Regulations, 2018",,https://nsearchives.nseindia.com/corporate/RISHABH_02102026151510_RIL_74_5__Covering_letter_02102026_Executed.pdf
Indo Us Biotech Limited,INDOUS,NSE,2026-10-02T15:08:20,announcement,Shareholders meeting,,https://nsearchives.nseindia.com/corporate/INDOUS_02102026150809_Combined_Scrutinizer_Report_with_Voting_results_25-26.pdf
Vijaypd Ceutical Limited,VIJAYPD,NSE,2026-10-02T14:59:42,announcement,Shareholders meeting,,https://nsearchives.nseindia.com/corporate/VIJAYPD_02102026145837_Scrutinizer_Report_NSE.pdf
Aditya Ultra Steel Limited,AUSL,NSE,2026-10-02T14:54:22,announcement,Shareholders meeting,,https://nsearchives.nseindia.com/corporate/ADITYAULTRA_02102026145413_Intimation_to_SR_and_VR.pdf
V2 Retail Limited,V2RETAIL,NSE,2026-10-02T14:53:36,announcement,General Updates,,https://nsearchives.nseindia.com/corporate/V2RETAIL_02102026145252_Business_Update_Q2FY27.pdf
TD Power Systems Limited,TDPOWERSYS,NSE,2026-10-02T14:50:30,announcement,Updates,,https://nsearchives.nseindia.com/corporate/TDPOWERSYS_02102026145009_Final_for_Upload.pdf
TV Vision Limited,TVVISION,NSE,2026-10-02T14:46:35,announcement,Corporate Insolvency Resolution Process,,https://nsearchives.nseindia.com/corporate/TVVISION_02102026144607_Outcome_2nd_COC_meeting_Signed.pdf
Equitas Small Finance Bank Limited,EQUITASBNK,NSE,2026-10-02T14:41:54,announcement,General Updates,,https://nsearchives.nseindia.com/corporate/EQUITASBNK_02102026144140_Finalbusinessupdateforupload.pdf
Exim Routes Limited,EXIMROUTES,NSE,2026-10-02T14:40:55,announcement,Shareholders meeting,,https://nsearchives.nseindia.com/corporate/EXIM_02102026144045_Scrutnizer.pdf
Sabar Flex India Limited,SABAR,NSE,2026-10-02T14:40:54,announcement,Shareholders meeting,,https://nsearchives.nseindia.com/corporate/SABAR_02102026143943_VR_SCR_sign.pdf
Shree Ram Proteins Limited,SRPL,NSE,2026-10-02T14:33:26,announcement,General Updates,,https://nsearchives.nseindia.com/corporate/SRPL_02102026143317_update.pdf
Summit Securities Limited,SUMMITSEC,NSE,2026-10-02T14:30:48,announcement,Copy of Newspaper Publication,,https://nsearchives.nseindia.com/corporate/SUMMITSEC_02102026143035_Reg30SpecialWindow.pdf
Monolithisch India Limited,MONOLITH,NSE,2026-10-02T14:19:59,announcement,Analysts/Institutional Investor Meet/Con. Call Updates,,https://nsearchives.nseindia.com/corporate/MONOLITHISCH_02102026141852_Investor_call_transcript_30092026.pdf
PTC India Limited,PTC,NSE,2026-10-02T14:16:36,announcement,Copy of Newspaper Publication,,https://nsearchives.nseindia.com/corporate/PTC_02102026141607_letterforadvertisementfiling.pdf
Flexituff Ventures International Limited,FLEXITUFF,NSE,2026-10-02T14:11:19,announcement,Shareholders meeting,,https://nsearchives.nseindia.com/corporate/FLEXITUFF_02102026141026_Voting_Results_Final.pdf
Vishnu Chemicals Limited,VISHNU,NSE,2026-10-02T14:01:47,announcement,Analysts/Institutional Investor Meet/Con. Call Updates,,https://nsearchives.nseindia.com/corporate/VISHNU_02102026140136_Investor_Meeting_Intimation_7thOctto9thOct_signed.pdf
Ambika Cotton Mills Limited,AMBIKCO,NSE,2026-10-02T14:01:43,announcement,Updates,,https://nsearchives.nseindia.com/corporate/AMBIKCO_02102026140132_SDOCRTRANSCRIPTMDSTATE.pdf
Pranav Constructions Limited,PRANAV,NSE,2026-10-02T13:53:50,announcement,Copy of Newspaper Publication,,https://nsearchives.nseindia.com/corporate/PCPL_02102026135328_Covering_Letter_with_Newspaper_Advertisement_-_02102026.pdf
Blue Pebble Limited,BLUEPEBBLE,NSE,2026-10-02T13:52:11,announcement,Shareholders meeting,,https://nsearchives.nseindia.com/corporate/BLUEPEBBLE_02102026135112_Untitled.pdf
Shyam Metalics and Energy Limited,SHYAMMETL,NSE,2026-10-02T13:51:42,announcement,Agreements,,https://nsearchives.nseindia.com/corporate/SHYAMMETL_02102026135130_SMELIntimationofMOU02102026.pdf
Birla Corporation Limited,BIRLACORPN,NSE,2026-10-02T13:34:05,announcement,Credit Rating,,https://nsearchives.nseindia.com/corporate/BIRLACORP1_02102026133157_Intimation_of_credit_rating_011026.pdf
Saroja Pharma Industries India Limited,SAROJA,NSE,2026-10-02T13:13:20,announcement,Shareholders meeting,,https://nsearchives.nseindia.com/corporate/SAROJAPHARMA_02102026125504_Voting_Result_merged.pdf
Pranav Constructions Limited,PRANAV,NSE,2026-10-02T13:13:02,announcement,General Updates,,https://nsearchives.nseindia.com/corporate/PCPL_02102026131228_Covering_Letter_and__Investors_Presentation_02102026.pdf
Dhanlaxmi Crop Science Limited,DHANLAXMI,NSE,2026-10-02T13:10:10,announcement,Shareholders meeting,,https://nsearchives.nseindia.com/corporate/DHANLAXMI_02102026130932_Revised_Scrutinisers_Report_Dhanlaxmi_Crop_Science_2025-26.pdf
Veekayem Fashion and Apparels Limited,VEEKAYEM,NSE,2026-10-02T13:07:38,announcement,Shareholders meeting,,https://nsearchives.nseindia.com/corporate/VEEKAYEM_02102026130603_voting_signed_merged.pdf
Apollo Micro Systems Limited,APOLLO,NSE,2026-10-02T13:06:46,announcement,Shareholders meeting,,https://nsearchives.nseindia.com/corporate/APOLLO_02102026130615_AMS_EVOTING_RESULTS_29TH_AGM.pdf
Agastya Energy and Infrastructure Limited,AGASTYAEN,NSE,2026-10-02T13:05:53,announcement,Corrigendum,,https://nsearchives.nseindia.com/corporate/SANGINITA_02102026130538_Intimation_SE_Correigendum.pdf
Shreeji Global FMCG Limited,SHETHJI,NSE,2026-10-02T13:03:50,announcement,Credit Rating,,https://nsearchives.nseindia.com/corporate/SHREEJIGLOBAL_02102026124609_Intimation_of_Credit_Rating_sd.pdf
Mohit Industries Limited,MOHITIND,NSE,2026-10-02T13:02:31,announcement,Shareholders meeting,,https://nsearchives.nseindia.com/corporate/MOHITIND_02102026130220_MILScrutinizerReport02102026.pdf
R M Drip and Sprinklers Systems Limited,RMDRIP,NSE,2026-10-02T12:53:49,announcement,Shareholders meeting,,https://nsearchives.nseindia.com/corporate/RMDRIP_02102026125339_VotingResults.pdf
Mazagon Dock Shipbuilders Limited,MAZDOCK,NSE,2026-10-02T12:53:31,announcement,Rumour Verification - Regulation 30(11),,https://nsearchives.nseindia.com/corporate/MAZDOCK_02102026125315_Rumour_Verification_Tamil_Nadu_Project.PDF
Aavas Financiers Limited,AAVAS,NSE,2026-10-02T12:49:21,announcement,Copy of Newspaper Publication,,https://nsearchives.nseindia.com/corporate/AAVAS_02102026124856_NewspaperIntimation.pdf
Ideaforge Technology Limited,IDEAFORGE,NSE,2026-10-02T12:48:54,announcement,Pendency of Litigation(s)/dispute(s) or the outcome impacting the Company,,https://nsearchives.nseindia.com/corporate/IDEAFORGE_02102026124842_Intimation_Reg_30_GST_Order.pdf
Eppeltone Engineers Limited,EEPL,NSE,2026-10-02T12:47:00,announcement,Bagging/Receiving of orders/contracts,,https://nsearchives.nseindia.com/corporate/EPPELTONE_02102026124651_Intimation_final.pdf
Zodiac Clothing Company Limited,ZODIACLOTH,NSE,2026-10-02T12:46:04,announcement,"Certificate under SEBI (Depositories and Participants) Regulations, 2018",,https://nsearchives.nseindia.com/corporate/ZODIACLOTH_02102026124530_Disclosure74530092026sd.pdf
Pranav Constructions Limited,PRANAV,NSE,2026-10-02T12:35:14,announcement,General Updates,,https://nsearchives.nseindia.com/corporate/PCPL_02102026123432_Investor_Presentation_02102026.pdf
Sat Kartar Life Limited,SATKARTAR,NSE,2026-10-02T12:32:41,announcement,Copy of Newspaper Publication,,https://nsearchives.nseindia.com/corporate/SATKARTAR_02102026122705_Sat_Kartar___Newspaper_Publication.pdf
Tokyo Plast International Limited,TOKYOPLAST,NSE,2026-10-02T12:30:07,announcement,Shareholders meeting,,https://nsearchives.nseindia.com/corporate/TOKYOPLAST_02102026122923_doc.pdf
Chavda Infra Limited,CHAVDA,NSE,2026-10-02T12:27:43,announcement,Credit Rating,,https://nsearchives.nseindia.com/corporate/CHAVDA_02102026122729_Covering_Letter_and_report__1_.pdf
Manomay Tex India Limited,MANOMAY,NSE,2026-10-02T12:24:52,announcement,Structural Digital Database,,https://nsearchives.nseindia.com/corporate/MANOMAY_02102026122442_Annexure_A__1_.pdf
Sambhv Steel Tubes Limited,SAMBHV,NSE,2026-10-02T12:21:06,announcement,Press Release,,https://nsearchives.nseindia.com/corporate/SAMBHAV2024_02102026122049_Sales_Volume_Update_Q2FY27.pdf
ZF Commercial Vehicle Control Systems India Limited,ZFCVINDIA,NSE,2026-10-02T12:20:23,announcement,Action(s) taken or orders passed,,https://nsearchives.nseindia.com/corporate/WABCOINDIA_02102026121940_sd-SEIntimation.pdf
Moving Media Entertainment Limited,MMEL,NSE,2026-10-02T12:16:53,announcement,Shareholders meeting,,https://nsearchives.nseindia.com/corporate/MOVINGMEDIA_02102026121646_Voting_results_and_scrutinizer_report_MMEL.pdf
NFP Sampoorna Foods Limited,NFPSAMPOOR,NSE,2026-10-02T12:05:33,announcement,Copy of Newspaper Publication,,https://nsearchives.nseindia.com/corporate/NFPSAMPOORNA_02102026120326_Intimation_of_Newspaper_Publication.pdf
AvenuesAI Limited,CCAVENUE,NSE,2026-10-02T12:05:05,announcement,Copy of Newspaper Publication,,https://nsearchives.nseindia.com/corporate/INFIBEAM_02102026120401_IntimationNewspaperAdv02102026.pdf
Rbm Infracon Limited,RBMINFRA,NSE,2026-10-02T12:02:43,announcement,Shareholders meeting,,https://nsearchives.nseindia.com/corporate/RBMINFRACON_02102026120148_Voting_Results_SCR.pdf
Shreeji Shipping Global Limited,SHREEJISPG,NSE,2026-10-02T11:58:14,announcement,Updates,,https://nsearchives.nseindia.com/corporate/SHREEJI_02102026115652_COMPLETION_OF_SALE.pdf
UFLEX Limited,UFLEX,NSE,2026-10-02T11:55:34,announcement,Copy of Newspaper Publication,,https://nsearchives.nseindia.com/corporate/ChetanSharma_02102026115519_SELETTERNEWSPAPERADVPOSTALBALLOTDISPATCH.pdf
Virtuoso Optoelectronics Limited,VOEPL,NSE,2026-10-02T11:50:13,announcement,Analysts/Institutional Investor Meet/Con. Call Updates,,https://nsearchives.nseindia.com/corporate/VIRTUOSO_02102026115003_PDF.pdf
ADF Foods Limited,ADFFOODS,NSE,2026-10-02T11:49:30,announcement,Press Release,,https://nsearchives.nseindia.com/corporate/ADFFOODS1_02102026114824_ADF_Pressrelease_02102026.pdf
Premier Explosives Limited,PREMEXPLN,NSE,2026-10-02T11:49:13,announcement,General Updates,,https://nsearchives.nseindia.com/corporate/PREMEXPLN_02102026114804_BSENSEIDCRecomNewspaperPublication02102026.pdf
Varroc Engineering Limited,VARROC,NSE,2026-10-02T11:40:25,announcement,Statement of deviation(s) or variation(s) under Reg. 32,,https://nsearchives.nseindia.com/corporate/VARROC_02102026114008_Nil_Deviation_Statement.pdf
Agni Green Power Limited,AGNI,NSE,2026-10-02T11:38:06,announcement,Trading Window,,https://nsearchives.nseindia.com/corporate/AGNI_02102026113748_twca.pdf
Setco Automotive Limited,SETCO,NSE,2026-10-02T11:32:52,announcement,Shareholders meeting,,https://nsearchives.nseindia.com/corporate/SETCO_02102026112740_Votingresult02102026.pdf
Chandan Healthcare Limited,CHANDAN,NSE,2026-10-02T11:31:53,announcement,Shareholders meeting,,https://nsearchives.nseindia.com/corporate/CHANDAN_02102026113119_NSE_Disclosure_Signed.pdf
ICSA (India) Limited,ICSA,NSE,2026-10-02T11:31:36,announcement,Trading Window,,https://nsearchives.nseindia.com/corporate/ICSA_02102026113109_Closure_of_Trading_Sep.pdf
Gabriel India Limited,GABRIEL,NSE,2026-10-02T11:26:10,announcement,Copy of Newspaper Publication,,https://nsearchives.nseindia.com/corporate/GABRIEL_02102026112554_SE_Intimation.pdf
ESAF Small Finance Bank Limited,ESAFSFB,NSE,2026-10-02T11:18:49,announcement,General Updates,,https://nsearchives.nseindia.com/corporate/esfb_02102026111832_Intimation_of_ESG_Rating.pdf
DIC India Limited,DICIND,NSE,2026-10-02T11:03:21,announcement,Copy of Newspaper Publication,,https://nsearchives.nseindia.com/corporate/DICIND_02102026110312_Newspaper_Publication_sd.pdf
Varroc Engineering Limited,VARROC,NSE,2026-10-02T11:02:13,announcement,General Updates,,https://nsearchives.nseindia.com/corporate/VARROC_02102026110208_CertificateCFO_CP.pdf
Crop Life Science Limited,CLSL,NSE,2026-10-02T11:01:29,announcement,"Certificate under SEBI (Depositories and Participants) Regulations, 2018",,https://nsearchives.nseindia.com/corporate/CROPLIFE_02102026110117_Regulation7430092026.pdf
Pricol Limited,PRICOLLTD,NSE,2026-10-02T11:00:30,announcement,Credit Rating,,https://nsearchives.nseindia.com/corporate/PRICOLLTD_02102026110008_sedisclosurecreditrating.pdf
Varroc Engineering Limited,VARROC,NSE,2026-10-02T10:59:56,announcement,General Updates,,https://nsearchives.nseindia.com/corporate/VARROC_02102026105950_Submission_of_details_of_Compliance_officer_RTA.pdf
Transformers And Rectifiers (India) Limited,TARIL,NSE,2026-10-02T10:54:30,announcement,Bagging/Receiving of orders/contracts,,https://nsearchives.nseindia.com/corporate/TRIL_02102026105327_IntimationofOrder02102026.pdf
Nandani Creation Limited,JAIPURKURT,NSE,2026-10-02T10:34:30,announcement,Press Release,,https://nsearchives.nseindia.com/corporate/JAIPURKURT_02102026103053_PRESSRELEASE.pdf
Victory Electric Vehicles International Limited,VICTORYEV,NSE,2026-10-02T10:23:12,announcement,Shareholders meeting,,https://nsearchives.nseindia.com/corporate/VICTRORYELECTRIC_02102026102159_Scrutinizer_Report.pdf
Aether Industries Limited,AETHER,NSE,2026-10-02T10:13:32,announcement,General Updates,,https://nsearchives.nseindia.com/corporate/AETHER_02102026101322_3.pdf
Adani Ports and Special Economic Zone Limited,ADANIPORTS,NSE,2026-10-02T09:58:32,announcement,Monthly Business Updates,,https://nsearchives.nseindia.com/corporate/rkbhagia_02102026095818_SEINTIMATION.pdf
DIC India Limited,DICIND,NSE,2026-10-02T09:49:43,announcement,Pendency of Litigation(s)/dispute(s) or the outcome impacting the Company,,https://nsearchives.nseindia.com/corporate/DICIND_02102026094836_Disclosure_DRP_Directions_sd.pdf
Godavari Biorefineries Limited,GODAVARIB,NSE,2026-10-02T09:04:04,announcement,General Updates,,https://nsearchives.nseindia.com/corporate/GODAVARIBIO_02102026090356_Intimation_to_SE.pdf
Ravindra Energy Limited,RELTD,NSE,2026-10-02T08:23:07,announcement,General Updates,,https://nsearchives.nseindia.com/corporate/RAVINDRA_02102026082244_uploadnse.pdf
Bharat Road Network Limited,BRNL,NSE,2026-10-02T00:55:31,announcement,Shareholders meeting,,https://nsearchives.nseindia.com/corporate/BRNL_02102026005518_scrutinisereport.pdf
Bajaj Electricals Limited,BAJAJELEC,NSE,2026-10-02T00:12:25,announcement,General Updates,,https://nsearchives.nseindia.com/corporate/BAJAJELEC_02102026001203_SignedSEIntimation4095Update01102026.pdf
